ISO-10303-21;
HEADER;
FILE_DESCRIPTION(('KiCad electronic assembly'),'2;1');
FILE_NAME('.step','2026-04-24T16:25:12',('Pcbnew'),('Kicad'),
  'Open CASCADE STEP processor 7.9','KiCad to STEP converter','Unknown'
  );
FILE_SCHEMA(('AUTOMOTIVE_DESIGN { 1 0 10303 214 1 1 1 1 }'));
ENDSEC;
DATA;
#1 = APPLICATION_PROTOCOL_DEFINITION('international standard',
  'automotive_design',2000,#2);
#2 = APPLICATION_CONTEXT(
  'core data for automotive mechanical design processes');
#3 = SHAPE_DEFINITION_REPRESENTATION(#4,#10);
#4 = PRODUCT_DEFINITION_SHAPE('','',#5);
#5 = PRODUCT_DEFINITION('design','',#6,#9);
#6 = PRODUCT_DEFINITION_FORMATION('','',#7);
#7 = PRODUCT('.step 1','.step 1','',(#8));
#8 = PRODUCT_CONTEXT('',#2,'mechanical');
#9 = PRODUCT_DEFINITION_CONTEXT('part definition',#2,'design');
#10 = SHAPE_REPRESENTATION('',(#11,#15,#19,#23,#27,#31,#35,#39,#43,#47,
    #51,#55,#59,#63,#67,#71,#75,#79,#83),#87);
#11 = AXIS2_PLACEMENT_3D('',#12,#13,#14);
#12 = CARTESIAN_POINT('',(0.,0.,0.));
#13 = DIRECTION('',(0.,0.,1.));
#14 = DIRECTION('',(1.,0.,-0.));
#15 = AXIS2_PLACEMENT_3D('',#16,#17,#18);
#16 = CARTESIAN_POINT('',(174.0625,-95.69,1.595));
#17 = DIRECTION('',(0.,0.,1.));
#18 = DIRECTION('',(-1.,1.224646799147E-16,0.));
#19 = AXIS2_PLACEMENT_3D('',#20,#21,#22);
#20 = CARTESIAN_POINT('',(121.46,-118.7925,1.595));
#21 = DIRECTION('',(0.,-1.,1.110223024625E-16));
#22 = DIRECTION('',(1.,0.,0.));
#23 = AXIS2_PLACEMENT_3D('',#24,#25,#26);
#24 = CARTESIAN_POINT('',(138.24,-108.315,1.595));
#25 = DIRECTION('',(-0.,0.,1.));
#26 = DIRECTION('',(1.110223024625E-16,-1.,0.));
#27 = AXIS2_PLACEMENT_3D('',#28,#29,#30);
#28 = CARTESIAN_POINT('',(173.35,-99.6,1.595));
#29 = DIRECTION('',(0.,0.,1.));
#30 = DIRECTION('',(-1.,1.224646799147E-16,0.));
#31 = AXIS2_PLACEMENT_3D('',#32,#33,#34);
#32 = CARTESIAN_POINT('',(176.1525,-107.9,1.595));
#33 = DIRECTION('',(0.,0.,1.));
#34 = DIRECTION('',(-1.,1.224646799147E-16,0.));
#35 = AXIS2_PLACEMENT_3D('',#36,#37,#38);
#36 = CARTESIAN_POINT('',(178.422501,-98.97,1.595));
#37 = DIRECTION('',(-0.,0.,1.));
#38 = DIRECTION('',(1.110223024625E-16,-1.,0.));
#39 = AXIS2_PLACEMENT_3D('',#40,#41,#42);
#40 = CARTESIAN_POINT('',(178.4325,-103.29,1.595));
#41 = DIRECTION('',(0.,0.,1.));
#42 = DIRECTION('',(1.,0.,0.));
#43 = AXIS2_PLACEMENT_3D('',#44,#45,#46);
#44 = CARTESIAN_POINT('',(165.75,-101.49,1.595));
#45 = DIRECTION('',(0.,-1.,1.110223024625E-16));
#46 = DIRECTION('',(1.,0.,0.));
#47 = AXIS2_PLACEMENT_3D('',#48,#49,#50);
#48 = CARTESIAN_POINT('',(190.1525,-103.5,1.595));
#49 = DIRECTION('',(1.,-1.110223024625E-16,1.110223024625E-16));
#50 = DIRECTION('',(1.110223024625E-16,1.,0.));
#51 = AXIS2_PLACEMENT_3D('',#52,#53,#54);
#52 = CARTESIAN_POINT('',(167.175,-109.71,1.595));
#53 = DIRECTION('',(0.,0.,1.));
#54 = DIRECTION('',(1.,0.,0.));
#55 = AXIS2_PLACEMENT_3D('',#56,#57,#58);
#56 = CARTESIAN_POINT('',(156.14,-108.395,1.595));
#57 = DIRECTION('',(-0.,0.,1.));
#58 = DIRECTION('',(1.110223024625E-16,-1.,0.));
#59 = AXIS2_PLACEMENT_3D('',#60,#61,#62);
#60 = CARTESIAN_POINT('',(173.35,-101.8,1.595));
#61 = DIRECTION('',(0.,0.,1.));
#62 = DIRECTION('',(1.,0.,0.));
#63 = AXIS2_PLACEMENT_3D('',#64,#65,#66);
#64 = CARTESIAN_POINT('',(139.38,-118.77,1.595));
#65 = DIRECTION('',(0.,-1.,1.110223024625E-16));
#66 = DIRECTION('',(1.,0.,0.));
#67 = AXIS2_PLACEMENT_3D('',#68,#69,#70);
#68 = CARTESIAN_POINT('',(180.485,-109.72,1.595));
#69 = DIRECTION('',(0.,0.,1.));
#70 = DIRECTION('',(-1.,1.224646799147E-16,0.));
#71 = AXIS2_PLACEMENT_3D('',#72,#73,#74);
#72 = CARTESIAN_POINT('',(120.01,-108.105,1.595));
#73 = DIRECTION('',(-0.,0.,1.));
#74 = DIRECTION('',(1.110223024625E-16,-1.,0.));
#75 = AXIS2_PLACEMENT_3D('',#76,#77,#78);
#76 = CARTESIAN_POINT('',(174.92,-118.7525,1.595));
#77 = DIRECTION('',(0.,-1.,1.110223024625E-16));
#78 = DIRECTION('',(1.,0.,0.));
#79 = AXIS2_PLACEMENT_3D('',#80,#81,#82);
#80 = CARTESIAN_POINT('',(157.11,-118.79,1.595));
#81 = DIRECTION('',(0.,-1.,1.110223024625E-16));
#82 = DIRECTION('',(1.,0.,0.));
#83 = AXIS2_PLACEMENT_3D('',#84,#85,#86);
#84 = CARTESIAN_POINT('',(0.,0.,0.));
#85 = DIRECTION('',(0.,0.,1.));
#86 = DIRECTION('',(1.,0.,-0.));
#87 = ( GEOMETRIC_REPRESENTATION_CONTEXT(3) 
GLOBAL_UNCERTAINTY_ASSIGNED_CONTEXT((#91)) GLOBAL_UNIT_ASSIGNED_CONTEXT(
(#88,#89,#90)) REPRESENTATION_CONTEXT('Context #1',
  '3D Context with UNIT and UNCERTAINTY') );
#88 = ( LENGTH_UNIT() NAMED_UNIT(*) SI_UNIT(.MILLI.,.METRE.) );
#89 = ( NAMED_UNIT(*) PLANE_ANGLE_UNIT() SI_UNIT($,.RADIAN.) );
#90 = ( NAMED_UNIT(*) SI_UNIT($,.STERADIAN.) SOLID_ANGLE_UNIT() );
#91 = UNCERTAINTY_MEASURE_WITH_UNIT(LENGTH_MEASURE(5.E-07),#88,
  'distance_accuracy_value','confusion accuracy');
#92 = PRODUCT_RELATED_PRODUCT_CATEGORY('part',$,(#7));
#93 = SHAPE_DEFINITION_REPRESENTATION(#94,#100);
#94 = PRODUCT_DEFINITION_SHAPE('','',#95);
#95 = PRODUCT_DEFINITION('design','',#96,#99);
#96 = PRODUCT_DEFINITION_FORMATION('','',#97);
#97 = PRODUCT('C_0805_2012Metric','C_0805_2012Metric','',(#98));
#98 = PRODUCT_CONTEXT('',#2,'mechanical');
#99 = PRODUCT_DEFINITION_CONTEXT('part definition',#2,'design');
#100 = ADVANCED_BREP_SHAPE_REPRESENTATION('',(#11,#101),#955);
#101 = MANIFOLD_SOLID_BREP('',#102);
#102 = CLOSED_SHELL('',(#103,#179,#210,#235,#260,#284,#308,#333,#358,
    #375,#461,#493,#517,#542,#566,#591,#615,#640,#657,#743,#774,#799,
    #824,#848,#872,#897,#922,#939));
#103 = ADVANCED_FACE('',(#104),#174,.F.);
#104 = FACE_BOUND('',#105,.F.);
#105 = EDGE_LOOP('',(#106,#116,#125,#133,#142,#150,#159,#167));
#106 = ORIENTED_EDGE('',*,*,#107,.F.);
#107 = EDGE_CURVE('',#108,#110,#112,.T.);
#108 = VERTEX_POINT('',#109);
#109 = CARTESIAN_POINT('',(-1.,-0.625,4.E-02));
#110 = VERTEX_POINT('',#111);
#111 = CARTESIAN_POINT('',(-1.,-0.625,1.21));
#112 = LINE('',#113,#114);
#113 = CARTESIAN_POINT('',(-1.,-0.625,0.));
#114 = VECTOR('',#115,1.);
#115 = DIRECTION('',(0.,0.,1.));
#116 = ORIENTED_EDGE('',*,*,#117,.T.);
#117 = EDGE_CURVE('',#108,#118,#120,.T.);
#118 = VERTEX_POINT('',#119);
#119 = CARTESIAN_POINT('',(-1.,-0.585,0.));
#120 = CIRCLE('',#121,4.E-02);
#121 = AXIS2_PLACEMENT_3D('',#122,#123,#124);
#122 = CARTESIAN_POINT('',(-1.,-0.585,4.E-02));
#123 = DIRECTION('',(1.,0.,-0.));
#124 = DIRECTION('',(0.,0.,1.));
#125 = ORIENTED_EDGE('',*,*,#126,.T.);
#126 = EDGE_CURVE('',#118,#127,#129,.T.);
#127 = VERTEX_POINT('',#128);
#128 = CARTESIAN_POINT('',(-1.,0.585,0.));
#129 = LINE('',#130,#131);
#130 = CARTESIAN_POINT('',(-1.,-0.625,0.));
#131 = VECTOR('',#132,1.);
#132 = DIRECTION('',(0.,1.,0.));
#133 = ORIENTED_EDGE('',*,*,#134,.F.);
#134 = EDGE_CURVE('',#135,#127,#137,.T.);
#135 = VERTEX_POINT('',#136);
#136 = CARTESIAN_POINT('',(-1.,0.625,4.E-02));
#137 = CIRCLE('',#138,4.E-02);
#138 = AXIS2_PLACEMENT_3D('',#139,#140,#141);
#139 = CARTESIAN_POINT('',(-1.,0.585,4.E-02));
#140 = DIRECTION('',(-1.,0.,0.));
#141 = DIRECTION('',(0.,0.,1.));
#142 = ORIENTED_EDGE('',*,*,#143,.T.);
#143 = EDGE_CURVE('',#135,#144,#146,.T.);
#144 = VERTEX_POINT('',#145);
#145 = CARTESIAN_POINT('',(-1.,0.625,1.21));
#146 = LINE('',#147,#148);
#147 = CARTESIAN_POINT('',(-1.,0.625,0.));
#148 = VECTOR('',#149,1.);
#149 = DIRECTION('',(0.,0.,1.));
#150 = ORIENTED_EDGE('',*,*,#151,.T.);
#151 = EDGE_CURVE('',#144,#152,#154,.T.);
#152 = VERTEX_POINT('',#153);
#153 = CARTESIAN_POINT('',(-1.,0.585,1.25));
#154 = CIRCLE('',#155,4.E-02);
#155 = AXIS2_PLACEMENT_3D('',#156,#157,#158);
#156 = CARTESIAN_POINT('',(-1.,0.585,1.21));
#157 = DIRECTION('',(1.,0.,-0.));
#158 = DIRECTION('',(0.,0.,1.));
#159 = ORIENTED_EDGE('',*,*,#160,.F.);
#160 = EDGE_CURVE('',#161,#152,#163,.T.);
#161 = VERTEX_POINT('',#162);
#162 = CARTESIAN_POINT('',(-1.,-0.585,1.25));
#163 = LINE('',#164,#165);
#164 = CARTESIAN_POINT('',(-1.,-0.625,1.25));
#165 = VECTOR('',#166,1.);
#166 = DIRECTION('',(0.,1.,0.));
#167 = ORIENTED_EDGE('',*,*,#168,.F.);
#168 = EDGE_CURVE('',#110,#161,#169,.T.);
#169 = CIRCLE('',#170,4.E-02);
#170 = AXIS2_PLACEMENT_3D('',#171,#172,#173);
#171 = CARTESIAN_POINT('',(-1.,-0.585,1.21));
#172 = DIRECTION('',(-1.,0.,0.));
#173 = DIRECTION('',(0.,0.,1.));
#174 = PLANE('',#175);
#175 = AXIS2_PLACEMENT_3D('',#176,#177,#178);
#176 = CARTESIAN_POINT('',(-1.,-0.625,0.));
#177 = DIRECTION('',(1.,0.,0.));
#178 = DIRECTION('',(0.,0.,1.));
#179 = ADVANCED_FACE('',(#180),#205,.F.);
#180 = FACE_BOUND('',#181,.F.);
#181 = EDGE_LOOP('',(#182,#192,#198,#199));
#182 = ORIENTED_EDGE('',*,*,#183,.F.);
#183 = EDGE_CURVE('',#184,#186,#188,.T.);
#184 = VERTEX_POINT('',#185);
#185 = CARTESIAN_POINT('',(-0.6,-0.625,4.E-02));
#186 = VERTEX_POINT('',#187);
#187 = CARTESIAN_POINT('',(-0.6,-0.625,1.21));
#188 = LINE('',#189,#190);
#189 = CARTESIAN_POINT('',(-0.6,-0.625,0.));
#190 = VECTOR('',#191,1.);
#191 = DIRECTION('',(0.,0.,1.));
#192 = ORIENTED_EDGE('',*,*,#193,.F.);
#193 = EDGE_CURVE('',#108,#184,#194,.T.);
#194 = LINE('',#195,#196);
#195 = CARTESIAN_POINT('',(-1.,-0.625,4.E-02));
#196 = VECTOR('',#197,1.);
#197 = DIRECTION('',(1.,0.,0.));
#198 = ORIENTED_EDGE('',*,*,#107,.T.);
#199 = ORIENTED_EDGE('',*,*,#200,.T.);
#200 = EDGE_CURVE('',#110,#186,#201,.T.);
#201 = LINE('',#202,#203);
#202 = CARTESIAN_POINT('',(-1.,-0.625,1.21));
#203 = VECTOR('',#204,1.);
#204 = DIRECTION('',(1.,0.,0.));
#205 = PLANE('',#206);
#206 = AXIS2_PLACEMENT_3D('',#207,#208,#209);
#207 = CARTESIAN_POINT('',(-1.,-0.625,0.));
#208 = DIRECTION('',(0.,1.,0.));
#209 = DIRECTION('',(0.,-0.,1.));
#210 = ADVANCED_FACE('',(#211),#230,.T.);
#211 = FACE_BOUND('',#212,.T.);
#212 = EDGE_LOOP('',(#213,#214,#222,#229));
#213 = ORIENTED_EDGE('',*,*,#117,.T.);
#214 = ORIENTED_EDGE('',*,*,#215,.T.);
#215 = EDGE_CURVE('',#118,#216,#218,.T.);
#216 = VERTEX_POINT('',#217);
#217 = CARTESIAN_POINT('',(-0.6,-0.585,0.));
#218 = LINE('',#219,#220);
#219 = CARTESIAN_POINT('',(-1.,-0.585,0.));
#220 = VECTOR('',#221,1.);
#221 = DIRECTION('',(1.,0.,0.));
#222 = ORIENTED_EDGE('',*,*,#223,.F.);
#223 = EDGE_CURVE('',#184,#216,#224,.T.);
#224 = CIRCLE('',#225,4.E-02);
#225 = AXIS2_PLACEMENT_3D('',#226,#227,#228);
#226 = CARTESIAN_POINT('',(-0.6,-0.585,4.E-02));
#227 = DIRECTION('',(1.,0.,-0.));
#228 = DIRECTION('',(0.,0.,1.));
#229 = ORIENTED_EDGE('',*,*,#193,.F.);
#230 = CYLINDRICAL_SURFACE('',#231,4.E-02);
#231 = AXIS2_PLACEMENT_3D('',#232,#233,#234);
#232 = CARTESIAN_POINT('',(-1.,-0.585,4.E-02));
#233 = DIRECTION('',(1.,0.,0.));
#234 = DIRECTION('',(0.,-1.,0.));
#235 = ADVANCED_FACE('',(#236),#255,.T.);
#236 = FACE_BOUND('',#237,.T.);
#237 = EDGE_LOOP('',(#238,#239,#248,#254));
#238 = ORIENTED_EDGE('',*,*,#200,.T.);
#239 = ORIENTED_EDGE('',*,*,#240,.T.);
#240 = EDGE_CURVE('',#186,#241,#243,.T.);
#241 = VERTEX_POINT('',#242);
#242 = CARTESIAN_POINT('',(-0.6,-0.585,1.25));
#243 = CIRCLE('',#244,4.E-02);
#244 = AXIS2_PLACEMENT_3D('',#245,#246,#247);
#245 = CARTESIAN_POINT('',(-0.6,-0.585,1.21));
#246 = DIRECTION('',(-1.,0.,0.));
#247 = DIRECTION('',(0.,0.,1.));
#248 = ORIENTED_EDGE('',*,*,#249,.F.);
#249 = EDGE_CURVE('',#161,#241,#250,.T.);
#250 = LINE('',#251,#252);
#251 = CARTESIAN_POINT('',(-1.,-0.585,1.25));
#252 = VECTOR('',#253,1.);
#253 = DIRECTION('',(1.,0.,0.));
#254 = ORIENTED_EDGE('',*,*,#168,.F.);
#255 = CYLINDRICAL_SURFACE('',#256,4.E-02);
#256 = AXIS2_PLACEMENT_3D('',#257,#258,#259);
#257 = CARTESIAN_POINT('',(-1.,-0.585,1.21));
#258 = DIRECTION('',(1.,0.,0.));
#259 = DIRECTION('',(0.,-1.,0.));
#260 = ADVANCED_FACE('',(#261),#279,.F.);
#261 = FACE_BOUND('',#262,.F.);
#262 = EDGE_LOOP('',(#263,#264,#265,#273));
#263 = ORIENTED_EDGE('',*,*,#126,.F.);
#264 = ORIENTED_EDGE('',*,*,#215,.T.);
#265 = ORIENTED_EDGE('',*,*,#266,.T.);
#266 = EDGE_CURVE('',#216,#267,#269,.T.);
#267 = VERTEX_POINT('',#268);
#268 = CARTESIAN_POINT('',(-0.6,0.585,0.));
#269 = LINE('',#270,#271);
#270 = CARTESIAN_POINT('',(-0.6,-0.625,0.));
#271 = VECTOR('',#272,1.);
#272 = DIRECTION('',(0.,1.,0.));
#273 = ORIENTED_EDGE('',*,*,#274,.F.);
#274 = EDGE_CURVE('',#127,#267,#275,.T.);
#275 = LINE('',#276,#277);
#276 = CARTESIAN_POINT('',(-1.,0.585,0.));
#277 = VECTOR('',#278,1.);
#278 = DIRECTION('',(1.,0.,0.));
#279 = PLANE('',#280);
#280 = AXIS2_PLACEMENT_3D('',#281,#282,#283);
#281 = CARTESIAN_POINT('',(-1.,-0.625,0.));
#282 = DIRECTION('',(0.,0.,1.));
#283 = DIRECTION('',(1.,0.,-0.));
#284 = ADVANCED_FACE('',(#285),#303,.T.);
#285 = FACE_BOUND('',#286,.T.);
#286 = EDGE_LOOP('',(#287,#288,#289,#297));
#287 = ORIENTED_EDGE('',*,*,#160,.F.);
#288 = ORIENTED_EDGE('',*,*,#249,.T.);
#289 = ORIENTED_EDGE('',*,*,#290,.T.);
#290 = EDGE_CURVE('',#241,#291,#293,.T.);
#291 = VERTEX_POINT('',#292);
#292 = CARTESIAN_POINT('',(-0.6,0.585,1.25));
#293 = LINE('',#294,#295);
#294 = CARTESIAN_POINT('',(-0.6,-0.625,1.25));
#295 = VECTOR('',#296,1.);
#296 = DIRECTION('',(0.,1.,0.));
#297 = ORIENTED_EDGE('',*,*,#298,.F.);
#298 = EDGE_CURVE('',#152,#291,#299,.T.);
#299 = LINE('',#300,#301);
#300 = CARTESIAN_POINT('',(-1.,0.585,1.25));
#301 = VECTOR('',#302,1.);
#302 = DIRECTION('',(1.,0.,0.));
#303 = PLANE('',#304);
#304 = AXIS2_PLACEMENT_3D('',#305,#306,#307);
#305 = CARTESIAN_POINT('',(-1.,-0.625,1.25));
#306 = DIRECTION('',(0.,0.,1.));
#307 = DIRECTION('',(1.,0.,-0.));
#308 = ADVANCED_FACE('',(#309),#328,.T.);
#309 = FACE_BOUND('',#310,.T.);
#310 = EDGE_LOOP('',(#311,#319,#326,#327));
#311 = ORIENTED_EDGE('',*,*,#312,.T.);
#312 = EDGE_CURVE('',#135,#313,#315,.T.);
#313 = VERTEX_POINT('',#314);
#314 = CARTESIAN_POINT('',(-0.6,0.625,4.E-02));
#315 = LINE('',#316,#317);
#316 = CARTESIAN_POINT('',(-1.,0.625,4.E-02));
#317 = VECTOR('',#318,1.);
#318 = DIRECTION('',(1.,0.,0.));
#319 = ORIENTED_EDGE('',*,*,#320,.T.);
#320 = EDGE_CURVE('',#313,#267,#321,.T.);
#321 = CIRCLE('',#322,4.E-02);
#322 = AXIS2_PLACEMENT_3D('',#323,#324,#325);
#323 = CARTESIAN_POINT('',(-0.6,0.585,4.E-02));
#324 = DIRECTION('',(-1.,0.,0.));
#325 = DIRECTION('',(0.,0.,1.));
#326 = ORIENTED_EDGE('',*,*,#274,.F.);
#327 = ORIENTED_EDGE('',*,*,#134,.F.);
#328 = CYLINDRICAL_SURFACE('',#329,4.E-02);
#329 = AXIS2_PLACEMENT_3D('',#330,#331,#332);
#330 = CARTESIAN_POINT('',(-1.,0.585,4.E-02));
#331 = DIRECTION('',(1.,0.,0.));
#332 = DIRECTION('',(-0.,1.,0.));
#333 = ADVANCED_FACE('',(#334),#353,.T.);
#334 = FACE_BOUND('',#335,.T.);
#335 = EDGE_LOOP('',(#336,#337,#338,#347));
#336 = ORIENTED_EDGE('',*,*,#151,.T.);
#337 = ORIENTED_EDGE('',*,*,#298,.T.);
#338 = ORIENTED_EDGE('',*,*,#339,.F.);
#339 = EDGE_CURVE('',#340,#291,#342,.T.);
#340 = VERTEX_POINT('',#341);
#341 = CARTESIAN_POINT('',(-0.6,0.625,1.21));
#342 = CIRCLE('',#343,4.E-02);
#343 = AXIS2_PLACEMENT_3D('',#344,#345,#346);
#344 = CARTESIAN_POINT('',(-0.6,0.585,1.21));
#345 = DIRECTION('',(1.,0.,-0.));
#346 = DIRECTION('',(0.,0.,1.));
#347 = ORIENTED_EDGE('',*,*,#348,.F.);
#348 = EDGE_CURVE('',#144,#340,#349,.T.);
#349 = LINE('',#350,#351);
#350 = CARTESIAN_POINT('',(-1.,0.625,1.21));
#351 = VECTOR('',#352,1.);
#352 = DIRECTION('',(1.,0.,0.));
#353 = CYLINDRICAL_SURFACE('',#354,4.E-02);
#354 = AXIS2_PLACEMENT_3D('',#355,#356,#357);
#355 = CARTESIAN_POINT('',(-1.,0.585,1.21));
#356 = DIRECTION('',(1.,0.,0.));
#357 = DIRECTION('',(-0.,1.,0.));
#358 = ADVANCED_FACE('',(#359),#370,.T.);
#359 = FACE_BOUND('',#360,.T.);
#360 = EDGE_LOOP('',(#361,#367,#368,#369));
#361 = ORIENTED_EDGE('',*,*,#362,.F.);
#362 = EDGE_CURVE('',#313,#340,#363,.T.);
#363 = LINE('',#364,#365);
#364 = CARTESIAN_POINT('',(-0.6,0.625,0.));
#365 = VECTOR('',#366,1.);
#366 = DIRECTION('',(0.,0.,1.));
#367 = ORIENTED_EDGE('',*,*,#312,.F.);
#368 = ORIENTED_EDGE('',*,*,#143,.T.);
#369 = ORIENTED_EDGE('',*,*,#348,.T.);
#370 = PLANE('',#371);
#371 = AXIS2_PLACEMENT_3D('',#372,#373,#374);
#372 = CARTESIAN_POINT('',(-1.,0.625,0.));
#373 = DIRECTION('',(0.,1.,0.));
#374 = DIRECTION('',(0.,-0.,1.));
#375 = ADVANCED_FACE('',(#376,#386),#456,.T.);
#376 = FACE_BOUND('',#377,.T.);
#377 = EDGE_LOOP('',(#378,#379,#380,#381,#382,#383,#384,#385));
#378 = ORIENTED_EDGE('',*,*,#183,.F.);
#379 = ORIENTED_EDGE('',*,*,#223,.T.);
#380 = ORIENTED_EDGE('',*,*,#266,.T.);
#381 = ORIENTED_EDGE('',*,*,#320,.F.);
#382 = ORIENTED_EDGE('',*,*,#362,.T.);
#383 = ORIENTED_EDGE('',*,*,#339,.T.);
#384 = ORIENTED_EDGE('',*,*,#290,.F.);
#385 = ORIENTED_EDGE('',*,*,#240,.F.);
#386 = FACE_BOUND('',#387,.T.);
#387 = EDGE_LOOP('',(#388,#399,#407,#416,#424,#433,#441,#450));
#388 = ORIENTED_EDGE('',*,*,#389,.F.);
#389 = EDGE_CURVE('',#390,#392,#394,.T.);
#390 = VERTEX_POINT('',#391);
#391 = CARTESIAN_POINT('',(-0.6,-0.585,8.E-02));
#392 = VERTEX_POINT('',#393);
#393 = CARTESIAN_POINT('',(-0.6,-0.545,4.E-02));
#394 = CIRCLE('',#395,4.E-02);
#395 = AXIS2_PLACEMENT_3D('',#396,#397,#398);
#396 = CARTESIAN_POINT('',(-0.6,-0.545,8.E-02));
#397 = DIRECTION('',(1.,0.,-0.));
#398 = DIRECTION('',(0.,0.,1.));
#399 = ORIENTED_EDGE('',*,*,#400,.T.);
#400 = EDGE_CURVE('',#390,#401,#403,.T.);
#401 = VERTEX_POINT('',#402);
#402 = CARTESIAN_POINT('',(-0.6,-0.585,1.17));
#403 = LINE('',#404,#405);
#404 = CARTESIAN_POINT('',(-0.6,-0.585,4.E-02));
#405 = VECTOR('',#406,1.);
#406 = DIRECTION('',(0.,0.,1.));
#407 = ORIENTED_EDGE('',*,*,#408,.T.);
#408 = EDGE_CURVE('',#401,#409,#411,.T.);
#409 = VERTEX_POINT('',#410);
#410 = CARTESIAN_POINT('',(-0.6,-0.545,1.21));
#411 = CIRCLE('',#412,4.E-02);
#412 = AXIS2_PLACEMENT_3D('',#413,#414,#415);
#413 = CARTESIAN_POINT('',(-0.6,-0.545,1.17));
#414 = DIRECTION('',(-1.,0.,0.));
#415 = DIRECTION('',(0.,0.,1.));
#416 = ORIENTED_EDGE('',*,*,#417,.T.);
#417 = EDGE_CURVE('',#409,#418,#420,.T.);
#418 = VERTEX_POINT('',#419);
#419 = CARTESIAN_POINT('',(-0.6,0.545,1.21));
#420 = LINE('',#421,#422);
#421 = CARTESIAN_POINT('',(-0.6,-0.585,1.21));
#422 = VECTOR('',#423,1.);
#423 = DIRECTION('',(0.,1.,0.));
#424 = ORIENTED_EDGE('',*,*,#425,.F.);
#425 = EDGE_CURVE('',#426,#418,#428,.T.);
#426 = VERTEX_POINT('',#427);
#427 = CARTESIAN_POINT('',(-0.6,0.585,1.17));
#428 = CIRCLE('',#429,4.E-02);
#429 = AXIS2_PLACEMENT_3D('',#430,#431,#432);
#430 = CARTESIAN_POINT('',(-0.6,0.545,1.17));
#431 = DIRECTION('',(1.,0.,-0.));
#432 = DIRECTION('',(0.,0.,1.));
#433 = ORIENTED_EDGE('',*,*,#434,.F.);
#434 = EDGE_CURVE('',#435,#426,#437,.T.);
#435 = VERTEX_POINT('',#436);
#436 = CARTESIAN_POINT('',(-0.6,0.585,8.E-02));
#437 = LINE('',#438,#439);
#438 = CARTESIAN_POINT('',(-0.6,0.585,4.E-02));
#439 = VECTOR('',#440,1.);
#440 = DIRECTION('',(0.,0.,1.));
#441 = ORIENTED_EDGE('',*,*,#442,.T.);
#442 = EDGE_CURVE('',#435,#443,#445,.T.);
#443 = VERTEX_POINT('',#444);
#444 = CARTESIAN_POINT('',(-0.6,0.545,4.E-02));
#445 = CIRCLE('',#446,4.E-02);
#446 = AXIS2_PLACEMENT_3D('',#447,#448,#449);
#447 = CARTESIAN_POINT('',(-0.6,0.545,8.E-02));
#448 = DIRECTION('',(-1.,0.,0.));
#449 = DIRECTION('',(0.,0.,1.));
#450 = ORIENTED_EDGE('',*,*,#451,.F.);
#451 = EDGE_CURVE('',#392,#443,#452,.T.);
#452 = LINE('',#453,#454);
#453 = CARTESIAN_POINT('',(-0.6,-0.585,4.E-02));
#454 = VECTOR('',#455,1.);
#455 = DIRECTION('',(0.,1.,0.));
#456 = PLANE('',#457);
#457 = AXIS2_PLACEMENT_3D('',#458,#459,#460);
#458 = CARTESIAN_POINT('',(-0.6,-0.625,0.));
#459 = DIRECTION('',(1.,0.,0.));
#460 = DIRECTION('',(0.,0.,1.));
#461 = ADVANCED_FACE('',(#462),#488,.T.);
#462 = FACE_BOUND('',#463,.T.);
#463 = EDGE_LOOP('',(#464,#465,#473,#482));
#464 = ORIENTED_EDGE('',*,*,#389,.T.);
#465 = ORIENTED_EDGE('',*,*,#466,.T.);
#466 = EDGE_CURVE('',#392,#467,#469,.T.);
#467 = VERTEX_POINT('',#468);
#468 = CARTESIAN_POINT('',(0.6,-0.545,4.E-02));
#469 = LINE('',#470,#471);
#470 = CARTESIAN_POINT('',(-0.6,-0.545,4.E-02));
#471 = VECTOR('',#472,1.);
#472 = DIRECTION('',(1.,0.,0.));
#473 = ORIENTED_EDGE('',*,*,#474,.F.);
#474 = EDGE_CURVE('',#475,#467,#477,.T.);
#475 = VERTEX_POINT('',#476);
#476 = CARTESIAN_POINT('',(0.6,-0.585,8.E-02));
#477 = CIRCLE('',#478,4.E-02);
#478 = AXIS2_PLACEMENT_3D('',#479,#480,#481);
#479 = CARTESIAN_POINT('',(0.6,-0.545,8.E-02));
#480 = DIRECTION('',(1.,0.,-0.));
#481 = DIRECTION('',(0.,0.,1.));
#482 = ORIENTED_EDGE('',*,*,#483,.F.);
#483 = EDGE_CURVE('',#390,#475,#484,.T.);
#484 = LINE('',#485,#486);
#485 = CARTESIAN_POINT('',(-0.6,-0.585,8.E-02));
#486 = VECTOR('',#487,1.);
#487 = DIRECTION('',(1.,0.,0.));
#488 = CYLINDRICAL_SURFACE('',#489,4.E-02);
#489 = AXIS2_PLACEMENT_3D('',#490,#491,#492);
#490 = CARTESIAN_POINT('',(-0.6,-0.545,8.E-02));
#491 = DIRECTION('',(1.,0.,0.));
#492 = DIRECTION('',(0.,-1.,0.));
#493 = ADVANCED_FACE('',(#494),#512,.F.);
#494 = FACE_BOUND('',#495,.F.);
#495 = EDGE_LOOP('',(#496,#497,#498,#506));
#496 = ORIENTED_EDGE('',*,*,#451,.F.);
#497 = ORIENTED_EDGE('',*,*,#466,.T.);
#498 = ORIENTED_EDGE('',*,*,#499,.T.);
#499 = EDGE_CURVE('',#467,#500,#502,.T.);
#500 = VERTEX_POINT('',#501);
#501 = CARTESIAN_POINT('',(0.6,0.545,4.E-02));
#502 = LINE('',#503,#504);
#503 = CARTESIAN_POINT('',(0.6,-0.585,4.E-02));
#504 = VECTOR('',#505,1.);
#505 = DIRECTION('',(0.,1.,0.));
#506 = ORIENTED_EDGE('',*,*,#507,.F.);
#507 = EDGE_CURVE('',#443,#500,#508,.T.);
#508 = LINE('',#509,#510);
#509 = CARTESIAN_POINT('',(-0.6,0.545,4.E-02));
#510 = VECTOR('',#511,1.);
#511 = DIRECTION('',(1.,0.,0.));
#512 = PLANE('',#513);
#513 = AXIS2_PLACEMENT_3D('',#514,#515,#516);
#514 = CARTESIAN_POINT('',(-0.6,-0.585,4.E-02));
#515 = DIRECTION('',(0.,0.,1.));
#516 = DIRECTION('',(1.,0.,-0.));
#517 = ADVANCED_FACE('',(#518),#537,.T.);
#518 = FACE_BOUND('',#519,.T.);
#519 = EDGE_LOOP('',(#520,#528,#535,#536));
#520 = ORIENTED_EDGE('',*,*,#521,.T.);
#521 = EDGE_CURVE('',#435,#522,#524,.T.);
#522 = VERTEX_POINT('',#523);
#523 = CARTESIAN_POINT('',(0.6,0.585,8.E-02));
#524 = LINE('',#525,#526);
#525 = CARTESIAN_POINT('',(-0.6,0.585,8.E-02));
#526 = VECTOR('',#527,1.);
#527 = DIRECTION('',(1.,0.,0.));
#528 = ORIENTED_EDGE('',*,*,#529,.T.);
#529 = EDGE_CURVE('',#522,#500,#530,.T.);
#530 = CIRCLE('',#531,4.E-02);
#531 = AXIS2_PLACEMENT_3D('',#532,#533,#534);
#532 = CARTESIAN_POINT('',(0.6,0.545,8.E-02));
#533 = DIRECTION('',(-1.,0.,0.));
#534 = DIRECTION('',(0.,0.,1.));
#535 = ORIENTED_EDGE('',*,*,#507,.F.);
#536 = ORIENTED_EDGE('',*,*,#442,.F.);
#537 = CYLINDRICAL_SURFACE('',#538,4.E-02);
#538 = AXIS2_PLACEMENT_3D('',#539,#540,#541);
#539 = CARTESIAN_POINT('',(-0.6,0.545,8.E-02));
#540 = DIRECTION('',(1.,0.,0.));
#541 = DIRECTION('',(-0.,1.,0.));
#542 = ADVANCED_FACE('',(#543),#561,.T.);
#543 = FACE_BOUND('',#544,.T.);
#544 = EDGE_LOOP('',(#545,#553,#554,#555));
#545 = ORIENTED_EDGE('',*,*,#546,.F.);
#546 = EDGE_CURVE('',#522,#547,#549,.T.);
#547 = VERTEX_POINT('',#548);
#548 = CARTESIAN_POINT('',(0.6,0.585,1.17));
#549 = LINE('',#550,#551);
#550 = CARTESIAN_POINT('',(0.6,0.585,4.E-02));
#551 = VECTOR('',#552,1.);
#552 = DIRECTION('',(0.,0.,1.));
#553 = ORIENTED_EDGE('',*,*,#521,.F.);
#554 = ORIENTED_EDGE('',*,*,#434,.T.);
#555 = ORIENTED_EDGE('',*,*,#556,.T.);
#556 = EDGE_CURVE('',#426,#547,#557,.T.);
#557 = LINE('',#558,#559);
#558 = CARTESIAN_POINT('',(-0.6,0.585,1.17));
#559 = VECTOR('',#560,1.);
#560 = DIRECTION('',(1.,0.,0.));
#561 = PLANE('',#562);
#562 = AXIS2_PLACEMENT_3D('',#563,#564,#565);
#563 = CARTESIAN_POINT('',(-0.6,0.585,4.E-02));
#564 = DIRECTION('',(0.,1.,0.));
#565 = DIRECTION('',(0.,-0.,1.));
#566 = ADVANCED_FACE('',(#567),#586,.T.);
#567 = FACE_BOUND('',#568,.T.);
#568 = EDGE_LOOP('',(#569,#570,#578,#585));
#569 = ORIENTED_EDGE('',*,*,#425,.T.);
#570 = ORIENTED_EDGE('',*,*,#571,.T.);
#571 = EDGE_CURVE('',#418,#572,#574,.T.);
#572 = VERTEX_POINT('',#573);
#573 = CARTESIAN_POINT('',(0.6,0.545,1.21));
#574 = LINE('',#575,#576);
#575 = CARTESIAN_POINT('',(-0.6,0.545,1.21));
#576 = VECTOR('',#577,1.);
#577 = DIRECTION('',(1.,0.,0.));
#578 = ORIENTED_EDGE('',*,*,#579,.F.);
#579 = EDGE_CURVE('',#547,#572,#580,.T.);
#580 = CIRCLE('',#581,4.E-02);
#581 = AXIS2_PLACEMENT_3D('',#582,#583,#584);
#582 = CARTESIAN_POINT('',(0.6,0.545,1.17));
#583 = DIRECTION('',(1.,0.,-0.));
#584 = DIRECTION('',(0.,0.,1.));
#585 = ORIENTED_EDGE('',*,*,#556,.F.);
#586 = CYLINDRICAL_SURFACE('',#587,4.E-02);
#587 = AXIS2_PLACEMENT_3D('',#588,#589,#590);
#588 = CARTESIAN_POINT('',(-0.6,0.545,1.17));
#589 = DIRECTION('',(1.,0.,0.));
#590 = DIRECTION('',(-0.,1.,0.));
#591 = ADVANCED_FACE('',(#592),#610,.T.);
#592 = FACE_BOUND('',#593,.T.);
#593 = EDGE_LOOP('',(#594,#595,#603,#609));
#594 = ORIENTED_EDGE('',*,*,#417,.F.);
#595 = ORIENTED_EDGE('',*,*,#596,.T.);
#596 = EDGE_CURVE('',#409,#597,#599,.T.);
#597 = VERTEX_POINT('',#598);
#598 = CARTESIAN_POINT('',(0.6,-0.545,1.21));
#599 = LINE('',#600,#601);
#600 = CARTESIAN_POINT('',(-0.6,-0.545,1.21));
#601 = VECTOR('',#602,1.);
#602 = DIRECTION('',(1.,0.,0.));
#603 = ORIENTED_EDGE('',*,*,#604,.T.);
#604 = EDGE_CURVE('',#597,#572,#605,.T.);
#605 = LINE('',#606,#607);
#606 = CARTESIAN_POINT('',(0.6,-0.585,1.21));
#607 = VECTOR('',#608,1.);
#608 = DIRECTION('',(0.,1.,0.));
#609 = ORIENTED_EDGE('',*,*,#571,.F.);
#610 = PLANE('',#611);
#611 = AXIS2_PLACEMENT_3D('',#612,#613,#614);
#612 = CARTESIAN_POINT('',(-0.6,-0.585,1.21));
#613 = DIRECTION('',(0.,0.,1.));
#614 = DIRECTION('',(1.,0.,-0.));
#615 = ADVANCED_FACE('',(#616),#635,.T.);
#616 = FACE_BOUND('',#617,.T.);
#617 = EDGE_LOOP('',(#618,#626,#633,#634));
#618 = ORIENTED_EDGE('',*,*,#619,.T.);
#619 = EDGE_CURVE('',#401,#620,#622,.T.);
#620 = VERTEX_POINT('',#621);
#621 = CARTESIAN_POINT('',(0.6,-0.585,1.17));
#622 = LINE('',#623,#624);
#623 = CARTESIAN_POINT('',(-0.6,-0.585,1.17));
#624 = VECTOR('',#625,1.);
#625 = DIRECTION('',(1.,0.,0.));
#626 = ORIENTED_EDGE('',*,*,#627,.T.);
#627 = EDGE_CURVE('',#620,#597,#628,.T.);
#628 = CIRCLE('',#629,4.E-02);
#629 = AXIS2_PLACEMENT_3D('',#630,#631,#632);
#630 = CARTESIAN_POINT('',(0.6,-0.545,1.17));
#631 = DIRECTION('',(-1.,0.,0.));
#632 = DIRECTION('',(0.,0.,1.));
#633 = ORIENTED_EDGE('',*,*,#596,.F.);
#634 = ORIENTED_EDGE('',*,*,#408,.F.);
#635 = CYLINDRICAL_SURFACE('',#636,4.E-02);
#636 = AXIS2_PLACEMENT_3D('',#637,#638,#639);
#637 = CARTESIAN_POINT('',(-0.6,-0.545,1.17));
#638 = DIRECTION('',(1.,0.,0.));
#639 = DIRECTION('',(0.,-1.,0.));
#640 = ADVANCED_FACE('',(#641),#652,.F.);
#641 = FACE_BOUND('',#642,.F.);
#642 = EDGE_LOOP('',(#643,#649,#650,#651));
#643 = ORIENTED_EDGE('',*,*,#644,.F.);
#644 = EDGE_CURVE('',#475,#620,#645,.T.);
#645 = LINE('',#646,#647);
#646 = CARTESIAN_POINT('',(0.6,-0.585,4.E-02));
#647 = VECTOR('',#648,1.);
#648 = DIRECTION('',(0.,0.,1.));
#649 = ORIENTED_EDGE('',*,*,#483,.F.);
#650 = ORIENTED_EDGE('',*,*,#400,.T.);
#651 = ORIENTED_EDGE('',*,*,#619,.T.);
#652 = PLANE('',#653);
#653 = AXIS2_PLACEMENT_3D('',#654,#655,#656);
#654 = CARTESIAN_POINT('',(-0.6,-0.585,4.E-02));
#655 = DIRECTION('',(0.,1.,0.));
#656 = DIRECTION('',(0.,-0.,1.));
#657 = ADVANCED_FACE('',(#658,#728),#738,.F.);
#658 = FACE_BOUND('',#659,.F.);
#659 = EDGE_LOOP('',(#660,#670,#679,#687,#696,#704,#713,#721));
#660 = ORIENTED_EDGE('',*,*,#661,.F.);
#661 = EDGE_CURVE('',#662,#664,#666,.T.);
#662 = VERTEX_POINT('',#663);
#663 = CARTESIAN_POINT('',(0.6,-0.625,4.E-02));
#664 = VERTEX_POINT('',#665);
#665 = CARTESIAN_POINT('',(0.6,-0.625,1.21));
#666 = LINE('',#667,#668);
#667 = CARTESIAN_POINT('',(0.6,-0.625,0.));
#668 = VECTOR('',#669,1.);
#669 = DIRECTION('',(0.,0.,1.));
#670 = ORIENTED_EDGE('',*,*,#671,.T.);
#671 = EDGE_CURVE('',#662,#672,#674,.T.);
#672 = VERTEX_POINT('',#673);
#673 = CARTESIAN_POINT('',(0.6,-0.585,0.));
#674 = CIRCLE('',#675,4.E-02);
#675 = AXIS2_PLACEMENT_3D('',#676,#677,#678);
#676 = CARTESIAN_POINT('',(0.6,-0.585,4.E-02));
#677 = DIRECTION('',(1.,0.,-0.));
#678 = DIRECTION('',(0.,0.,1.));
#679 = ORIENTED_EDGE('',*,*,#680,.T.);
#680 = EDGE_CURVE('',#672,#681,#683,.T.);
#681 = VERTEX_POINT('',#682);
#682 = CARTESIAN_POINT('',(0.6,0.585,0.));
#683 = LINE('',#684,#685);
#684 = CARTESIAN_POINT('',(0.6,-0.625,0.));
#685 = VECTOR('',#686,1.);
#686 = DIRECTION('',(0.,1.,0.));
#687 = ORIENTED_EDGE('',*,*,#688,.F.);
#688 = EDGE_CURVE('',#689,#681,#691,.T.);
#689 = VERTEX_POINT('',#690);
#690 = CARTESIAN_POINT('',(0.6,0.625,4.E-02));
#691 = CIRCLE('',#692,4.E-02);
#692 = AXIS2_PLACEMENT_3D('',#693,#694,#695);
#693 = CARTESIAN_POINT('',(0.6,0.585,4.E-02));
#694 = DIRECTION('',(-1.,0.,0.));
#695 = DIRECTION('',(0.,0.,1.));
#696 = ORIENTED_EDGE('',*,*,#697,.T.);
#697 = EDGE_CURVE('',#689,#698,#700,.T.);
#698 = VERTEX_POINT('',#699);
#699 = CARTESIAN_POINT('',(0.6,0.625,1.21));
#700 = LINE('',#701,#702);
#701 = CARTESIAN_POINT('',(0.6,0.625,0.));
#702 = VECTOR('',#703,1.);
#703 = DIRECTION('',(0.,0.,1.));
#704 = ORIENTED_EDGE('',*,*,#705,.T.);
#705 = EDGE_CURVE('',#698,#706,#708,.T.);
#706 = VERTEX_POINT('',#707);
#707 = CARTESIAN_POINT('',(0.6,0.585,1.25));
#708 = CIRCLE('',#709,4.E-02);
#709 = AXIS2_PLACEMENT_3D('',#710,#711,#712);
#710 = CARTESIAN_POINT('',(0.6,0.585,1.21));
#711 = DIRECTION('',(1.,0.,-0.));
#712 = DIRECTION('',(0.,0.,1.));
#713 = ORIENTED_EDGE('',*,*,#714,.F.);
#714 = EDGE_CURVE('',#715,#706,#717,.T.);
#715 = VERTEX_POINT('',#716);
#716 = CARTESIAN_POINT('',(0.6,-0.585,1.25));
#717 = LINE('',#718,#719);
#718 = CARTESIAN_POINT('',(0.6,-0.625,1.25));
#719 = VECTOR('',#720,1.);
#720 = DIRECTION('',(0.,1.,0.));
#721 = ORIENTED_EDGE('',*,*,#722,.F.);
#722 = EDGE_CURVE('',#664,#715,#723,.T.);
#723 = CIRCLE('',#724,4.E-02);
#724 = AXIS2_PLACEMENT_3D('',#725,#726,#727);
#725 = CARTESIAN_POINT('',(0.6,-0.585,1.21));
#726 = DIRECTION('',(-1.,0.,0.));
#727 = DIRECTION('',(0.,0.,1.));
#728 = FACE_BOUND('',#729,.F.);
#729 = EDGE_LOOP('',(#730,#731,#732,#733,#734,#735,#736,#737));
#730 = ORIENTED_EDGE('',*,*,#474,.F.);
#731 = ORIENTED_EDGE('',*,*,#644,.T.);
#732 = ORIENTED_EDGE('',*,*,#627,.T.);
#733 = ORIENTED_EDGE('',*,*,#604,.T.);
#734 = ORIENTED_EDGE('',*,*,#579,.F.);
#735 = ORIENTED_EDGE('',*,*,#546,.F.);
#736 = ORIENTED_EDGE('',*,*,#529,.T.);
#737 = ORIENTED_EDGE('',*,*,#499,.F.);
#738 = PLANE('',#739);
#739 = AXIS2_PLACEMENT_3D('',#740,#741,#742);
#740 = CARTESIAN_POINT('',(0.6,-0.625,0.));
#741 = DIRECTION('',(1.,0.,0.));
#742 = DIRECTION('',(0.,0.,1.));
#743 = ADVANCED_FACE('',(#744),#769,.F.);
#744 = FACE_BOUND('',#745,.F.);
#745 = EDGE_LOOP('',(#746,#756,#762,#763));
#746 = ORIENTED_EDGE('',*,*,#747,.F.);
#747 = EDGE_CURVE('',#748,#750,#752,.T.);
#748 = VERTEX_POINT('',#749);
#749 = CARTESIAN_POINT('',(1.,-0.625,4.E-02));
#750 = VERTEX_POINT('',#751);
#751 = CARTESIAN_POINT('',(1.,-0.625,1.21));
#752 = LINE('',#753,#754);
#753 = CARTESIAN_POINT('',(1.,-0.625,0.));
#754 = VECTOR('',#755,1.);
#755 = DIRECTION('',(0.,0.,1.));
#756 = ORIENTED_EDGE('',*,*,#757,.F.);
#757 = EDGE_CURVE('',#662,#748,#758,.T.);
#758 = LINE('',#759,#760);
#759 = CARTESIAN_POINT('',(0.6,-0.625,4.E-02));
#760 = VECTOR('',#761,1.);
#761 = DIRECTION('',(1.,0.,0.));
#762 = ORIENTED_EDGE('',*,*,#661,.T.);
#763 = ORIENTED_EDGE('',*,*,#764,.T.);
#764 = EDGE_CURVE('',#664,#750,#765,.T.);
#765 = LINE('',#766,#767);
#766 = CARTESIAN_POINT('',(0.6,-0.625,1.21));
#767 = VECTOR('',#768,1.);
#768 = DIRECTION('',(1.,0.,0.));
#769 = PLANE('',#770);
#770 = AXIS2_PLACEMENT_3D('',#771,#772,#773);
#771 = CARTESIAN_POINT('',(0.6,-0.625,0.));
#772 = DIRECTION('',(0.,1.,0.));
#773 = DIRECTION('',(0.,-0.,1.));
#774 = ADVANCED_FACE('',(#775),#794,.T.);
#775 = FACE_BOUND('',#776,.T.);
#776 = EDGE_LOOP('',(#777,#778,#786,#793));
#777 = ORIENTED_EDGE('',*,*,#671,.T.);
#778 = ORIENTED_EDGE('',*,*,#779,.T.);
#779 = EDGE_CURVE('',#672,#780,#782,.T.);
#780 = VERTEX_POINT('',#781);
#781 = CARTESIAN_POINT('',(1.,-0.585,0.));
#782 = LINE('',#783,#784);
#783 = CARTESIAN_POINT('',(0.6,-0.585,0.));
#784 = VECTOR('',#785,1.);
#785 = DIRECTION('',(1.,0.,0.));
#786 = ORIENTED_EDGE('',*,*,#787,.F.);
#787 = EDGE_CURVE('',#748,#780,#788,.T.);
#788 = CIRCLE('',#789,4.E-02);
#789 = AXIS2_PLACEMENT_3D('',#790,#791,#792);
#790 = CARTESIAN_POINT('',(1.,-0.585,4.E-02));
#791 = DIRECTION('',(1.,0.,-0.));
#792 = DIRECTION('',(0.,0.,1.));
#793 = ORIENTED_EDGE('',*,*,#757,.F.);
#794 = CYLINDRICAL_SURFACE('',#795,4.E-02);
#795 = AXIS2_PLACEMENT_3D('',#796,#797,#798);
#796 = CARTESIAN_POINT('',(0.6,-0.585,4.E-02));
#797 = DIRECTION('',(1.,0.,0.));
#798 = DIRECTION('',(0.,-1.,0.));
#799 = ADVANCED_FACE('',(#800),#819,.T.);
#800 = FACE_BOUND('',#801,.T.);
#801 = EDGE_LOOP('',(#802,#803,#812,#818));
#802 = ORIENTED_EDGE('',*,*,#764,.T.);
#803 = ORIENTED_EDGE('',*,*,#804,.T.);
#804 = EDGE_CURVE('',#750,#805,#807,.T.);
#805 = VERTEX_POINT('',#806);
#806 = CARTESIAN_POINT('',(1.,-0.585,1.25));
#807 = CIRCLE('',#808,4.E-02);
#808 = AXIS2_PLACEMENT_3D('',#809,#810,#811);
#809 = CARTESIAN_POINT('',(1.,-0.585,1.21));
#810 = DIRECTION('',(-1.,0.,0.));
#811 = DIRECTION('',(0.,0.,1.));
#812 = ORIENTED_EDGE('',*,*,#813,.F.);
#813 = EDGE_CURVE('',#715,#805,#814,.T.);
#814 = LINE('',#815,#816);
#815 = CARTESIAN_POINT('',(0.6,-0.585,1.25));
#816 = VECTOR('',#817,1.);
#817 = DIRECTION('',(1.,0.,0.));
#818 = ORIENTED_EDGE('',*,*,#722,.F.);
#819 = CYLINDRICAL_SURFACE('',#820,4.E-02);
#820 = AXIS2_PLACEMENT_3D('',#821,#822,#823);
#821 = CARTESIAN_POINT('',(0.6,-0.585,1.21));
#822 = DIRECTION('',(1.,0.,0.));
#823 = DIRECTION('',(0.,-1.,0.));
#824 = ADVANCED_FACE('',(#825),#843,.F.);
#825 = FACE_BOUND('',#826,.F.);
#826 = EDGE_LOOP('',(#827,#828,#829,#837));
#827 = ORIENTED_EDGE('',*,*,#680,.F.);
#828 = ORIENTED_EDGE('',*,*,#779,.T.);
#829 = ORIENTED_EDGE('',*,*,#830,.T.);
#830 = EDGE_CURVE('',#780,#831,#833,.T.);
#831 = VERTEX_POINT('',#832);
#832 = CARTESIAN_POINT('',(1.,0.585,0.));
#833 = LINE('',#834,#835);
#834 = CARTESIAN_POINT('',(1.,-0.625,0.));
#835 = VECTOR('',#836,1.);
#836 = DIRECTION('',(0.,1.,0.));
#837 = ORIENTED_EDGE('',*,*,#838,.F.);
#838 = EDGE_CURVE('',#681,#831,#839,.T.);
#839 = LINE('',#840,#841);
#840 = CARTESIAN_POINT('',(0.6,0.585,0.));
#841 = VECTOR('',#842,1.);
#842 = DIRECTION('',(1.,0.,0.));
#843 = PLANE('',#844);
#844 = AXIS2_PLACEMENT_3D('',#845,#846,#847);
#845 = CARTESIAN_POINT('',(0.6,-0.625,0.));
#846 = DIRECTION('',(0.,0.,1.));
#847 = DIRECTION('',(1.,0.,-0.));
#848 = ADVANCED_FACE('',(#849),#867,.T.);
#849 = FACE_BOUND('',#850,.T.);
#850 = EDGE_LOOP('',(#851,#852,#853,#861));
#851 = ORIENTED_EDGE('',*,*,#714,.F.);
#852 = ORIENTED_EDGE('',*,*,#813,.T.);
#853 = ORIENTED_EDGE('',*,*,#854,.T.);
#854 = EDGE_CURVE('',#805,#855,#857,.T.);
#855 = VERTEX_POINT('',#856);
#856 = CARTESIAN_POINT('',(1.,0.585,1.25));
#857 = LINE('',#858,#859);
#858 = CARTESIAN_POINT('',(1.,-0.625,1.25));
#859 = VECTOR('',#860,1.);
#860 = DIRECTION('',(0.,1.,0.));
#861 = ORIENTED_EDGE('',*,*,#862,.F.);
#862 = EDGE_CURVE('',#706,#855,#863,.T.);
#863 = LINE('',#864,#865);
#864 = CARTESIAN_POINT('',(0.6,0.585,1.25));
#865 = VECTOR('',#866,1.);
#866 = DIRECTION('',(1.,0.,0.));
#867 = PLANE('',#868);
#868 = AXIS2_PLACEMENT_3D('',#869,#870,#871);
#869 = CARTESIAN_POINT('',(0.6,-0.625,1.25));
#870 = DIRECTION('',(0.,0.,1.));
#871 = DIRECTION('',(1.,0.,-0.));
#872 = ADVANCED_FACE('',(#873),#892,.T.);
#873 = FACE_BOUND('',#874,.T.);
#874 = EDGE_LOOP('',(#875,#883,#890,#891));
#875 = ORIENTED_EDGE('',*,*,#876,.T.);
#876 = EDGE_CURVE('',#689,#877,#879,.T.);
#877 = VERTEX_POINT('',#878);
#878 = CARTESIAN_POINT('',(1.,0.625,4.E-02));
#879 = LINE('',#880,#881);
#880 = CARTESIAN_POINT('',(0.6,0.625,4.E-02));
#881 = VECTOR('',#882,1.);
#882 = DIRECTION('',(1.,0.,0.));
#883 = ORIENTED_EDGE('',*,*,#884,.T.);
#884 = EDGE_CURVE('',#877,#831,#885,.T.);
#885 = CIRCLE('',#886,4.E-02);
#886 = AXIS2_PLACEMENT_3D('',#887,#888,#889);
#887 = CARTESIAN_POINT('',(1.,0.585,4.E-02));
#888 = DIRECTION('',(-1.,0.,0.));
#889 = DIRECTION('',(0.,0.,1.));
#890 = ORIENTED_EDGE('',*,*,#838,.F.);
#891 = ORIENTED_EDGE('',*,*,#688,.F.);
#892 = CYLINDRICAL_SURFACE('',#893,4.E-02);
#893 = AXIS2_PLACEMENT_3D('',#894,#895,#896);
#894 = CARTESIAN_POINT('',(0.6,0.585,4.E-02));
#895 = DIRECTION('',(1.,0.,0.));
#896 = DIRECTION('',(-0.,1.,0.));
#897 = ADVANCED_FACE('',(#898),#917,.T.);
#898 = FACE_BOUND('',#899,.T.);
#899 = EDGE_LOOP('',(#900,#901,#902,#911));
#900 = ORIENTED_EDGE('',*,*,#705,.T.);
#901 = ORIENTED_EDGE('',*,*,#862,.T.);
#902 = ORIENTED_EDGE('',*,*,#903,.F.);
#903 = EDGE_CURVE('',#904,#855,#906,.T.);
#904 = VERTEX_POINT('',#905);
#905 = CARTESIAN_POINT('',(1.,0.625,1.21));
#906 = CIRCLE('',#907,4.E-02);
#907 = AXIS2_PLACEMENT_3D('',#908,#909,#910);
#908 = CARTESIAN_POINT('',(1.,0.585,1.21));
#909 = DIRECTION('',(1.,0.,-0.));
#910 = DIRECTION('',(0.,0.,1.));
#911 = ORIENTED_EDGE('',*,*,#912,.F.);
#912 = EDGE_CURVE('',#698,#904,#913,.T.);
#913 = LINE('',#914,#915);
#914 = CARTESIAN_POINT('',(0.6,0.625,1.21));
#915 = VECTOR('',#916,1.);
#916 = DIRECTION('',(1.,0.,0.));
#917 = CYLINDRICAL_SURFACE('',#918,4.E-02);
#918 = AXIS2_PLACEMENT_3D('',#919,#920,#921);
#919 = CARTESIAN_POINT('',(0.6,0.585,1.21));
#920 = DIRECTION('',(1.,0.,0.));
#921 = DIRECTION('',(-0.,1.,0.));
#922 = ADVANCED_FACE('',(#923),#934,.T.);
#923 = FACE_BOUND('',#924,.T.);
#924 = EDGE_LOOP('',(#925,#931,#932,#933));
#925 = ORIENTED_EDGE('',*,*,#926,.F.);
#926 = EDGE_CURVE('',#877,#904,#927,.T.);
#927 = LINE('',#928,#929);
#928 = CARTESIAN_POINT('',(1.,0.625,0.));
#929 = VECTOR('',#930,1.);
#930 = DIRECTION('',(0.,0.,1.));
#931 = ORIENTED_EDGE('',*,*,#876,.F.);
#932 = ORIENTED_EDGE('',*,*,#697,.T.);
#933 = ORIENTED_EDGE('',*,*,#912,.T.);
#934 = PLANE('',#935);
#935 = AXIS2_PLACEMENT_3D('',#936,#937,#938);
#936 = CARTESIAN_POINT('',(0.6,0.625,0.));
#937 = DIRECTION('',(0.,1.,0.));
#938 = DIRECTION('',(0.,-0.,1.));
#939 = ADVANCED_FACE('',(#940),#950,.T.);
#940 = FACE_BOUND('',#941,.T.);
#941 = EDGE_LOOP('',(#942,#943,#944,#945,#946,#947,#948,#949));
#942 = ORIENTED_EDGE('',*,*,#747,.F.);
#943 = ORIENTED_EDGE('',*,*,#787,.T.);
#944 = ORIENTED_EDGE('',*,*,#830,.T.);
#945 = ORIENTED_EDGE('',*,*,#884,.F.);
#946 = ORIENTED_EDGE('',*,*,#926,.T.);
#947 = ORIENTED_EDGE('',*,*,#903,.T.);
#948 = ORIENTED_EDGE('',*,*,#854,.F.);
#949 = ORIENTED_EDGE('',*,*,#804,.F.);
#950 = PLANE('',#951);
#951 = AXIS2_PLACEMENT_3D('',#952,#953,#954);
#952 = CARTESIAN_POINT('',(1.,-0.625,0.));
#953 = DIRECTION('',(1.,0.,0.));
#954 = DIRECTION('',(0.,0.,1.));
#955 = ( GEOMETRIC_REPRESENTATION_CONTEXT(3) 
GLOBAL_UNCERTAINTY_ASSIGNED_CONTEXT((#959)) GLOBAL_UNIT_ASSIGNED_CONTEXT
((#956,#957,#958)) REPRESENTATION_CONTEXT('Context #1',
  '3D Context with UNIT and UNCERTAINTY') );
#956 = ( LENGTH_UNIT() NAMED_UNIT(*) SI_UNIT(.MILLI.,.METRE.) );
#957 = ( NAMED_UNIT(*) PLANE_ANGLE_UNIT() SI_UNIT($,.RADIAN.) );
#958 = ( NAMED_UNIT(*) SI_UNIT($,.STERADIAN.) SOLID_ANGLE_UNIT() );
#959 = UNCERTAINTY_MEASURE_WITH_UNIT(LENGTH_MEASURE(1.E-07),#956,
  'distance_accuracy_value','confusion accuracy');
#960 = CONTEXT_DEPENDENT_SHAPE_REPRESENTATION(#961,#963);
#961 = ( REPRESENTATION_RELATIONSHIP('','',#100,#10) 
REPRESENTATION_RELATIONSHIP_WITH_TRANSFORMATION(#962) 
SHAPE_REPRESENTATION_RELATIONSHIP() );
#962 = ITEM_DEFINED_TRANSFORMATION('','',#11,#15);
#963 = PRODUCT_DEFINITION_SHAPE('Placement','Placement of an item',#964
  );
#964 = NEXT_ASSEMBLY_USAGE_OCCURRENCE('1','C1','',#5,#95,$);
#965 = PRODUCT_RELATED_PRODUCT_CATEGORY('part',$,(#97));
#966 = SHAPE_DEFINITION_REPRESENTATION(#967,#973);
#967 = PRODUCT_DEFINITION_SHAPE('','',#968);
#968 = PRODUCT_DEFINITION('design','',#969,#972);
#969 = PRODUCT_DEFINITION_FORMATION('','',#970);
#970 = PRODUCT('USB-A-S-X-X-TH','USB-A-S-X-X-TH','',(#971));
#971 = PRODUCT_CONTEXT('',#2,'mechanical');
#972 = PRODUCT_DEFINITION_CONTEXT('part definition',#2,'design');
#973 = SHAPE_REPRESENTATION('',(#11,#974,#978,#982),#986);
#974 = AXIS2_PLACEMENT_3D('',#975,#976,#977);
#975 = CARTESIAN_POINT('',(0.,0.,0.));
#976 = DIRECTION('',(0.,0.,1.));
#977 = DIRECTION('',(1.,0.,0.));
#978 = AXIS2_PLACEMENT_3D('',#979,#980,#981);
#979 = CARTESIAN_POINT('',(0.,0.,0.));
#980 = DIRECTION('',(0.,0.,1.));
#981 = DIRECTION('',(1.,0.,0.));
#982 = AXIS2_PLACEMENT_3D('',#983,#984,#985);
#983 = CARTESIAN_POINT('',(0.,0.,0.));
#984 = DIRECTION('',(0.,0.,1.));
#985 = DIRECTION('',(1.,0.,0.));
#986 = ( GEOMETRIC_REPRESENTATION_CONTEXT(3) 
GLOBAL_UNCERTAINTY_ASSIGNED_CONTEXT((#990)) GLOBAL_UNIT_ASSIGNED_CONTEXT
((#987,#988,#989)) REPRESENTATION_CONTEXT('Context #1',
  '3D Context with UNIT and UNCERTAINTY') );
#987 = ( LENGTH_UNIT() NAMED_UNIT(*) SI_UNIT(.MILLI.,.METRE.) );
#988 = ( NAMED_UNIT(*) PLANE_ANGLE_UNIT() SI_UNIT($,.RADIAN.) );
#989 = ( NAMED_UNIT(*) SI_UNIT($,.STERADIAN.) SOLID_ANGLE_UNIT() );
#990 = UNCERTAINTY_MEASURE_WITH_UNIT(LENGTH_MEASURE(1.E-06),#987,
  'distance_accuracy_value','confusion accuracy');
#991 = CONTEXT_DEPENDENT_SHAPE_REPRESENTATION(#992,#994);
#992 = ( REPRESENTATION_RELATIONSHIP('','',#973,#10) 
REPRESENTATION_RELATIONSHIP_WITH_TRANSFORMATION(#993) 
SHAPE_REPRESENTATION_RELATIONSHIP() );
#993 = ITEM_DEFINED_TRANSFORMATION('','',#11,#19);
#994 = PRODUCT_DEFINITION_SHAPE('Placement','Placement of an item',#995
  );
#995 = NEXT_ASSEMBLY_USAGE_OCCURRENCE('5','J1','',#5,#968,$);
#996 = PRODUCT_RELATED_PRODUCT_CATEGORY('part',$,(#970));
#997 = SHAPE_DEFINITION_REPRESENTATION(#998,#1004);
#998 = PRODUCT_DEFINITION_SHAPE('','',#999);
#999 = PRODUCT_DEFINITION('design','',#1000,#1003);
#1000 = PRODUCT_DEFINITION_FORMATION('','',#1001);
#1001 = PRODUCT('USB-A-S-TH_S','USB-A-S-TH_S','',(#1002));
#1002 = PRODUCT_CONTEXT('',#2,'mechanical');
#1003 = PRODUCT_DEFINITION_CONTEXT('part definition',#2,'design');
#1004 = ADVANCED_BREP_SHAPE_REPRESENTATION('',(#11,#1005),#6651);
#1005 = MANIFOLD_SOLID_BREP('',#1006);
#1006 = CLOSED_SHELL('',(#1007,#1047,#1087,#1127,#1178,#1194,#1235,#1268
    ,#1299,#1362,#1434,#1465,#1498,#1530,#1555,#1606,#1637,#1798,#1959,
    #2173,#2284,#2395,#2463,#2487,#2511,#2528,#2545,#2562,#2579,#2596,
    #2613,#2630,#2642,#2666,#2690,#2707,#2724,#2741,#2758,#2775,#2792,
    #2809,#2826,#2838,#3076,#3093,#3215,#3227,#3244,#3256,#3273,#3385,
    #3397,#3414,#3436,#3453,#3475,#3489,#3513,#3535,#3557,#3569,#3581,
    #3612,#3634,#3646,#3658,#3689,#3711,#3723,#3735,#3766,#3788,#3800,
    #3812,#3836,#3860,#3877,#3889,#3921,#3979,#4004,#4160,#4185,#4243,
    #4268,#4399,#4415,#4437,#4459,#4471,#4483,#4505,#4527,#4539,#4551,
    #4573,#4618,#4630,#4642,#4664,#4709,#4721,#4733,#4764,#4839,#4914,
    #4936,#4953,#4970,#4982,#4999,#5016,#5033,#5045,#5076,#5151,#5226,
    #5248,#5265,#5282,#5294,#5311,#5328,#5345,#5357,#5388,#5463,#5538,
    #5560,#5577,#5594,#5611,#5628,#5640,#5657,#5669,#5700,#5775,#5850,
    #5872,#5889,#5906,#5923,#5940,#5952,#5969,#5981,#6003,#6048,#6060,
    #6072,#6094,#6139,#6151,#6163,#6194,#6225,#6258,#6289,#6320,#6351,
    #6375,#6391,#6407,#6447,#6480,#6502,#6533,#6566,#6597,#6619,#6635));
#1007 = ADVANCED_FACE('',(#1008),#1042,.T.);
#1008 = FACE_BOUND('',#1009,.T.);
#1009 = EDGE_LOOP('',(#1010,#1020,#1028,#1036));
#1010 = ORIENTED_EDGE('',*,*,#1011,.F.);
#1011 = EDGE_CURVE('',#1012,#1014,#1016,.T.);
#1012 = VERTEX_POINT('',#1013);
#1013 = CARTESIAN_POINT('',(2.,6.58,-0.6));
#1014 = VERTEX_POINT('',#1015);
#1015 = CARTESIAN_POINT('',(1.5,6.58,-0.6));
#1016 = LINE('',#1017,#1018);
#1017 = CARTESIAN_POINT('',(4.5,6.58,-0.6));
#1018 = VECTOR('',#1019,1.);
#1019 = DIRECTION('',(-1.,0.,0.));
#1020 = ORIENTED_EDGE('',*,*,#1021,.T.);
#1021 = EDGE_CURVE('',#1012,#1022,#1024,.T.);
#1022 = VERTEX_POINT('',#1023);
#1023 = CARTESIAN_POINT('',(2.,6.9,-0.6));
#1024 = LINE('',#1025,#1026);
#1025 = CARTESIAN_POINT('',(2.,6.58,-0.6));
#1026 = VECTOR('',#1027,1.);
#1027 = DIRECTION('',(0.,1.,0.));
#1028 = ORIENTED_EDGE('',*,*,#1029,.T.);
#1029 = EDGE_CURVE('',#1022,#1030,#1032,.T.);
#1030 = VERTEX_POINT('',#1031);
#1031 = CARTESIAN_POINT('',(1.5,6.9,-0.6));
#1032 = LINE('',#1033,#1034);
#1033 = CARTESIAN_POINT('',(4.5,6.9,-0.6));
#1034 = VECTOR('',#1035,1.);
#1035 = DIRECTION('',(-1.,0.,0.));
#1036 = ORIENTED_EDGE('',*,*,#1037,.F.);
#1037 = EDGE_CURVE('',#1014,#1030,#1038,.T.);
#1038 = LINE('',#1039,#1040);
#1039 = CARTESIAN_POINT('',(1.5,6.58,-0.6));
#1040 = VECTOR('',#1041,1.);
#1041 = DIRECTION('',(0.,1.,0.));
#1042 = PLANE('',#1043);
#1043 = AXIS2_PLACEMENT_3D('',#1044,#1045,#1046);
#1044 = CARTESIAN_POINT('',(4.5,6.58,-0.6));
#1045 = DIRECTION('',(0.,0.,1.));
#1046 = DIRECTION('',(1.,0.,-0.));
#1047 = ADVANCED_FACE('',(#1048),#1082,.T.);
#1048 = FACE_BOUND('',#1049,.T.);
#1049 = EDGE_LOOP('',(#1050,#1060,#1068,#1076));
#1050 = ORIENTED_EDGE('',*,*,#1051,.F.);
#1051 = EDGE_CURVE('',#1052,#1054,#1056,.T.);
#1052 = VERTEX_POINT('',#1053);
#1053 = CARTESIAN_POINT('',(-4.,6.58,-0.6));
#1054 = VERTEX_POINT('',#1055);
#1055 = CARTESIAN_POINT('',(-4.5,6.58,-0.6));
#1056 = LINE('',#1057,#1058);
#1057 = CARTESIAN_POINT('',(-1.5,6.58,-0.6));
#1058 = VECTOR('',#1059,1.);
#1059 = DIRECTION('',(-1.,0.,0.));
#1060 = ORIENTED_EDGE('',*,*,#1061,.T.);
#1061 = EDGE_CURVE('',#1052,#1062,#1064,.T.);
#1062 = VERTEX_POINT('',#1063);
#1063 = CARTESIAN_POINT('',(-4.,6.9,-0.6));
#1064 = LINE('',#1065,#1066);
#1065 = CARTESIAN_POINT('',(-4.,6.58,-0.6));
#1066 = VECTOR('',#1067,1.);
#1067 = DIRECTION('',(0.,1.,0.));
#1068 = ORIENTED_EDGE('',*,*,#1069,.T.);
#1069 = EDGE_CURVE('',#1062,#1070,#1072,.T.);
#1070 = VERTEX_POINT('',#1071);
#1071 = CARTESIAN_POINT('',(-4.5,6.9,-0.6));
#1072 = LINE('',#1073,#1074);
#1073 = CARTESIAN_POINT('',(-1.5,6.9,-0.6));
#1074 = VECTOR('',#1075,1.);
#1075 = DIRECTION('',(-1.,0.,0.));
#1076 = ORIENTED_EDGE('',*,*,#1077,.F.);
#1077 = EDGE_CURVE('',#1054,#1070,#1078,.T.);
#1078 = LINE('',#1079,#1080);
#1079 = CARTESIAN_POINT('',(-4.5,6.58,-0.6));
#1080 = VECTOR('',#1081,1.);
#1081 = DIRECTION('',(0.,1.,0.));
#1082 = PLANE('',#1083);
#1083 = AXIS2_PLACEMENT_3D('',#1084,#1085,#1086);
#1084 = CARTESIAN_POINT('',(-1.5,6.58,-0.6));
#1085 = DIRECTION('',(0.,0.,1.));
#1086 = DIRECTION('',(1.,0.,-0.));
#1087 = ADVANCED_FACE('',(#1088),#1122,.F.);
#1088 = FACE_BOUND('',#1089,.T.);
#1089 = EDGE_LOOP('',(#1090,#1100,#1108,#1116));
#1090 = ORIENTED_EDGE('',*,*,#1091,.F.);
#1091 = EDGE_CURVE('',#1092,#1094,#1096,.T.);
#1092 = VERTEX_POINT('',#1093);
#1093 = CARTESIAN_POINT('',(-7.700672527534,-1.976437799388,
    -4.066837822478));
#1094 = VERTEX_POINT('',#1095);
#1095 = CARTESIAN_POINT('',(-6.6,-0.23,-4.131486045837));
#1096 = LINE('',#1097,#1098);
#1097 = CARTESIAN_POINT('',(-6.786519177202,-0.52595009708,
    -4.120530804267));
#1098 = VECTOR('',#1099,1.);
#1099 = DIRECTION('',(0.532920895093,0.845585923144,-3.130121648084E-02)
  );
#1100 = ORIENTED_EDGE('',*,*,#1101,.F.);
#1101 = EDGE_CURVE('',#1102,#1092,#1104,.T.);
#1102 = VERTEX_POINT('',#1103);
#1103 = CARTESIAN_POINT('',(-7.700672527534,-1.976437799388,
    -2.633162177522));
#1104 = LINE('',#1105,#1106);
#1105 = CARTESIAN_POINT('',(-7.700672527534,-1.976437799388,7.05));
#1106 = VECTOR('',#1107,1.);
#1107 = DIRECTION('',(0.,0.,-1.));
#1108 = ORIENTED_EDGE('',*,*,#1109,.F.);
#1109 = EDGE_CURVE('',#1110,#1102,#1112,.T.);
#1110 = VERTEX_POINT('',#1111);
#1111 = CARTESIAN_POINT('',(-6.6,-0.23,-2.568513954163));
#1112 = LINE('',#1113,#1114);
#1113 = CARTESIAN_POINT('',(-6.439552873269,2.458155801709E-02,
    -2.559090059747));
#1114 = VECTOR('',#1115,1.);
#1115 = DIRECTION('',(-0.532920895093,-0.845585923144,
    -3.130121648084E-02));
#1116 = ORIENTED_EDGE('',*,*,#1117,.T.);
#1117 = EDGE_CURVE('',#1110,#1094,#1118,.T.);
#1118 = LINE('',#1119,#1120);
#1119 = CARTESIAN_POINT('',(-6.6,-0.23,7.05));
#1120 = VECTOR('',#1121,1.);
#1121 = DIRECTION('',(0.,0.,-1.));
#1122 = PLANE('',#1123);
#1123 = AXIS2_PLACEMENT_3D('',#1124,#1125,#1126);
#1124 = CARTESIAN_POINT('',(-6.6,-0.23,7.05));
#1125 = DIRECTION('',(0.846000466019,-0.533182156017,0.));
#1126 = DIRECTION('',(0.533182156017,0.846000466019,0.));
#1127 = ADVANCED_FACE('',(#1128),#1173,.T.);
#1128 = FACE_BOUND('',#1129,.T.);
#1129 = EDGE_LOOP('',(#1130,#1139,#1148,#1156,#1165,#1172));
#1130 = ORIENTED_EDGE('',*,*,#1131,.F.);
#1131 = EDGE_CURVE('',#1132,#1092,#1134,.T.);
#1132 = VERTEX_POINT('',#1133);
#1133 = CARTESIAN_POINT('',(-7.709167352769,-3.169868329752,
    -4.022660375381));
#1134 = ELLIPSE('',#1135,1.132775308732,1.132);
#1135 = AXIS2_PLACEMENT_3D('',#1136,#1137,#1138);
#1136 = CARTESIAN_POINT('',(-6.743,-2.58,-4.044495644606));
#1137 = DIRECTION('',(0.,-3.699185622789E-02,-0.999315567062));
#1138 = DIRECTION('',(0.,0.999315567062,-3.699185622789E-02));
#1139 = ORIENTED_EDGE('',*,*,#1140,.T.);
#1140 = EDGE_CURVE('',#1132,#1141,#1143,.T.);
#1141 = VERTEX_POINT('',#1142);
#1142 = CARTESIAN_POINT('',(-7.568532270743,-3.354545331121,
    -3.982413882334));
#1143 = B_SPLINE_CURVE_WITH_KNOTS('',3,(#1144,#1145,#1146,#1147),
  .UNSPECIFIED.,.F.,.F.,(4,4),(1.226634733347E-18,2.355920230691E-04),
  .PIECEWISE_BEZIER_KNOTS.);
#1144 = CARTESIAN_POINT('',(-7.709167352769,-3.169868329752,
    -4.022660375381));
#1145 = CARTESIAN_POINT('',(-7.667871096842,-3.237509008621,
    -4.017645768007));
#1146 = CARTESIAN_POINT('',(-7.620887546237,-3.29874360109,
    -4.003109245944));
#1147 = CARTESIAN_POINT('',(-7.568532270743,-3.354545331121,
    -3.982413882334));
#1148 = ORIENTED_EDGE('',*,*,#1149,.F.);
#1149 = EDGE_CURVE('',#1150,#1141,#1152,.T.);
#1150 = VERTEX_POINT('',#1151);
#1151 = CARTESIAN_POINT('',(-7.568532270743,-3.354545331121,
    -2.717586117666));
#1152 = LINE('',#1153,#1154);
#1153 = CARTESIAN_POINT('',(-7.568532270743,-3.354545331121,7.05));
#1154 = VECTOR('',#1155,1.);
#1155 = DIRECTION('',(0.,0.,-1.));
#1156 = ORIENTED_EDGE('',*,*,#1157,.T.);
#1157 = EDGE_CURVE('',#1150,#1158,#1160,.T.);
#1158 = VERTEX_POINT('',#1159);
#1159 = CARTESIAN_POINT('',(-7.709167352769,-3.169868329752,
    -2.67733962462));
#1160 = B_SPLINE_CURVE_WITH_KNOTS('',3,(#1161,#1162,#1163,#1164),
  .UNSPECIFIED.,.F.,.F.,(4,4),(4.336808689942E-19,2.355920230689E-04),
  .PIECEWISE_BEZIER_KNOTS.);
#1161 = CARTESIAN_POINT('',(-7.568532270743,-3.354545331121,
    -2.717586117666));
#1162 = CARTESIAN_POINT('',(-7.620887546237,-3.29874360109,
    -2.696890754056));
#1163 = CARTESIAN_POINT('',(-7.667871096842,-3.237509008621,
    -2.682354231993));
#1164 = CARTESIAN_POINT('',(-7.709167352769,-3.169868329752,
    -2.67733962462));
#1165 = ORIENTED_EDGE('',*,*,#1166,.F.);
#1166 = EDGE_CURVE('',#1102,#1158,#1167,.T.);
#1167 = ELLIPSE('',#1168,1.132775308732,1.132);
#1168 = AXIS2_PLACEMENT_3D('',#1169,#1170,#1171);
#1169 = CARTESIAN_POINT('',(-6.743,-2.58,-2.655504355394));
#1170 = DIRECTION('',(0.,-3.699185622788E-02,0.999315567062));
#1171 = DIRECTION('',(0.,-0.999315567062,-3.699185622788E-02));
#1172 = ORIENTED_EDGE('',*,*,#1101,.T.);
#1173 = CYLINDRICAL_SURFACE('',#1174,1.132);
#1174 = AXIS2_PLACEMENT_3D('',#1175,#1176,#1177);
#1175 = CARTESIAN_POINT('',(-6.743,-2.58,7.05));
#1176 = DIRECTION('',(0.,0.,-1.));
#1177 = DIRECTION('',(-1.,0.,0.));
#1178 = ADVANCED_FACE('',(#1179),#1189,.F.);
#1179 = FACE_BOUND('',#1180,.T.);
#1180 = EDGE_LOOP('',(#1181,#1182));
#1181 = ORIENTED_EDGE('',*,*,#1149,.T.);
#1182 = ORIENTED_EDGE('',*,*,#1183,.F.);
#1183 = EDGE_CURVE('',#1150,#1141,#1184,.T.);
#1184 = ELLIPSE('',#1185,0.924907756631,0.674506360918);
#1185 = AXIS2_PLACEMENT_3D('',#1186,#1187,#1188);
#1186 = CARTESIAN_POINT('',(-7.78859149507,-3.12,-3.35));
#1187 = DIRECTION('',(0.729268790409,0.684227324312,0.));
#1188 = DIRECTION('',(-0.684227324312,0.729268790409,0.));
#1189 = PLANE('',#1190);
#1190 = AXIS2_PLACEMENT_3D('',#1191,#1192,#1193);
#1191 = CARTESIAN_POINT('',(-7.568532270743,-3.354545331121,7.05));
#1192 = DIRECTION('',(0.729268790409,0.684227324312,0.));
#1193 = DIRECTION('',(-0.684227324312,0.729268790409,0.));
#1194 = ADVANCED_FACE('',(#1195),#1230,.F.);
#1195 = FACE_BOUND('',#1196,.T.);
#1196 = EDGE_LOOP('',(#1197,#1207,#1215,#1223));
#1197 = ORIENTED_EDGE('',*,*,#1198,.F.);
#1198 = EDGE_CURVE('',#1199,#1201,#1203,.T.);
#1199 = VERTEX_POINT('',#1200);
#1200 = CARTESIAN_POINT('',(-7.335166257812,-3.135592587341,
    -4.023929167119));
#1201 = VERTEX_POINT('',#1202);
#1202 = CARTESIAN_POINT('',(-7.303007471057,-3.169868329752,
    -4.022660375381));
#1203 = LINE('',#1204,#1205);
#1204 = CARTESIAN_POINT('',(-5.963086832249,-4.597993557709,
    -3.969795189598));
#1205 = VECTOR('',#1206,1.);
#1206 = DIRECTION('',(0.683978143082,-0.729003206022,2.698565165569E-02)
  );
#1207 = ORIENTED_EDGE('',*,*,#1208,.F.);
#1208 = EDGE_CURVE('',#1209,#1199,#1211,.T.);
#1209 = VERTEX_POINT('',#1210);
#1210 = CARTESIAN_POINT('',(-7.335166257812,-3.135592587341,
    -2.676070832881));
#1211 = LINE('',#1212,#1213);
#1212 = CARTESIAN_POINT('',(-7.335166257812,-3.135592587341,7.05));
#1213 = VECTOR('',#1214,1.);
#1214 = DIRECTION('',(0.,0.,-1.));
#1215 = ORIENTED_EDGE('',*,*,#1216,.F.);
#1216 = EDGE_CURVE('',#1217,#1209,#1219,.T.);
#1217 = VERTEX_POINT('',#1218);
#1218 = CARTESIAN_POINT('',(-7.303007471057,-3.169868329752,
    -2.67733962462));
#1219 = LINE('',#1220,#1221);
#1220 = CARTESIAN_POINT('',(-6.347004827163,-4.188802924978,
    -2.71505772218));
#1221 = VECTOR('',#1222,1.);
#1222 = DIRECTION('',(-0.683978143082,0.729003206022,2.698565165569E-02)
  );
#1223 = ORIENTED_EDGE('',*,*,#1224,.F.);
#1224 = EDGE_CURVE('',#1201,#1217,#1225,.T.);
#1225 = ELLIPSE('',#1226,0.924907756631,0.674506360918);
#1226 = AXIS2_PLACEMENT_3D('',#1227,#1228,#1229);
#1227 = CARTESIAN_POINT('',(-7.349795807926,-3.12,-3.35));
#1228 = DIRECTION('',(-0.729268790409,-0.684227324312,0.));
#1229 = DIRECTION('',(-0.684227324312,0.729268790409,0.));
#1230 = PLANE('',#1231);
#1231 = AXIS2_PLACEMENT_3D('',#1232,#1233,#1234);
#1232 = CARTESIAN_POINT('',(-6.166633987069,-4.38104725622,7.05));
#1233 = DIRECTION('',(-0.729268790409,-0.684227324312,0.));
#1234 = DIRECTION('',(0.684227324312,-0.729268790409,0.));
#1235 = ADVANCED_FACE('',(#1236),#1263,.F.);
#1236 = FACE_BOUND('',#1237,.F.);
#1237 = EDGE_LOOP('',(#1238,#1247,#1255,#1262));
#1238 = ORIENTED_EDGE('',*,*,#1239,.F.);
#1239 = EDGE_CURVE('',#1240,#1209,#1242,.T.);
#1240 = VERTEX_POINT('',#1241);
#1241 = CARTESIAN_POINT('',(-7.429952378408,-2.147056089314,
    -2.639477987522));
#1242 = ELLIPSE('',#1243,0.812556140186,0.812);
#1243 = AXIS2_PLACEMENT_3D('',#1244,#1245,#1246);
#1244 = CARTESIAN_POINT('',(-6.743,-2.58,-2.655504355394));
#1245 = DIRECTION('',(0.,-3.699185622788E-02,0.999315567062));
#1246 = DIRECTION('',(0.,-0.999315567062,-3.699185622788E-02));
#1247 = ORIENTED_EDGE('',*,*,#1248,.T.);
#1248 = EDGE_CURVE('',#1240,#1249,#1251,.T.);
#1249 = VERTEX_POINT('',#1250);
#1250 = CARTESIAN_POINT('',(-7.429952378408,-2.147056089314,
    -4.060522012478));
#1251 = LINE('',#1252,#1253);
#1252 = CARTESIAN_POINT('',(-7.429952378408,-2.147056089314,7.05));
#1253 = VECTOR('',#1254,1.);
#1254 = DIRECTION('',(0.,0.,-1.));
#1255 = ORIENTED_EDGE('',*,*,#1256,.F.);
#1256 = EDGE_CURVE('',#1199,#1249,#1257,.T.);
#1257 = ELLIPSE('',#1258,0.812556140186,0.812);
#1258 = AXIS2_PLACEMENT_3D('',#1259,#1260,#1261);
#1259 = CARTESIAN_POINT('',(-6.743,-2.58,-4.044495644606));
#1260 = DIRECTION('',(0.,-3.699185622789E-02,-0.999315567062));
#1261 = DIRECTION('',(0.,0.999315567062,-3.699185622789E-02));
#1262 = ORIENTED_EDGE('',*,*,#1208,.F.);
#1263 = CYLINDRICAL_SURFACE('',#1264,0.812);
#1264 = AXIS2_PLACEMENT_3D('',#1265,#1266,#1267);
#1265 = CARTESIAN_POINT('',(-6.743,-2.58,7.05));
#1266 = DIRECTION('',(0.,0.,-1.));
#1267 = DIRECTION('',(-1.,0.,0.));
#1268 = ADVANCED_FACE('',(#1269),#1294,.F.);
#1269 = FACE_BOUND('',#1270,.T.);
#1270 = EDGE_LOOP('',(#1271,#1279,#1287,#1293));
#1271 = ORIENTED_EDGE('',*,*,#1272,.F.);
#1272 = EDGE_CURVE('',#1273,#1249,#1275,.T.);
#1273 = VERTEX_POINT('',#1274);
#1274 = CARTESIAN_POINT('',(-6.28,-0.322425919205,-4.128064697839));
#1275 = LINE('',#1276,#1277);
#1276 = CARTESIAN_POINT('',(-7.615287799438,-2.441127919723,
    -4.049636299066));
#1277 = VECTOR('',#1278,1.);
#1278 = DIRECTION('',(-0.532920895093,-0.845585923144,3.130121648084E-02
    ));
#1279 = ORIENTED_EDGE('',*,*,#1280,.F.);
#1280 = EDGE_CURVE('',#1281,#1273,#1283,.T.);
#1281 = VERTEX_POINT('',#1282);
#1282 = CARTESIAN_POINT('',(-6.28,-0.322425919205,-2.571935302161));
#1283 = LINE('',#1284,#1285);
#1284 = CARTESIAN_POINT('',(-6.28,-0.322425919205,7.05));
#1285 = VECTOR('',#1286,1.);
#1286 = DIRECTION('',(0.,0.,-1.));
#1287 = ORIENTED_EDGE('',*,*,#1288,.F.);
#1288 = EDGE_CURVE('',#1240,#1281,#1289,.T.);
#1289 = LINE('',#1290,#1291);
#1290 = CARTESIAN_POINT('',(-7.268321495505,-1.890596264627,
    -2.629984564947));
#1291 = VECTOR('',#1292,1.);
#1292 = DIRECTION('',(0.532920895093,0.845585923144,3.130121648084E-02)
  );
#1293 = ORIENTED_EDGE('',*,*,#1248,.T.);
#1294 = PLANE('',#1295);
#1295 = AXIS2_PLACEMENT_3D('',#1296,#1297,#1298);
#1296 = CARTESIAN_POINT('',(-7.429952378408,-2.147056089314,7.05));
#1297 = DIRECTION('',(-0.846000466019,0.533182156017,0.));
#1298 = DIRECTION('',(-0.533182156017,-0.846000466019,0.));
#1299 = ADVANCED_FACE('',(#1300),#1357,.F.);
#1300 = FACE_BOUND('',#1301,.T.);
#1301 = EDGE_LOOP('',(#1302,#1312,#1320,#1328,#1336,#1344,#1350,#1351));
#1302 = ORIENTED_EDGE('',*,*,#1303,.F.);
#1303 = EDGE_CURVE('',#1304,#1306,#1308,.T.);
#1304 = VERTEX_POINT('',#1305);
#1305 = CARTESIAN_POINT('',(-6.28,-0.18,-7.05));
#1306 = VERTEX_POINT('',#1307);
#1307 = CARTESIAN_POINT('',(-6.28,-0.18,-4.133336905438));
#1308 = LINE('',#1309,#1310);
#1309 = CARTESIAN_POINT('',(-6.28,-0.18,7.05));
#1310 = VECTOR('',#1311,1.);
#1311 = DIRECTION('',(0.,-3.423797879027E-17,1.));
#1312 = ORIENTED_EDGE('',*,*,#1313,.T.);
#1313 = EDGE_CURVE('',#1304,#1314,#1316,.T.);
#1314 = VERTEX_POINT('',#1315);
#1315 = CARTESIAN_POINT('',(-6.28,0.,-7.05));
#1316 = LINE('',#1317,#1318);
#1317 = CARTESIAN_POINT('',(-6.28,-0.322425919205,-7.05));
#1318 = VECTOR('',#1319,1.);
#1319 = DIRECTION('',(0.,1.,0.));
#1320 = ORIENTED_EDGE('',*,*,#1321,.F.);
#1321 = EDGE_CURVE('',#1322,#1314,#1324,.T.);
#1322 = VERTEX_POINT('',#1323);
#1323 = CARTESIAN_POINT('',(-6.28,0.,-1.81));
#1324 = LINE('',#1325,#1326);
#1325 = CARTESIAN_POINT('',(-6.28,0.,7.05));
#1326 = VECTOR('',#1327,1.);
#1327 = DIRECTION('',(0.,0.,-1.));
#1328 = ORIENTED_EDGE('',*,*,#1329,.F.);
#1329 = EDGE_CURVE('',#1330,#1322,#1332,.T.);
#1330 = VERTEX_POINT('',#1331);
#1331 = CARTESIAN_POINT('',(-6.28,-0.18,-1.81));
#1332 = LINE('',#1333,#1334);
#1333 = CARTESIAN_POINT('',(-6.28,-0.322425919205,-1.81));
#1334 = VECTOR('',#1335,1.);
#1335 = DIRECTION('',(0.,1.,0.));
#1336 = ORIENTED_EDGE('',*,*,#1337,.F.);
#1337 = EDGE_CURVE('',#1338,#1330,#1340,.T.);
#1338 = VERTEX_POINT('',#1339);
#1339 = CARTESIAN_POINT('',(-6.28,-0.18,-2.566663094562));
#1340 = LINE('',#1341,#1342);
#1341 = CARTESIAN_POINT('',(-6.28,-0.18,7.05));
#1342 = VECTOR('',#1343,1.);
#1343 = DIRECTION('',(0.,3.78965743453E-17,1.));
#1344 = ORIENTED_EDGE('',*,*,#1345,.F.);
#1345 = EDGE_CURVE('',#1281,#1338,#1346,.T.);
#1346 = LINE('',#1347,#1348);
#1347 = CARTESIAN_POINT('',(-6.28,3.326371568796E-02,-2.558768670649));
#1348 = VECTOR('',#1349,1.);
#1349 = DIRECTION('',(0.,0.999315567062,3.699185622788E-02));
#1350 = ORIENTED_EDGE('',*,*,#1280,.T.);
#1351 = ORIENTED_EDGE('',*,*,#1352,.F.);
#1352 = EDGE_CURVE('',#1306,#1273,#1353,.T.);
#1353 = LINE('',#1354,#1355);
#1354 = CARTESIAN_POINT('',(-6.28,-0.7356402702,-4.112768662865));
#1355 = VECTOR('',#1356,1.);
#1356 = DIRECTION('',(0.,-0.999315567062,3.699185622788E-02));
#1357 = PLANE('',#1358);
#1358 = AXIS2_PLACEMENT_3D('',#1359,#1360,#1361);
#1359 = CARTESIAN_POINT('',(-6.28,-0.322425919205,7.05));
#1360 = DIRECTION('',(-1.,0.,0.));
#1361 = DIRECTION('',(0.,0.,1.));
#1362 = ADVANCED_FACE('',(#1363),#1429,.F.);
#1363 = FACE_BOUND('',#1364,.T.);
#1364 = EDGE_LOOP('',(#1365,#1375,#1383,#1391,#1399,#1407,#1415,#1423));
#1365 = ORIENTED_EDGE('',*,*,#1366,.F.);
#1366 = EDGE_CURVE('',#1367,#1369,#1371,.T.);
#1367 = VERTEX_POINT('',#1368);
#1368 = CARTESIAN_POINT('',(6.28,-0.18,-4.133336905438));
#1369 = VERTEX_POINT('',#1370);
#1370 = CARTESIAN_POINT('',(6.28,-0.18,-7.05));
#1371 = LINE('',#1372,#1373);
#1372 = CARTESIAN_POINT('',(6.28,-0.18,7.05));
#1373 = VECTOR('',#1374,1.);
#1374 = DIRECTION('',(4.605199368265E-31,3.423797879027E-17,-1.));
#1375 = ORIENTED_EDGE('',*,*,#1376,.F.);
#1376 = EDGE_CURVE('',#1377,#1367,#1379,.T.);
#1377 = VERTEX_POINT('',#1378);
#1378 = CARTESIAN_POINT('',(6.28,-0.322425919205,-4.128064697839));
#1379 = LINE('',#1380,#1381);
#1380 = CARTESIAN_POINT('',(6.28,-0.413655557792,-4.12468763279));
#1381 = VECTOR('',#1382,1.);
#1382 = DIRECTION('',(1.344135250016E-14,0.999315567062,
    -3.699185622788E-02));
#1383 = ORIENTED_EDGE('',*,*,#1384,.F.);
#1384 = EDGE_CURVE('',#1385,#1377,#1387,.T.);
#1385 = VERTEX_POINT('',#1386);
#1386 = CARTESIAN_POINT('',(6.28,-0.322425919205,-2.571935302161));
#1387 = LINE('',#1388,#1389);
#1388 = CARTESIAN_POINT('',(6.28,-0.322425919205,7.05));
#1389 = VECTOR('',#1390,1.);
#1390 = DIRECTION('',(0.,0.,-1.));
#1391 = ORIENTED_EDGE('',*,*,#1392,.F.);
#1392 = EDGE_CURVE('',#1393,#1385,#1395,.T.);
#1393 = VERTEX_POINT('',#1394);
#1394 = CARTESIAN_POINT('',(6.28,-0.18,-2.566663094562));
#1395 = LINE('',#1396,#1397);
#1396 = CARTESIAN_POINT('',(6.28,0.355248428095,-2.546849700725));
#1397 = VECTOR('',#1398,1.);
#1398 = DIRECTION('',(-1.344135250016E-14,-0.999315567062,
    -3.699185622788E-02));
#1399 = ORIENTED_EDGE('',*,*,#1400,.F.);
#1400 = EDGE_CURVE('',#1401,#1393,#1403,.T.);
#1401 = VERTEX_POINT('',#1402);
#1402 = CARTESIAN_POINT('',(6.28,-0.18,-1.81));
#1403 = LINE('',#1404,#1405);
#1404 = CARTESIAN_POINT('',(6.28,-0.18,7.05));
#1405 = VECTOR('',#1406,1.);
#1406 = DIRECTION('',(-5.097300903871E-31,-3.78965743453E-17,-1.));
#1407 = ORIENTED_EDGE('',*,*,#1408,.F.);
#1408 = EDGE_CURVE('',#1409,#1401,#1411,.T.);
#1409 = VERTEX_POINT('',#1410);
#1410 = CARTESIAN_POINT('',(6.28,0.,-1.81));
#1411 = LINE('',#1412,#1413);
#1412 = CARTESIAN_POINT('',(6.28,0.,-1.81));
#1413 = VECTOR('',#1414,1.);
#1414 = DIRECTION('',(-1.345055850544E-14,-1.,0.));
#1415 = ORIENTED_EDGE('',*,*,#1416,.T.);
#1416 = EDGE_CURVE('',#1409,#1417,#1419,.T.);
#1417 = VERTEX_POINT('',#1418);
#1418 = CARTESIAN_POINT('',(6.28,0.,-7.05));
#1419 = LINE('',#1420,#1421);
#1420 = CARTESIAN_POINT('',(6.28,0.,7.05));
#1421 = VECTOR('',#1422,1.);
#1422 = DIRECTION('',(0.,0.,-1.));
#1423 = ORIENTED_EDGE('',*,*,#1424,.T.);
#1424 = EDGE_CURVE('',#1417,#1369,#1425,.T.);
#1425 = LINE('',#1426,#1427);
#1426 = CARTESIAN_POINT('',(6.28,0.,-7.05));
#1427 = VECTOR('',#1428,1.);
#1428 = DIRECTION('',(-1.345055850544E-14,-1.,0.));
#1429 = PLANE('',#1430);
#1430 = AXIS2_PLACEMENT_3D('',#1431,#1432,#1433);
#1431 = CARTESIAN_POINT('',(6.28,0.,7.05));
#1432 = DIRECTION('',(1.,-1.345055850544E-14,0.));
#1433 = DIRECTION('',(1.345055850544E-14,1.,0.));
#1434 = ADVANCED_FACE('',(#1435),#1460,.F.);
#1435 = FACE_BOUND('',#1436,.T.);
#1436 = EDGE_LOOP('',(#1437,#1445,#1453,#1459));
#1437 = ORIENTED_EDGE('',*,*,#1438,.F.);
#1438 = EDGE_CURVE('',#1439,#1377,#1441,.T.);
#1439 = VERTEX_POINT('',#1440);
#1440 = CARTESIAN_POINT('',(7.429952378408,-2.147056089314,
    -4.060522012478));
#1441 = LINE('',#1442,#1443);
#1442 = CARTESIAN_POINT('',(6.466462105449,-0.618285460498,
    -4.11711280839));
#1443 = VECTOR('',#1444,1.);
#1444 = DIRECTION('',(-0.532920895093,0.845585923144,-3.130121648084E-02
    ));
#1445 = ORIENTED_EDGE('',*,*,#1446,.F.);
#1446 = EDGE_CURVE('',#1447,#1439,#1449,.T.);
#1447 = VERTEX_POINT('',#1448);
#1448 = CARTESIAN_POINT('',(7.429952378408,-2.147056089314,
    -2.639477987522));
#1449 = LINE('',#1450,#1451);
#1450 = CARTESIAN_POINT('',(7.429952378408,-2.147056089314,7.05));
#1451 = VECTOR('',#1452,1.);
#1452 = DIRECTION('',(0.,0.,-1.));
#1453 = ORIENTED_EDGE('',*,*,#1454,.F.);
#1454 = EDGE_CURVE('',#1385,#1447,#1455,.T.);
#1455 = LINE('',#1456,#1457);
#1456 = CARTESIAN_POINT('',(6.119495801516,-6.775380540105E-02,
    -2.562508055624));
#1457 = VECTOR('',#1458,1.);
#1458 = DIRECTION('',(0.532920895093,-0.845585923144,-3.130121648084E-02
    ));
#1459 = ORIENTED_EDGE('',*,*,#1384,.T.);
#1460 = PLANE('',#1461);
#1461 = AXIS2_PLACEMENT_3D('',#1462,#1463,#1464);
#1462 = CARTESIAN_POINT('',(6.28,-0.322425919205,7.05));
#1463 = DIRECTION('',(0.846000466019,0.533182156017,0.));
#1464 = DIRECTION('',(-0.533182156017,0.846000466019,0.));
#1465 = ADVANCED_FACE('',(#1466),#1493,.F.);
#1466 = FACE_BOUND('',#1467,.F.);
#1467 = EDGE_LOOP('',(#1468,#1477,#1485,#1492));
#1468 = ORIENTED_EDGE('',*,*,#1469,.F.);
#1469 = EDGE_CURVE('',#1470,#1447,#1472,.T.);
#1470 = VERTEX_POINT('',#1471);
#1471 = CARTESIAN_POINT('',(7.335166257812,-3.135592587341,
    -2.676070832881));
#1472 = ELLIPSE('',#1473,0.812556140186,0.812);
#1473 = AXIS2_PLACEMENT_3D('',#1474,#1475,#1476);
#1474 = CARTESIAN_POINT('',(6.743,-2.58,-2.655504355394));
#1475 = DIRECTION('',(0.,-3.699185622788E-02,0.999315567062));
#1476 = DIRECTION('',(0.,-0.999315567062,-3.699185622788E-02));
#1477 = ORIENTED_EDGE('',*,*,#1478,.T.);
#1478 = EDGE_CURVE('',#1470,#1479,#1481,.T.);
#1479 = VERTEX_POINT('',#1480);
#1480 = CARTESIAN_POINT('',(7.335166257812,-3.135592587341,
    -4.023929167119));
#1481 = LINE('',#1482,#1483);
#1482 = CARTESIAN_POINT('',(7.335166257812,-3.135592587341,7.05));
#1483 = VECTOR('',#1484,1.);
#1484 = DIRECTION('',(0.,0.,-1.));
#1485 = ORIENTED_EDGE('',*,*,#1486,.F.);
#1486 = EDGE_CURVE('',#1439,#1479,#1487,.T.);
#1487 = ELLIPSE('',#1488,0.812556140186,0.812);
#1488 = AXIS2_PLACEMENT_3D('',#1489,#1490,#1491);
#1489 = CARTESIAN_POINT('',(6.743,-2.58,-4.044495644606));
#1490 = DIRECTION('',(0.,-3.699185622789E-02,-0.999315567062));
#1491 = DIRECTION('',(0.,0.999315567062,-3.699185622789E-02));
#1492 = ORIENTED_EDGE('',*,*,#1446,.F.);
#1493 = CYLINDRICAL_SURFACE('',#1494,0.812);
#1494 = AXIS2_PLACEMENT_3D('',#1495,#1496,#1497);
#1495 = CARTESIAN_POINT('',(6.743,-2.58,7.05));
#1496 = DIRECTION('',(0.,0.,-1.));
#1497 = DIRECTION('',(-1.,0.,0.));
#1498 = ADVANCED_FACE('',(#1499),#1525,.F.);
#1499 = FACE_BOUND('',#1500,.T.);
#1500 = EDGE_LOOP('',(#1501,#1509,#1518,#1524));
#1501 = ORIENTED_EDGE('',*,*,#1502,.F.);
#1502 = EDGE_CURVE('',#1503,#1479,#1505,.T.);
#1503 = VERTEX_POINT('',#1504);
#1504 = CARTESIAN_POINT('',(7.303007471057,-3.169868329752,
    -4.022660375381));
#1505 = LINE('',#1506,#1507);
#1506 = CARTESIAN_POINT('',(7.130768148117,-3.353445860549,
    -4.015864850674));
#1507 = VECTOR('',#1508,1.);
#1508 = DIRECTION('',(0.683978143082,0.729003206022,-2.698565165569E-02)
  );
#1509 = ORIENTED_EDGE('',*,*,#1510,.F.);
#1510 = EDGE_CURVE('',#1511,#1503,#1513,.T.);
#1511 = VERTEX_POINT('',#1512);
#1512 = CARTESIAN_POINT('',(7.303007471057,-3.169868329752,
    -2.67733962462));
#1513 = ELLIPSE('',#1514,0.924907756631,0.674506360918);
#1514 = AXIS2_PLACEMENT_3D('',#1515,#1516,#1517);
#1515 = CARTESIAN_POINT('',(7.349795807926,-3.12,-3.35));
#1516 = DIRECTION('',(0.729268790409,-0.684227324312,0.));
#1517 = DIRECTION('',(-0.684227324312,-0.729268790409,0.));
#1518 = ORIENTED_EDGE('',*,*,#1519,.F.);
#1519 = EDGE_CURVE('',#1470,#1511,#1520,.T.);
#1520 = LINE('',#1521,#1522);
#1521 = CARTESIAN_POINT('',(7.514686143031,-2.944255227818,
    -2.668988061104));
#1522 = VECTOR('',#1523,1.);
#1523 = DIRECTION('',(-0.683978143082,-0.729003206022,
    -2.698565165569E-02));
#1524 = ORIENTED_EDGE('',*,*,#1478,.T.);
#1525 = PLANE('',#1526);
#1526 = AXIS2_PLACEMENT_3D('',#1527,#1528,#1529);
#1527 = CARTESIAN_POINT('',(7.335166257812,-3.135592587341,7.05));
#1528 = DIRECTION('',(0.729268790409,-0.684227324312,0.));
#1529 = DIRECTION('',(0.684227324312,0.729268790409,0.));
#1530 = ADVANCED_FACE('',(#1531),#1550,.F.);
#1531 = FACE_BOUND('',#1532,.T.);
#1532 = EDGE_LOOP('',(#1533,#1543));
#1533 = ORIENTED_EDGE('',*,*,#1534,.F.);
#1534 = EDGE_CURVE('',#1535,#1537,#1539,.T.);
#1535 = VERTEX_POINT('',#1536);
#1536 = CARTESIAN_POINT('',(7.568532270743,-3.354545331121,
    -2.717586117666));
#1537 = VERTEX_POINT('',#1538);
#1538 = CARTESIAN_POINT('',(7.568532270743,-3.354545331121,
    -3.982413882334));
#1539 = LINE('',#1540,#1541);
#1540 = CARTESIAN_POINT('',(7.568532270743,-3.354545331121,7.05));
#1541 = VECTOR('',#1542,1.);
#1542 = DIRECTION('',(0.,0.,-1.));
#1543 = ORIENTED_EDGE('',*,*,#1544,.F.);
#1544 = EDGE_CURVE('',#1537,#1535,#1545,.T.);
#1545 = ELLIPSE('',#1546,0.924907756631,0.674506360918);
#1546 = AXIS2_PLACEMENT_3D('',#1547,#1548,#1549);
#1547 = CARTESIAN_POINT('',(7.78859149507,-3.12,-3.35));
#1548 = DIRECTION('',(-0.729268790409,0.684227324312,0.));
#1549 = DIRECTION('',(-0.684227324312,-0.729268790409,0.));
#1550 = PLANE('',#1551);
#1551 = AXIS2_PLACEMENT_3D('',#1552,#1553,#1554);
#1552 = CARTESIAN_POINT('',(6.4,-4.6,7.05));
#1553 = DIRECTION('',(-0.729268790409,0.684227324312,0.));
#1554 = DIRECTION('',(-0.684227324312,-0.729268790409,0.));
#1555 = ADVANCED_FACE('',(#1556),#1601,.T.);
#1556 = FACE_BOUND('',#1557,.T.);
#1557 = EDGE_LOOP('',(#1558,#1569,#1577,#1586,#1593,#1594));
#1558 = ORIENTED_EDGE('',*,*,#1559,.F.);
#1559 = EDGE_CURVE('',#1560,#1562,#1564,.T.);
#1560 = VERTEX_POINT('',#1561);
#1561 = CARTESIAN_POINT('',(7.700672527534,-1.976437799388,
    -4.066837822478));
#1562 = VERTEX_POINT('',#1563);
#1563 = CARTESIAN_POINT('',(7.709167352769,-3.169868329752,
    -4.022660375381));
#1564 = ELLIPSE('',#1565,1.132775308732,1.132);
#1565 = AXIS2_PLACEMENT_3D('',#1566,#1567,#1568);
#1566 = CARTESIAN_POINT('',(6.743,-2.58,-4.044495644606));
#1567 = DIRECTION('',(0.,-3.699185622789E-02,-0.999315567062));
#1568 = DIRECTION('',(0.,0.999315567062,-3.699185622789E-02));
#1569 = ORIENTED_EDGE('',*,*,#1570,.F.);
#1570 = EDGE_CURVE('',#1571,#1560,#1573,.T.);
#1571 = VERTEX_POINT('',#1572);
#1572 = CARTESIAN_POINT('',(7.700672527534,-1.976437799388,
    -2.633162177522));
#1573 = LINE('',#1574,#1575);
#1574 = CARTESIAN_POINT('',(7.700672527534,-1.976437799388,7.05));
#1575 = VECTOR('',#1576,1.);
#1576 = DIRECTION('',(0.,0.,-1.));
#1577 = ORIENTED_EDGE('',*,*,#1578,.F.);
#1578 = EDGE_CURVE('',#1579,#1571,#1581,.T.);
#1579 = VERTEX_POINT('',#1580);
#1580 = CARTESIAN_POINT('',(7.709167352769,-3.169868329752,
    -2.67733962462));
#1581 = ELLIPSE('',#1582,1.132775308732,1.132);
#1582 = AXIS2_PLACEMENT_3D('',#1583,#1584,#1585);
#1583 = CARTESIAN_POINT('',(6.743,-2.58,-2.655504355394));
#1584 = DIRECTION('',(0.,-3.699185622788E-02,0.999315567062));
#1585 = DIRECTION('',(0.,-0.999315567062,-3.699185622788E-02));
#1586 = ORIENTED_EDGE('',*,*,#1587,.T.);
#1587 = EDGE_CURVE('',#1579,#1535,#1588,.T.);
#1588 = B_SPLINE_CURVE_WITH_KNOTS('',3,(#1589,#1590,#1591,#1592),
  .UNSPECIFIED.,.F.,.F.,(4,4),(0.,2.355920230689E-04),
  .PIECEWISE_BEZIER_KNOTS.);
#1589 = CARTESIAN_POINT('',(7.709167352769,-3.169868329752,
    -2.67733962462));
#1590 = CARTESIAN_POINT('',(7.667871096842,-3.237509008621,
    -2.682354231993));
#1591 = CARTESIAN_POINT('',(7.620887546237,-3.29874360109,
    -2.696890754056));
#1592 = CARTESIAN_POINT('',(7.568532270743,-3.354545331121,
    -2.717586117666));
#1593 = ORIENTED_EDGE('',*,*,#1534,.T.);
#1594 = ORIENTED_EDGE('',*,*,#1595,.T.);
#1595 = EDGE_CURVE('',#1537,#1562,#1596,.T.);
#1596 = B_SPLINE_CURVE_WITH_KNOTS('',3,(#1597,#1598,#1599,#1600),
  .UNSPECIFIED.,.F.,.F.,(4,4),(0.,2.355920230691E-04),
  .PIECEWISE_BEZIER_KNOTS.);
#1597 = CARTESIAN_POINT('',(7.568532270743,-3.354545331121,
    -3.982413882334));
#1598 = CARTESIAN_POINT('',(7.620887546237,-3.29874360109,
    -4.003109245944));
#1599 = CARTESIAN_POINT('',(7.667871096842,-3.237509008621,
    -4.017645768007));
#1600 = CARTESIAN_POINT('',(7.709167352769,-3.169868329752,
    -4.022660375381));
#1601 = CYLINDRICAL_SURFACE('',#1602,1.132);
#1602 = AXIS2_PLACEMENT_3D('',#1603,#1604,#1605);
#1603 = CARTESIAN_POINT('',(6.743,-2.58,7.05));
#1604 = DIRECTION('',(0.,0.,-1.));
#1605 = DIRECTION('',(-1.,0.,0.));
#1606 = ADVANCED_FACE('',(#1607),#1632,.F.);
#1607 = FACE_BOUND('',#1608,.T.);
#1608 = EDGE_LOOP('',(#1609,#1617,#1625,#1631));
#1609 = ORIENTED_EDGE('',*,*,#1610,.F.);
#1610 = EDGE_CURVE('',#1611,#1560,#1613,.T.);
#1611 = VERTEX_POINT('',#1612);
#1612 = CARTESIAN_POINT('',(6.6,-0.23,-4.131486045837));
#1613 = LINE('',#1614,#1615);
#1614 = CARTESIAN_POINT('',(7.886113303048,-2.270676795823,
    -4.055945921049));
#1615 = VECTOR('',#1616,1.);
#1616 = DIRECTION('',(0.532920895093,-0.845585923144,3.130121648084E-02)
  );
#1617 = ORIENTED_EDGE('',*,*,#1618,.F.);
#1618 = EDGE_CURVE('',#1619,#1611,#1621,.T.);
#1619 = VERTEX_POINT('',#1620);
#1620 = CARTESIAN_POINT('',(6.6,-0.23,-2.568513954163));
#1621 = LINE('',#1622,#1623);
#1622 = CARTESIAN_POINT('',(6.6,-0.23,7.05));
#1623 = VECTOR('',#1624,1.);
#1624 = DIRECTION('',(0.,0.,-1.));
#1625 = ORIENTED_EDGE('',*,*,#1626,.F.);
#1626 = EDGE_CURVE('',#1571,#1619,#1627,.T.);
#1627 = LINE('',#1628,#1629);
#1628 = CARTESIAN_POINT('',(7.539146999115,-1.720145140727,
    -2.623674942965));
#1629 = VECTOR('',#1630,1.);
#1630 = DIRECTION('',(-0.532920895093,0.845585923144,3.130121648084E-02)
  );
#1631 = ORIENTED_EDGE('',*,*,#1570,.T.);
#1632 = PLANE('',#1633);
#1633 = AXIS2_PLACEMENT_3D('',#1634,#1635,#1636);
#1634 = CARTESIAN_POINT('',(7.700672527534,-1.976437799388,7.05));
#1635 = DIRECTION('',(-0.846000466019,-0.533182156017,0.));
#1636 = DIRECTION('',(0.533182156017,-0.846000466019,0.));
#1637 = ADVANCED_FACE('',(#1638,#1688),#1793,.F.);
#1638 = FACE_BOUND('',#1639,.T.);
#1639 = EDGE_LOOP('',(#1640,#1650,#1658,#1666,#1674,#1682));
#1640 = ORIENTED_EDGE('',*,*,#1641,.F.);
#1641 = EDGE_CURVE('',#1642,#1644,#1646,.T.);
#1642 = VERTEX_POINT('',#1643);
#1643 = CARTESIAN_POINT('',(6.6,5.19,5.25));
#1644 = VERTEX_POINT('',#1645);
#1645 = CARTESIAN_POINT('',(6.6,4.875,5.25));
#1646 = LINE('',#1647,#1648);
#1647 = CARTESIAN_POINT('',(6.6,5.19,5.25));
#1648 = VECTOR('',#1649,1.);
#1649 = DIRECTION('',(0.,-1.,0.));
#1650 = ORIENTED_EDGE('',*,*,#1651,.T.);
#1651 = EDGE_CURVE('',#1642,#1652,#1654,.T.);
#1652 = VERTEX_POINT('',#1653);
#1653 = CARTESIAN_POINT('',(6.6,5.19,-0.4));
#1654 = LINE('',#1655,#1656);
#1655 = CARTESIAN_POINT('',(6.6,5.19,5.25));
#1656 = VECTOR('',#1657,1.);
#1657 = DIRECTION('',(0.,0.,-1.));
#1658 = ORIENTED_EDGE('',*,*,#1659,.T.);
#1659 = EDGE_CURVE('',#1652,#1660,#1662,.T.);
#1660 = VERTEX_POINT('',#1661);
#1661 = CARTESIAN_POINT('',(6.6,2.81,-0.4));
#1662 = LINE('',#1663,#1664);
#1663 = CARTESIAN_POINT('',(6.6,5.19,-0.4));
#1664 = VECTOR('',#1665,1.);
#1665 = DIRECTION('',(0.,-1.,0.));
#1666 = ORIENTED_EDGE('',*,*,#1667,.F.);
#1667 = EDGE_CURVE('',#1668,#1660,#1670,.T.);
#1668 = VERTEX_POINT('',#1669);
#1669 = CARTESIAN_POINT('',(6.6,2.81,5.25));
#1670 = LINE('',#1671,#1672);
#1671 = CARTESIAN_POINT('',(6.6,2.81,5.25));
#1672 = VECTOR('',#1673,1.);
#1673 = DIRECTION('',(0.,0.,-1.));
#1674 = ORIENTED_EDGE('',*,*,#1675,.F.);
#1675 = EDGE_CURVE('',#1676,#1668,#1678,.T.);
#1676 = VERTEX_POINT('',#1677);
#1677 = CARTESIAN_POINT('',(6.6,3.125,5.25));
#1678 = LINE('',#1679,#1680);
#1679 = CARTESIAN_POINT('',(6.6,5.19,5.25));
#1680 = VECTOR('',#1681,1.);
#1681 = DIRECTION('',(0.,-1.,0.));
#1682 = ORIENTED_EDGE('',*,*,#1683,.F.);
#1683 = EDGE_CURVE('',#1644,#1676,#1684,.T.);
#1684 = LINE('',#1685,#1686);
#1685 = CARTESIAN_POINT('',(6.6,4.875,5.25));
#1686 = VECTOR('',#1687,1.);
#1687 = DIRECTION('',(0.,-1.,0.));
#1688 = FACE_BOUND('',#1689,.T.);
#1689 = EDGE_LOOP('',(#1690,#1700,#1708,#1716,#1724,#1732,#1740,#1746,
    #1747,#1755,#1763,#1771,#1779,#1787));
#1690 = ORIENTED_EDGE('',*,*,#1691,.F.);
#1691 = EDGE_CURVE('',#1692,#1694,#1696,.T.);
#1692 = VERTEX_POINT('',#1693);
#1693 = CARTESIAN_POINT('',(6.6,2.,6.73));
#1694 = VERTEX_POINT('',#1695);
#1695 = CARTESIAN_POINT('',(6.6,5.74,6.73));
#1696 = LINE('',#1697,#1698);
#1697 = CARTESIAN_POINT('',(6.6,-0.23,6.73));
#1698 = VECTOR('',#1699,1.);
#1699 = DIRECTION('',(0.,1.,0.));
#1700 = ORIENTED_EDGE('',*,*,#1701,.T.);
#1701 = EDGE_CURVE('',#1692,#1702,#1704,.T.);
#1702 = VERTEX_POINT('',#1703);
#1703 = CARTESIAN_POINT('',(6.6,2.,7.05));
#1704 = LINE('',#1705,#1706);
#1705 = CARTESIAN_POINT('',(6.6,2.,7.05));
#1706 = VECTOR('',#1707,1.);
#1707 = DIRECTION('',(0.,0.,1.));
#1708 = ORIENTED_EDGE('',*,*,#1709,.F.);
#1709 = EDGE_CURVE('',#1710,#1702,#1712,.T.);
#1710 = VERTEX_POINT('',#1711);
#1711 = CARTESIAN_POINT('',(6.6,1.9,7.05));
#1712 = LINE('',#1713,#1714);
#1713 = CARTESIAN_POINT('',(6.6,-0.23,7.05));
#1714 = VECTOR('',#1715,1.);
#1715 = DIRECTION('',(0.,1.,0.));
#1716 = ORIENTED_EDGE('',*,*,#1717,.F.);
#1717 = EDGE_CURVE('',#1718,#1710,#1720,.T.);
#1718 = VERTEX_POINT('',#1719);
#1719 = CARTESIAN_POINT('',(6.6,1.9,-1.81));
#1720 = LINE('',#1721,#1722);
#1721 = CARTESIAN_POINT('',(6.6,1.9,-1.81));
#1722 = VECTOR('',#1723,1.);
#1723 = DIRECTION('',(0.,0.,1.));
#1724 = ORIENTED_EDGE('',*,*,#1725,.F.);
#1725 = EDGE_CURVE('',#1726,#1718,#1728,.T.);
#1726 = VERTEX_POINT('',#1727);
#1727 = CARTESIAN_POINT('',(6.6,-0.18,-1.81));
#1728 = LINE('',#1729,#1730);
#1729 = CARTESIAN_POINT('',(6.6,-0.23,-1.81));
#1730 = VECTOR('',#1731,1.);
#1731 = DIRECTION('',(0.,1.,0.));
#1732 = ORIENTED_EDGE('',*,*,#1733,.F.);
#1733 = EDGE_CURVE('',#1734,#1726,#1736,.T.);
#1734 = VERTEX_POINT('',#1735);
#1735 = CARTESIAN_POINT('',(6.6,-0.18,-2.566663094562));
#1736 = LINE('',#1737,#1738);
#1737 = CARTESIAN_POINT('',(6.6,-0.18,7.05));
#1738 = VECTOR('',#1739,1.);
#1739 = DIRECTION('',(0.,3.78965743453E-17,1.));
#1740 = ORIENTED_EDGE('',*,*,#1741,.F.);
#1741 = EDGE_CURVE('',#1619,#1734,#1742,.T.);
#1742 = LINE('',#1743,#1744);
#1743 = CARTESIAN_POINT('',(6.6,0.125563159503,-2.555352004415));
#1744 = VECTOR('',#1745,1.);
#1745 = DIRECTION('',(0.,0.999315567062,3.699185622788E-02));
#1746 = ORIENTED_EDGE('',*,*,#1618,.T.);
#1747 = ORIENTED_EDGE('',*,*,#1748,.F.);
#1748 = EDGE_CURVE('',#1749,#1611,#1751,.T.);
#1749 = VERTEX_POINT('',#1750);
#1750 = CARTESIAN_POINT('',(6.6,-0.18,-4.133336905438));
#1751 = LINE('',#1752,#1753);
#1752 = CARTESIAN_POINT('',(6.6,-0.643340826384,-4.1161853291));
#1753 = VECTOR('',#1754,1.);
#1754 = DIRECTION('',(0.,-0.999315567062,3.699185622788E-02));
#1755 = ORIENTED_EDGE('',*,*,#1756,.F.);
#1756 = EDGE_CURVE('',#1757,#1749,#1759,.T.);
#1757 = VERTEX_POINT('',#1758);
#1758 = CARTESIAN_POINT('',(6.6,-0.18,-7.05));
#1759 = LINE('',#1760,#1761);
#1760 = CARTESIAN_POINT('',(6.6,-0.18,7.05));
#1761 = VECTOR('',#1762,1.);
#1762 = DIRECTION('',(0.,-3.423797879027E-17,1.));
#1763 = ORIENTED_EDGE('',*,*,#1764,.T.);
#1764 = EDGE_CURVE('',#1757,#1765,#1767,.T.);
#1765 = VERTEX_POINT('',#1766);
#1766 = CARTESIAN_POINT('',(6.6,6.1,-7.05));
#1767 = LINE('',#1768,#1769);
#1768 = CARTESIAN_POINT('',(6.6,-0.23,-7.05));
#1769 = VECTOR('',#1770,1.);
#1770 = DIRECTION('',(0.,1.,0.));
#1771 = ORIENTED_EDGE('',*,*,#1772,.F.);
#1772 = EDGE_CURVE('',#1773,#1765,#1775,.T.);
#1773 = VERTEX_POINT('',#1774);
#1774 = CARTESIAN_POINT('',(6.6,6.1,7.05));
#1775 = LINE('',#1776,#1777);
#1776 = CARTESIAN_POINT('',(6.6,6.1,7.05));
#1777 = VECTOR('',#1778,1.);
#1778 = DIRECTION('',(0.,0.,-1.));
#1779 = ORIENTED_EDGE('',*,*,#1780,.F.);
#1780 = EDGE_CURVE('',#1781,#1773,#1783,.T.);
#1781 = VERTEX_POINT('',#1782);
#1782 = CARTESIAN_POINT('',(6.6,5.74,7.05));
#1783 = LINE('',#1784,#1785);
#1784 = CARTESIAN_POINT('',(6.6,-0.23,7.05));
#1785 = VECTOR('',#1786,1.);
#1786 = DIRECTION('',(0.,1.,0.));
#1787 = ORIENTED_EDGE('',*,*,#1788,.T.);
#1788 = EDGE_CURVE('',#1781,#1694,#1789,.T.);
#1789 = LINE('',#1790,#1791);
#1790 = CARTESIAN_POINT('',(6.6,5.74,7.05));
#1791 = VECTOR('',#1792,1.);
#1792 = DIRECTION('',(0.,0.,-1.));
#1793 = PLANE('',#1794);
#1794 = AXIS2_PLACEMENT_3D('',#1795,#1796,#1797);
#1795 = CARTESIAN_POINT('',(6.6,-0.23,7.05));
#1796 = DIRECTION('',(-1.,0.,0.));
#1797 = DIRECTION('',(0.,0.,1.));
#1798 = ADVANCED_FACE('',(#1799,#1849),#1954,.F.);
#1799 = FACE_BOUND('',#1800,.T.);
#1800 = EDGE_LOOP('',(#1801,#1811,#1819,#1827,#1835,#1843));
#1801 = ORIENTED_EDGE('',*,*,#1802,.F.);
#1802 = EDGE_CURVE('',#1803,#1805,#1807,.T.);
#1803 = VERTEX_POINT('',#1804);
#1804 = CARTESIAN_POINT('',(-6.6,5.19,-0.4));
#1805 = VERTEX_POINT('',#1806);
#1806 = CARTESIAN_POINT('',(-6.6,2.81,-0.4));
#1807 = LINE('',#1808,#1809);
#1808 = CARTESIAN_POINT('',(-6.6,5.19,-0.4));
#1809 = VECTOR('',#1810,1.);
#1810 = DIRECTION('',(0.,-1.,0.));
#1811 = ORIENTED_EDGE('',*,*,#1812,.T.);
#1812 = EDGE_CURVE('',#1803,#1813,#1815,.T.);
#1813 = VERTEX_POINT('',#1814);
#1814 = CARTESIAN_POINT('',(-6.6,5.19,5.25));
#1815 = LINE('',#1816,#1817);
#1816 = CARTESIAN_POINT('',(-6.6,5.19,-0.4));
#1817 = VECTOR('',#1818,1.);
#1818 = DIRECTION('',(0.,0.,1.));
#1819 = ORIENTED_EDGE('',*,*,#1820,.T.);
#1820 = EDGE_CURVE('',#1813,#1821,#1823,.T.);
#1821 = VERTEX_POINT('',#1822);
#1822 = CARTESIAN_POINT('',(-6.6,4.875,5.25));
#1823 = LINE('',#1824,#1825);
#1824 = CARTESIAN_POINT('',(-6.6,5.19,5.25));
#1825 = VECTOR('',#1826,1.);
#1826 = DIRECTION('',(0.,-1.,0.));
#1827 = ORIENTED_EDGE('',*,*,#1828,.T.);
#1828 = EDGE_CURVE('',#1821,#1829,#1831,.T.);
#1829 = VERTEX_POINT('',#1830);
#1830 = CARTESIAN_POINT('',(-6.6,3.125,5.25));
#1831 = LINE('',#1832,#1833);
#1832 = CARTESIAN_POINT('',(-6.6,4.875,5.25));
#1833 = VECTOR('',#1834,1.);
#1834 = DIRECTION('',(0.,-1.,0.));
#1835 = ORIENTED_EDGE('',*,*,#1836,.T.);
#1836 = EDGE_CURVE('',#1829,#1837,#1839,.T.);
#1837 = VERTEX_POINT('',#1838);
#1838 = CARTESIAN_POINT('',(-6.6,2.81,5.25));
#1839 = LINE('',#1840,#1841);
#1840 = CARTESIAN_POINT('',(-6.6,5.19,5.25));
#1841 = VECTOR('',#1842,1.);
#1842 = DIRECTION('',(0.,-1.,0.));
#1843 = ORIENTED_EDGE('',*,*,#1844,.F.);
#1844 = EDGE_CURVE('',#1805,#1837,#1845,.T.);
#1845 = LINE('',#1846,#1847);
#1846 = CARTESIAN_POINT('',(-6.6,2.81,-0.4));
#1847 = VECTOR('',#1848,1.);
#1848 = DIRECTION('',(0.,0.,1.));
#1849 = FACE_BOUND('',#1850,.T.);
#1850 = EDGE_LOOP('',(#1851,#1861,#1869,#1877,#1885,#1893,#1901,#1909,
    #1917,#1923,#1924,#1932,#1940,#1948));
#1851 = ORIENTED_EDGE('',*,*,#1852,.F.);
#1852 = EDGE_CURVE('',#1853,#1855,#1857,.T.);
#1853 = VERTEX_POINT('',#1854);
#1854 = CARTESIAN_POINT('',(-6.6,2.,7.05));
#1855 = VERTEX_POINT('',#1856);
#1856 = CARTESIAN_POINT('',(-6.6,1.9,7.05));
#1857 = LINE('',#1858,#1859);
#1858 = CARTESIAN_POINT('',(-6.6,6.1,7.05));
#1859 = VECTOR('',#1860,1.);
#1860 = DIRECTION('',(0.,-1.,0.));
#1861 = ORIENTED_EDGE('',*,*,#1862,.T.);
#1862 = EDGE_CURVE('',#1853,#1863,#1865,.T.);
#1863 = VERTEX_POINT('',#1864);
#1864 = CARTESIAN_POINT('',(-6.6,2.,6.73));
#1865 = LINE('',#1866,#1867);
#1866 = CARTESIAN_POINT('',(-6.6,2.,7.05));
#1867 = VECTOR('',#1868,1.);
#1868 = DIRECTION('',(0.,0.,-1.));
#1869 = ORIENTED_EDGE('',*,*,#1870,.F.);
#1870 = EDGE_CURVE('',#1871,#1863,#1873,.T.);
#1871 = VERTEX_POINT('',#1872);
#1872 = CARTESIAN_POINT('',(-6.6,5.74,6.73));
#1873 = LINE('',#1874,#1875);
#1874 = CARTESIAN_POINT('',(-6.6,6.1,6.73));
#1875 = VECTOR('',#1876,1.);
#1876 = DIRECTION('',(0.,-1.,0.));
#1877 = ORIENTED_EDGE('',*,*,#1878,.T.);
#1878 = EDGE_CURVE('',#1871,#1879,#1881,.T.);
#1879 = VERTEX_POINT('',#1880);
#1880 = CARTESIAN_POINT('',(-6.6,5.74,7.05));
#1881 = LINE('',#1882,#1883);
#1882 = CARTESIAN_POINT('',(-6.6,5.74,7.05));
#1883 = VECTOR('',#1884,1.);
#1884 = DIRECTION('',(0.,0.,1.));
#1885 = ORIENTED_EDGE('',*,*,#1886,.F.);
#1886 = EDGE_CURVE('',#1887,#1879,#1889,.T.);
#1887 = VERTEX_POINT('',#1888);
#1888 = CARTESIAN_POINT('',(-6.6,6.1,7.05));
#1889 = LINE('',#1890,#1891);
#1890 = CARTESIAN_POINT('',(-6.6,6.1,7.05));
#1891 = VECTOR('',#1892,1.);
#1892 = DIRECTION('',(0.,-1.,0.));
#1893 = ORIENTED_EDGE('',*,*,#1894,.T.);
#1894 = EDGE_CURVE('',#1887,#1895,#1897,.T.);
#1895 = VERTEX_POINT('',#1896);
#1896 = CARTESIAN_POINT('',(-6.6,6.1,-7.05));
#1897 = LINE('',#1898,#1899);
#1898 = CARTESIAN_POINT('',(-6.6,6.1,7.05));
#1899 = VECTOR('',#1900,1.);
#1900 = DIRECTION('',(0.,0.,-1.));
#1901 = ORIENTED_EDGE('',*,*,#1902,.T.);
#1902 = EDGE_CURVE('',#1895,#1903,#1905,.T.);
#1903 = VERTEX_POINT('',#1904);
#1904 = CARTESIAN_POINT('',(-6.6,-0.18,-7.05));
#1905 = LINE('',#1906,#1907);
#1906 = CARTESIAN_POINT('',(-6.6,6.1,-7.05));
#1907 = VECTOR('',#1908,1.);
#1908 = DIRECTION('',(0.,-1.,0.));
#1909 = ORIENTED_EDGE('',*,*,#1910,.F.);
#1910 = EDGE_CURVE('',#1911,#1903,#1913,.T.);
#1911 = VERTEX_POINT('',#1912);
#1912 = CARTESIAN_POINT('',(-6.6,-0.18,-4.133336905438));
#1913 = LINE('',#1914,#1915);
#1914 = CARTESIAN_POINT('',(-6.6,-0.18,7.05));
#1915 = VECTOR('',#1916,1.);
#1916 = DIRECTION('',(0.,3.423797879027E-17,-1.));
#1917 = ORIENTED_EDGE('',*,*,#1918,.F.);
#1918 = EDGE_CURVE('',#1094,#1911,#1919,.T.);
#1919 = LINE('',#1920,#1921);
#1920 = CARTESIAN_POINT('',(-6.6,5.677997217902,-4.350183513266));
#1921 = VECTOR('',#1922,1.);
#1922 = DIRECTION('',(0.,0.999315567062,-3.699185622788E-02));
#1923 = ORIENTED_EDGE('',*,*,#1117,.F.);
#1924 = ORIENTED_EDGE('',*,*,#1925,.F.);
#1925 = EDGE_CURVE('',#1926,#1110,#1928,.T.);
#1926 = VERTEX_POINT('',#1927);
#1927 = CARTESIAN_POINT('',(-6.6,-0.18,-2.566663094562));
#1928 = LINE('',#1929,#1930);
#1929 = CARTESIAN_POINT('',(-6.6,6.446901203789,-2.321353820248));
#1930 = VECTOR('',#1931,1.);
#1931 = DIRECTION('',(0.,-0.999315567062,-3.699185622788E-02));
#1932 = ORIENTED_EDGE('',*,*,#1933,.F.);
#1933 = EDGE_CURVE('',#1934,#1926,#1936,.T.);
#1934 = VERTEX_POINT('',#1935);
#1935 = CARTESIAN_POINT('',(-6.6,-0.18,-1.81));
#1936 = LINE('',#1937,#1938);
#1937 = CARTESIAN_POINT('',(-6.6,-0.18,7.05));
#1938 = VECTOR('',#1939,1.);
#1939 = DIRECTION('',(0.,-3.78965743453E-17,-1.));
#1940 = ORIENTED_EDGE('',*,*,#1941,.F.);
#1941 = EDGE_CURVE('',#1942,#1934,#1944,.T.);
#1942 = VERTEX_POINT('',#1943);
#1943 = CARTESIAN_POINT('',(-6.6,1.9,-1.81));
#1944 = LINE('',#1945,#1946);
#1945 = CARTESIAN_POINT('',(-6.6,6.1,-1.81));
#1946 = VECTOR('',#1947,1.);
#1947 = DIRECTION('',(0.,-1.,0.));
#1948 = ORIENTED_EDGE('',*,*,#1949,.T.);
#1949 = EDGE_CURVE('',#1942,#1855,#1950,.T.);
#1950 = LINE('',#1951,#1952);
#1951 = CARTESIAN_POINT('',(-6.6,1.9,-1.81));
#1952 = VECTOR('',#1953,1.);
#1953 = DIRECTION('',(0.,0.,1.));
#1954 = PLANE('',#1955);
#1955 = AXIS2_PLACEMENT_3D('',#1956,#1957,#1958);
#1956 = CARTESIAN_POINT('',(-6.6,6.1,7.05));
#1957 = DIRECTION('',(1.,0.,0.));
#1958 = DIRECTION('',(0.,0.,-1.));
#1959 = ADVANCED_FACE('',(#1960),#2168,.F.);
#1960 = FACE_BOUND('',#1961,.T.);
#1961 = EDGE_LOOP('',(#1962,#1968,#1969,#1978,#1986,#1993,#1994,#2000,
    #2001,#2009,#2017,#2025,#2033,#2041,#2049,#2057,#2065,#2073,#2081,
    #2089,#2097,#2105,#2113,#2121,#2129,#2137,#2145,#2153,#2161,#2167));
#1962 = ORIENTED_EDGE('',*,*,#1963,.F.);
#1963 = EDGE_CURVE('',#1903,#1304,#1964,.T.);
#1964 = LINE('',#1965,#1966);
#1965 = CARTESIAN_POINT('',(-6.743,-0.18,-7.05));
#1966 = VECTOR('',#1967,1.);
#1967 = DIRECTION('',(1.,0.,0.));
#1968 = ORIENTED_EDGE('',*,*,#1902,.F.);
#1969 = ORIENTED_EDGE('',*,*,#1970,.F.);
#1970 = EDGE_CURVE('',#1971,#1895,#1973,.T.);
#1971 = VERTEX_POINT('',#1972);
#1972 = CARTESIAN_POINT('',(-5.8,6.9,-7.05));
#1973 = CIRCLE('',#1974,0.8);
#1974 = AXIS2_PLACEMENT_3D('',#1975,#1976,#1977);
#1975 = CARTESIAN_POINT('',(-5.8,6.1,-7.05));
#1976 = DIRECTION('',(0.,0.,1.));
#1977 = DIRECTION('',(1.,0.,-0.));
#1978 = ORIENTED_EDGE('',*,*,#1979,.F.);
#1979 = EDGE_CURVE('',#1980,#1971,#1982,.T.);
#1980 = VERTEX_POINT('',#1981);
#1981 = CARTESIAN_POINT('',(5.8,6.9,-7.05));
#1982 = LINE('',#1983,#1984);
#1983 = CARTESIAN_POINT('',(5.8,6.9,-7.05));
#1984 = VECTOR('',#1985,1.);
#1985 = DIRECTION('',(-1.,0.,0.));
#1986 = ORIENTED_EDGE('',*,*,#1987,.F.);
#1987 = EDGE_CURVE('',#1765,#1980,#1988,.T.);
#1988 = CIRCLE('',#1989,0.8);
#1989 = AXIS2_PLACEMENT_3D('',#1990,#1991,#1992);
#1990 = CARTESIAN_POINT('',(5.8,6.1,-7.05));
#1991 = DIRECTION('',(0.,0.,1.));
#1992 = DIRECTION('',(1.,0.,-0.));
#1993 = ORIENTED_EDGE('',*,*,#1764,.F.);
#1994 = ORIENTED_EDGE('',*,*,#1995,.F.);
#1995 = EDGE_CURVE('',#1369,#1757,#1996,.T.);
#1996 = LINE('',#1997,#1998);
#1997 = CARTESIAN_POINT('',(-6.743,-0.18,-7.05));
#1998 = VECTOR('',#1999,1.);
#1999 = DIRECTION('',(1.,0.,0.));
#2000 = ORIENTED_EDGE('',*,*,#1424,.F.);
#2001 = ORIENTED_EDGE('',*,*,#2002,.F.);
#2002 = EDGE_CURVE('',#2003,#1417,#2005,.T.);
#2003 = VERTEX_POINT('',#2004);
#2004 = CARTESIAN_POINT('',(5.6,-5.421010862428E-17,-7.05));
#2005 = LINE('',#2006,#2007);
#2006 = CARTESIAN_POINT('',(5.6,-2.775557561563E-17,-7.05));
#2007 = VECTOR('',#2008,1.);
#2008 = DIRECTION('',(1.,4.081702296416E-17,0.));
#2009 = ORIENTED_EDGE('',*,*,#2010,.F.);
#2010 = EDGE_CURVE('',#2011,#2003,#2013,.T.);
#2011 = VERTEX_POINT('',#2012);
#2012 = CARTESIAN_POINT('',(5.6,-0.18,-7.05));
#2013 = LINE('',#2014,#2015);
#2014 = CARTESIAN_POINT('',(5.6,-0.18,-7.05));
#2015 = VECTOR('',#2016,1.);
#2016 = DIRECTION('',(0.,1.,0.));
#2017 = ORIENTED_EDGE('',*,*,#2018,.F.);
#2018 = EDGE_CURVE('',#2019,#2011,#2021,.T.);
#2019 = VERTEX_POINT('',#2020);
#2020 = CARTESIAN_POINT('',(5.1,-0.18,-7.05));
#2021 = LINE('',#2022,#2023);
#2022 = CARTESIAN_POINT('',(5.1,-0.18,-7.05));
#2023 = VECTOR('',#2024,1.);
#2024 = DIRECTION('',(1.,-5.421010862428E-17,0.));
#2025 = ORIENTED_EDGE('',*,*,#2026,.F.);
#2026 = EDGE_CURVE('',#2027,#2019,#2029,.T.);
#2027 = VERTEX_POINT('',#2028);
#2028 = CARTESIAN_POINT('',(5.1,-5.551115123126E-17,-7.05));
#2029 = LINE('',#2030,#2031);
#2030 = CARTESIAN_POINT('',(5.1,-5.551115123126E-17,-7.05));
#2031 = VECTOR('',#2032,1.);
#2032 = DIRECTION('',(0.,-1.,0.));
#2033 = ORIENTED_EDGE('',*,*,#2034,.F.);
#2034 = EDGE_CURVE('',#2035,#2027,#2037,.T.);
#2035 = VERTEX_POINT('',#2036);
#2036 = CARTESIAN_POINT('',(2.25,-5.421010862428E-17,-7.05));
#2037 = LINE('',#2038,#2039);
#2038 = CARTESIAN_POINT('',(2.25,-2.775557561563E-17,-7.05));
#2039 = VECTOR('',#2040,1.);
#2040 = DIRECTION('',(1.,-9.738798461624E-18,0.));
#2041 = ORIENTED_EDGE('',*,*,#2042,.F.);
#2042 = EDGE_CURVE('',#2043,#2035,#2045,.T.);
#2043 = VERTEX_POINT('',#2044);
#2044 = CARTESIAN_POINT('',(2.25,-0.18,-7.05));
#2045 = LINE('',#2046,#2047);
#2046 = CARTESIAN_POINT('',(2.25,-0.18,-7.05));
#2047 = VECTOR('',#2048,1.);
#2048 = DIRECTION('',(0.,1.,0.));
#2049 = ORIENTED_EDGE('',*,*,#2050,.F.);
#2050 = EDGE_CURVE('',#2051,#2043,#2053,.T.);
#2051 = VERTEX_POINT('',#2052);
#2052 = CARTESIAN_POINT('',(1.75,-0.18,-7.05));
#2053 = LINE('',#2054,#2055);
#2054 = CARTESIAN_POINT('',(1.75,-0.18,-7.05));
#2055 = VECTOR('',#2056,1.);
#2056 = DIRECTION('',(1.,-5.421010862428E-17,0.));
#2057 = ORIENTED_EDGE('',*,*,#2058,.F.);
#2058 = EDGE_CURVE('',#2059,#2051,#2061,.T.);
#2059 = VERTEX_POINT('',#2060);
#2060 = CARTESIAN_POINT('',(1.75,0.,-7.05));
#2061 = LINE('',#2062,#2063);
#2062 = CARTESIAN_POINT('',(1.75,0.,-7.05));
#2063 = VECTOR('',#2064,1.);
#2064 = DIRECTION('',(0.,-1.,0.));
#2065 = ORIENTED_EDGE('',*,*,#2066,.F.);
#2066 = EDGE_CURVE('',#2067,#2059,#2069,.T.);
#2067 = VERTEX_POINT('',#2068);
#2068 = CARTESIAN_POINT('',(0.25,-2.710505431214E-17,-7.05));
#2069 = LINE('',#2070,#2071);
#2070 = CARTESIAN_POINT('',(0.25,0.,-7.05));
#2071 = VECTOR('',#2072,1.);
#2072 = DIRECTION('',(1.,0.,0.));
#2073 = ORIENTED_EDGE('',*,*,#2074,.F.);
#2074 = EDGE_CURVE('',#2075,#2067,#2077,.T.);
#2075 = VERTEX_POINT('',#2076);
#2076 = CARTESIAN_POINT('',(0.25,-0.18,-7.05));
#2077 = LINE('',#2078,#2079);
#2078 = CARTESIAN_POINT('',(0.25,-0.18,-7.05));
#2079 = VECTOR('',#2080,1.);
#2080 = DIRECTION('',(0.,1.,0.));
#2081 = ORIENTED_EDGE('',*,*,#2082,.F.);
#2082 = EDGE_CURVE('',#2083,#2075,#2085,.T.);
#2083 = VERTEX_POINT('',#2084);
#2084 = CARTESIAN_POINT('',(-0.25,-0.18,-7.05));
#2085 = LINE('',#2086,#2087);
#2086 = CARTESIAN_POINT('',(-0.25,-0.18,-7.05));
#2087 = VECTOR('',#2088,1.);
#2088 = DIRECTION('',(1.,0.,0.));
#2089 = ORIENTED_EDGE('',*,*,#2090,.F.);
#2090 = EDGE_CURVE('',#2091,#2083,#2093,.T.);
#2091 = VERTEX_POINT('',#2092);
#2092 = CARTESIAN_POINT('',(-0.25,0.,-7.05));
#2093 = LINE('',#2094,#2095);
#2094 = CARTESIAN_POINT('',(-0.25,0.,-7.05));
#2095 = VECTOR('',#2096,1.);
#2096 = DIRECTION('',(0.,-1.,0.));
#2097 = ORIENTED_EDGE('',*,*,#2098,.F.);
#2098 = EDGE_CURVE('',#2099,#2091,#2101,.T.);
#2099 = VERTEX_POINT('',#2100);
#2100 = CARTESIAN_POINT('',(-1.75,2.710505431214E-17,-7.05));
#2101 = LINE('',#2102,#2103);
#2102 = CARTESIAN_POINT('',(-1.75,2.775557561563E-17,-7.05));
#2103 = VECTOR('',#2104,1.);
#2104 = DIRECTION('',(1.,-1.850371707709E-17,0.));
#2105 = ORIENTED_EDGE('',*,*,#2106,.F.);
#2106 = EDGE_CURVE('',#2107,#2099,#2109,.T.);
#2107 = VERTEX_POINT('',#2108);
#2108 = CARTESIAN_POINT('',(-1.75,-0.18,-7.05));
#2109 = LINE('',#2110,#2111);
#2110 = CARTESIAN_POINT('',(-1.75,-0.18,-7.05));
#2111 = VECTOR('',#2112,1.);
#2112 = DIRECTION('',(0.,1.,0.));
#2113 = ORIENTED_EDGE('',*,*,#2114,.F.);
#2114 = EDGE_CURVE('',#2115,#2107,#2117,.T.);
#2115 = VERTEX_POINT('',#2116);
#2116 = CARTESIAN_POINT('',(-2.25,-0.18,-7.05));
#2117 = LINE('',#2118,#2119);
#2118 = CARTESIAN_POINT('',(-2.25,-0.18,-7.05));
#2119 = VECTOR('',#2120,1.);
#2120 = DIRECTION('',(1.,0.,0.));
#2121 = ORIENTED_EDGE('',*,*,#2122,.F.);
#2122 = EDGE_CURVE('',#2123,#2115,#2125,.T.);
#2123 = VERTEX_POINT('',#2124);
#2124 = CARTESIAN_POINT('',(-2.25,0.,-7.05));
#2125 = LINE('',#2126,#2127);
#2126 = CARTESIAN_POINT('',(-2.25,0.,-7.05));
#2127 = VECTOR('',#2128,1.);
#2128 = DIRECTION('',(0.,-1.,0.));
#2129 = ORIENTED_EDGE('',*,*,#2130,.F.);
#2130 = EDGE_CURVE('',#2131,#2123,#2133,.T.);
#2131 = VERTEX_POINT('',#2132);
#2132 = CARTESIAN_POINT('',(-5.1,-2.710505431214E-17,-7.05));
#2133 = LINE('',#2134,#2135);
#2134 = CARTESIAN_POINT('',(-5.1,0.,-7.05));
#2135 = VECTOR('',#2136,1.);
#2136 = DIRECTION('',(1.,0.,0.));
#2137 = ORIENTED_EDGE('',*,*,#2138,.F.);
#2138 = EDGE_CURVE('',#2139,#2131,#2141,.T.);
#2139 = VERTEX_POINT('',#2140);
#2140 = CARTESIAN_POINT('',(-5.1,-0.18,-7.05));
#2141 = LINE('',#2142,#2143);
#2142 = CARTESIAN_POINT('',(-5.1,-0.18,-7.05));
#2143 = VECTOR('',#2144,1.);
#2144 = DIRECTION('',(0.,1.,0.));
#2145 = ORIENTED_EDGE('',*,*,#2146,.F.);
#2146 = EDGE_CURVE('',#2147,#2139,#2149,.T.);
#2147 = VERTEX_POINT('',#2148);
#2148 = CARTESIAN_POINT('',(-5.6,-0.18,-7.05));
#2149 = LINE('',#2150,#2151);
#2150 = CARTESIAN_POINT('',(-5.6,-0.18,-7.05));
#2151 = VECTOR('',#2152,1.);
#2152 = DIRECTION('',(1.,0.,0.));
#2153 = ORIENTED_EDGE('',*,*,#2154,.F.);
#2154 = EDGE_CURVE('',#2155,#2147,#2157,.T.);
#2155 = VERTEX_POINT('',#2156);
#2156 = CARTESIAN_POINT('',(-5.6,0.,-7.05));
#2157 = LINE('',#2158,#2159);
#2158 = CARTESIAN_POINT('',(-5.6,0.,-7.05));
#2159 = VECTOR('',#2160,1.);
#2160 = DIRECTION('',(0.,-1.,0.));
#2161 = ORIENTED_EDGE('',*,*,#2162,.F.);
#2162 = EDGE_CURVE('',#1314,#2155,#2163,.T.);
#2163 = LINE('',#2164,#2165);
#2164 = CARTESIAN_POINT('',(-6.28,0.,-7.05));
#2165 = VECTOR('',#2166,1.);
#2166 = DIRECTION('',(1.,0.,0.));
#2167 = ORIENTED_EDGE('',*,*,#1313,.F.);
#2168 = PLANE('',#2169);
#2169 = AXIS2_PLACEMENT_3D('',#2170,#2171,#2172);
#2170 = CARTESIAN_POINT('',(-6.743,-2.58,-7.05));
#2171 = DIRECTION('',(0.,0.,1.));
#2172 = DIRECTION('',(1.,0.,-0.));
#2173 = ADVANCED_FACE('',(#2174),#2279,.T.);
#2174 = FACE_BOUND('',#2175,.T.);
#2175 = EDGE_LOOP('',(#2176,#2177,#2183,#2184,#2192,#2200,#2208,#2216,
    #2224,#2232,#2240,#2248,#2256,#2264,#2272));
#2176 = ORIENTED_EDGE('',*,*,#1941,.T.);
#2177 = ORIENTED_EDGE('',*,*,#2178,.T.);
#2178 = EDGE_CURVE('',#1934,#1330,#2179,.T.);
#2179 = LINE('',#2180,#2181);
#2180 = CARTESIAN_POINT('',(5.8,-0.18,-1.81));
#2181 = VECTOR('',#2182,1.);
#2182 = DIRECTION('',(1.,0.,0.));
#2183 = ORIENTED_EDGE('',*,*,#1329,.T.);
#2184 = ORIENTED_EDGE('',*,*,#2185,.T.);
#2185 = EDGE_CURVE('',#1322,#2186,#2188,.T.);
#2186 = VERTEX_POINT('',#2187);
#2187 = CARTESIAN_POINT('',(-5.6,0.,-1.81));
#2188 = LINE('',#2189,#2190);
#2189 = CARTESIAN_POINT('',(-6.28,0.,-1.81));
#2190 = VECTOR('',#2191,1.);
#2191 = DIRECTION('',(1.,0.,0.));
#2192 = ORIENTED_EDGE('',*,*,#2193,.T.);
#2193 = EDGE_CURVE('',#2186,#2194,#2196,.T.);
#2194 = VERTEX_POINT('',#2195);
#2195 = CARTESIAN_POINT('',(-5.6,-0.18,-1.81));
#2196 = LINE('',#2197,#2198);
#2197 = CARTESIAN_POINT('',(-5.6,0.,-1.81));
#2198 = VECTOR('',#2199,1.);
#2199 = DIRECTION('',(0.,-1.,0.));
#2200 = ORIENTED_EDGE('',*,*,#2201,.T.);
#2201 = EDGE_CURVE('',#2194,#2202,#2204,.T.);
#2202 = VERTEX_POINT('',#2203);
#2203 = CARTESIAN_POINT('',(-5.1,-0.18,-1.81));
#2204 = LINE('',#2205,#2206);
#2205 = CARTESIAN_POINT('',(-5.6,-0.18,-1.81));
#2206 = VECTOR('',#2207,1.);
#2207 = DIRECTION('',(1.,0.,0.));
#2208 = ORIENTED_EDGE('',*,*,#2209,.T.);
#2209 = EDGE_CURVE('',#2202,#2210,#2212,.T.);
#2210 = VERTEX_POINT('',#2211);
#2211 = CARTESIAN_POINT('',(-5.1,-2.710505431214E-17,-1.81));
#2212 = LINE('',#2213,#2214);
#2213 = CARTESIAN_POINT('',(-5.1,-0.18,-1.81));
#2214 = VECTOR('',#2215,1.);
#2215 = DIRECTION('',(0.,1.,0.));
#2216 = ORIENTED_EDGE('',*,*,#2217,.T.);
#2217 = EDGE_CURVE('',#2210,#2218,#2220,.T.);
#2218 = VERTEX_POINT('',#2219);
#2219 = CARTESIAN_POINT('',(-2.25,0.,-1.81));
#2220 = LINE('',#2221,#2222);
#2221 = CARTESIAN_POINT('',(-5.1,0.,-1.81));
#2222 = VECTOR('',#2223,1.);
#2223 = DIRECTION('',(1.,0.,0.));
#2224 = ORIENTED_EDGE('',*,*,#2225,.T.);
#2225 = EDGE_CURVE('',#2218,#2226,#2228,.T.);
#2226 = VERTEX_POINT('',#2227);
#2227 = CARTESIAN_POINT('',(-2.25,-0.18,-1.81));
#2228 = LINE('',#2229,#2230);
#2229 = CARTESIAN_POINT('',(-2.25,0.,-1.81));
#2230 = VECTOR('',#2231,1.);
#2231 = DIRECTION('',(0.,-1.,0.));
#2232 = ORIENTED_EDGE('',*,*,#2233,.T.);
#2233 = EDGE_CURVE('',#2226,#2234,#2236,.T.);
#2234 = VERTEX_POINT('',#2235);
#2235 = CARTESIAN_POINT('',(-1.75,-0.18,-1.81));
#2236 = LINE('',#2237,#2238);
#2237 = CARTESIAN_POINT('',(-2.25,-0.18,-1.81));
#2238 = VECTOR('',#2239,1.);
#2239 = DIRECTION('',(1.,0.,0.));
#2240 = ORIENTED_EDGE('',*,*,#2241,.T.);
#2241 = EDGE_CURVE('',#2234,#2242,#2244,.T.);
#2242 = VERTEX_POINT('',#2243);
#2243 = CARTESIAN_POINT('',(-1.75,2.710505431214E-17,-1.81));
#2244 = LINE('',#2245,#2246);
#2245 = CARTESIAN_POINT('',(-1.75,-0.18,-1.81));
#2246 = VECTOR('',#2247,1.);
#2247 = DIRECTION('',(0.,1.,0.));
#2248 = ORIENTED_EDGE('',*,*,#2249,.T.);
#2249 = EDGE_CURVE('',#2242,#2250,#2252,.T.);
#2250 = VERTEX_POINT('',#2251);
#2251 = CARTESIAN_POINT('',(-1.2,4.440892098501E-16,-1.81));
#2252 = LINE('',#2253,#2254);
#2253 = CARTESIAN_POINT('',(-1.75,2.775557561563E-17,-1.81));
#2254 = VECTOR('',#2255,1.);
#2255 = DIRECTION('',(1.,-1.850371707709E-17,0.));
#2256 = ORIENTED_EDGE('',*,*,#2257,.T.);
#2257 = EDGE_CURVE('',#2250,#2258,#2260,.T.);
#2258 = VERTEX_POINT('',#2259);
#2259 = CARTESIAN_POINT('',(-1.2,1.1,-1.81));
#2260 = LINE('',#2261,#2262);
#2261 = CARTESIAN_POINT('',(-1.2,4.440892098501E-16,-1.81));
#2262 = VECTOR('',#2263,1.);
#2263 = DIRECTION('',(0.,1.,0.));
#2264 = ORIENTED_EDGE('',*,*,#2265,.T.);
#2265 = EDGE_CURVE('',#2258,#2266,#2268,.T.);
#2266 = VERTEX_POINT('',#2267);
#2267 = CARTESIAN_POINT('',(-5.8,1.1,-1.81));
#2268 = LINE('',#2269,#2270);
#2269 = CARTESIAN_POINT('',(-1.2,1.1,-1.81));
#2270 = VECTOR('',#2271,1.);
#2271 = DIRECTION('',(-1.,4.713922489067E-17,0.));
#2272 = ORIENTED_EDGE('',*,*,#2273,.F.);
#2273 = EDGE_CURVE('',#1942,#2266,#2274,.T.);
#2274 = CIRCLE('',#2275,0.8);
#2275 = AXIS2_PLACEMENT_3D('',#2276,#2277,#2278);
#2276 = CARTESIAN_POINT('',(-5.8,1.9,-1.81));
#2277 = DIRECTION('',(0.,0.,1.));
#2278 = DIRECTION('',(1.,0.,-0.));
#2279 = PLANE('',#2280);
#2280 = AXIS2_PLACEMENT_3D('',#2281,#2282,#2283);
#2281 = CARTESIAN_POINT('',(5.8,1.9,-1.81));
#2282 = DIRECTION('',(0.,0.,1.));
#2283 = DIRECTION('',(1.,0.,-0.));
#2284 = ADVANCED_FACE('',(#2285),#2390,.T.);
#2285 = FACE_BOUND('',#2286,.T.);
#2286 = EDGE_LOOP('',(#2287,#2288,#2294,#2295,#2304,#2312,#2320,#2328,
    #2336,#2344,#2352,#2360,#2368,#2376,#2384));
#2287 = ORIENTED_EDGE('',*,*,#1408,.T.);
#2288 = ORIENTED_EDGE('',*,*,#2289,.T.);
#2289 = EDGE_CURVE('',#1401,#1726,#2290,.T.);
#2290 = LINE('',#2291,#2292);
#2291 = CARTESIAN_POINT('',(5.8,-0.18,-1.81));
#2292 = VECTOR('',#2293,1.);
#2293 = DIRECTION('',(1.,0.,0.));
#2294 = ORIENTED_EDGE('',*,*,#1725,.T.);
#2295 = ORIENTED_EDGE('',*,*,#2296,.F.);
#2296 = EDGE_CURVE('',#2297,#1718,#2299,.T.);
#2297 = VERTEX_POINT('',#2298);
#2298 = CARTESIAN_POINT('',(5.8,1.1,-1.81));
#2299 = CIRCLE('',#2300,0.8);
#2300 = AXIS2_PLACEMENT_3D('',#2301,#2302,#2303);
#2301 = CARTESIAN_POINT('',(5.8,1.9,-1.81));
#2302 = DIRECTION('',(0.,0.,1.));
#2303 = DIRECTION('',(1.,0.,-0.));
#2304 = ORIENTED_EDGE('',*,*,#2305,.T.);
#2305 = EDGE_CURVE('',#2297,#2306,#2308,.T.);
#2306 = VERTEX_POINT('',#2307);
#2307 = CARTESIAN_POINT('',(1.2,1.1,-1.81));
#2308 = LINE('',#2309,#2310);
#2309 = CARTESIAN_POINT('',(5.8,1.1,-1.81));
#2310 = VECTOR('',#2311,1.);
#2311 = DIRECTION('',(-1.,0.,0.));
#2312 = ORIENTED_EDGE('',*,*,#2313,.T.);
#2313 = EDGE_CURVE('',#2306,#2314,#2316,.T.);
#2314 = VERTEX_POINT('',#2315);
#2315 = CARTESIAN_POINT('',(1.2,4.336808689942E-16,-1.81));
#2316 = LINE('',#2317,#2318);
#2317 = CARTESIAN_POINT('',(1.2,1.1,-1.81));
#2318 = VECTOR('',#2319,1.);
#2319 = DIRECTION('',(0.,-1.,0.));
#2320 = ORIENTED_EDGE('',*,*,#2321,.T.);
#2321 = EDGE_CURVE('',#2314,#2322,#2324,.T.);
#2322 = VERTEX_POINT('',#2323);
#2323 = CARTESIAN_POINT('',(1.75,0.,-1.81));
#2324 = LINE('',#2325,#2326);
#2325 = CARTESIAN_POINT('',(0.25,0.,-1.81));
#2326 = VECTOR('',#2327,1.);
#2327 = DIRECTION('',(1.,0.,0.));
#2328 = ORIENTED_EDGE('',*,*,#2329,.T.);
#2329 = EDGE_CURVE('',#2322,#2330,#2332,.T.);
#2330 = VERTEX_POINT('',#2331);
#2331 = CARTESIAN_POINT('',(1.75,-0.18,-1.81));
#2332 = LINE('',#2333,#2334);
#2333 = CARTESIAN_POINT('',(1.75,0.,-1.81));
#2334 = VECTOR('',#2335,1.);
#2335 = DIRECTION('',(0.,-1.,0.));
#2336 = ORIENTED_EDGE('',*,*,#2337,.T.);
#2337 = EDGE_CURVE('',#2330,#2338,#2340,.T.);
#2338 = VERTEX_POINT('',#2339);
#2339 = CARTESIAN_POINT('',(2.25,-0.18,-1.81));
#2340 = LINE('',#2341,#2342);
#2341 = CARTESIAN_POINT('',(1.75,-0.18,-1.81));
#2342 = VECTOR('',#2343,1.);
#2343 = DIRECTION('',(1.,-5.421010862428E-17,0.));
#2344 = ORIENTED_EDGE('',*,*,#2345,.T.);
#2345 = EDGE_CURVE('',#2338,#2346,#2348,.T.);
#2346 = VERTEX_POINT('',#2347);
#2347 = CARTESIAN_POINT('',(2.25,-2.775557561563E-17,-1.81));
#2348 = LINE('',#2349,#2350);
#2349 = CARTESIAN_POINT('',(2.25,-0.18,-1.81));
#2350 = VECTOR('',#2351,1.);
#2351 = DIRECTION('',(0.,1.,0.));
#2352 = ORIENTED_EDGE('',*,*,#2353,.T.);
#2353 = EDGE_CURVE('',#2346,#2354,#2356,.T.);
#2354 = VERTEX_POINT('',#2355);
#2355 = CARTESIAN_POINT('',(5.1,-5.551115123126E-17,-1.81));
#2356 = LINE('',#2357,#2358);
#2357 = CARTESIAN_POINT('',(2.25,-2.775557561563E-17,-1.81));
#2358 = VECTOR('',#2359,1.);
#2359 = DIRECTION('',(1.,-9.738798461624E-18,0.));
#2360 = ORIENTED_EDGE('',*,*,#2361,.T.);
#2361 = EDGE_CURVE('',#2354,#2362,#2364,.T.);
#2362 = VERTEX_POINT('',#2363);
#2363 = CARTESIAN_POINT('',(5.1,-0.18,-1.81));
#2364 = LINE('',#2365,#2366);
#2365 = CARTESIAN_POINT('',(5.1,-5.551115123126E-17,-1.81));
#2366 = VECTOR('',#2367,1.);
#2367 = DIRECTION('',(0.,-1.,0.));
#2368 = ORIENTED_EDGE('',*,*,#2369,.T.);
#2369 = EDGE_CURVE('',#2362,#2370,#2372,.T.);
#2370 = VERTEX_POINT('',#2371);
#2371 = CARTESIAN_POINT('',(5.6,-0.18,-1.81));
#2372 = LINE('',#2373,#2374);
#2373 = CARTESIAN_POINT('',(5.1,-0.18,-1.81));
#2374 = VECTOR('',#2375,1.);
#2375 = DIRECTION('',(1.,-5.421010862428E-17,0.));
#2376 = ORIENTED_EDGE('',*,*,#2377,.T.);
#2377 = EDGE_CURVE('',#2370,#2378,#2380,.T.);
#2378 = VERTEX_POINT('',#2379);
#2379 = CARTESIAN_POINT('',(5.6,-2.775557561563E-17,-1.81));
#2380 = LINE('',#2381,#2382);
#2381 = CARTESIAN_POINT('',(5.6,-0.18,-1.81));
#2382 = VECTOR('',#2383,1.);
#2383 = DIRECTION('',(0.,1.,0.));
#2384 = ORIENTED_EDGE('',*,*,#2385,.T.);
#2385 = EDGE_CURVE('',#2378,#1409,#2386,.T.);
#2386 = LINE('',#2387,#2388);
#2387 = CARTESIAN_POINT('',(5.6,-2.775557561563E-17,-1.81));
#2388 = VECTOR('',#2389,1.);
#2389 = DIRECTION('',(1.,4.081702296416E-17,0.));
#2390 = PLANE('',#2391);
#2391 = AXIS2_PLACEMENT_3D('',#2392,#2393,#2394);
#2392 = CARTESIAN_POINT('',(5.8,1.9,-1.81));
#2393 = DIRECTION('',(0.,0.,1.));
#2394 = DIRECTION('',(1.,0.,-0.));
#2395 = ADVANCED_FACE('',(#2396),#2458,.F.);
#2396 = FACE_BOUND('',#2397,.T.);
#2397 = EDGE_LOOP('',(#2398,#2408,#2414,#2415,#2421,#2422,#2430,#2438,
    #2444,#2445,#2451,#2452));
#2398 = ORIENTED_EDGE('',*,*,#2399,.F.);
#2399 = EDGE_CURVE('',#2400,#2402,#2404,.T.);
#2400 = VERTEX_POINT('',#2401);
#2401 = CARTESIAN_POINT('',(-1.2,0.,1.29));
#2402 = VERTEX_POINT('',#2403);
#2403 = CARTESIAN_POINT('',(1.2,4.336808689942E-16,1.29));
#2404 = LINE('',#2405,#2406);
#2405 = CARTESIAN_POINT('',(0.25,0.,1.29));
#2406 = VECTOR('',#2407,1.);
#2407 = DIRECTION('',(1.,0.,0.));
#2408 = ORIENTED_EDGE('',*,*,#2409,.F.);
#2409 = EDGE_CURVE('',#2250,#2400,#2410,.T.);
#2410 = LINE('',#2411,#2412);
#2411 = CARTESIAN_POINT('',(-1.2,4.440892098501E-16,-1.81));
#2412 = VECTOR('',#2413,1.);
#2413 = DIRECTION('',(0.,0.,1.));
#2414 = ORIENTED_EDGE('',*,*,#2249,.F.);
#2415 = ORIENTED_EDGE('',*,*,#2416,.T.);
#2416 = EDGE_CURVE('',#2242,#2099,#2417,.T.);
#2417 = LINE('',#2418,#2419);
#2418 = CARTESIAN_POINT('',(-1.75,2.710505431214E-17,7.05));
#2419 = VECTOR('',#2420,1.);
#2420 = DIRECTION('',(0.,0.,-1.));
#2421 = ORIENTED_EDGE('',*,*,#2098,.T.);
#2422 = ORIENTED_EDGE('',*,*,#2423,.F.);
#2423 = EDGE_CURVE('',#2424,#2091,#2426,.T.);
#2424 = VERTEX_POINT('',#2425);
#2425 = CARTESIAN_POINT('',(-0.25,4.440892098501E-16,-1.81));
#2426 = LINE('',#2427,#2428);
#2427 = CARTESIAN_POINT('',(-0.25,0.,7.05));
#2428 = VECTOR('',#2429,1.);
#2429 = DIRECTION('',(0.,0.,-1.));
#2430 = ORIENTED_EDGE('',*,*,#2431,.F.);
#2431 = EDGE_CURVE('',#2432,#2424,#2434,.T.);
#2432 = VERTEX_POINT('',#2433);
#2433 = CARTESIAN_POINT('',(0.25,4.440892098501E-16,-1.81));
#2434 = LINE('',#2435,#2436);
#2435 = CARTESIAN_POINT('',(1.2,4.440892098501E-16,-1.81));
#2436 = VECTOR('',#2437,1.);
#2437 = DIRECTION('',(-1.,0.,0.));
#2438 = ORIENTED_EDGE('',*,*,#2439,.T.);
#2439 = EDGE_CURVE('',#2432,#2067,#2440,.T.);
#2440 = LINE('',#2441,#2442);
#2441 = CARTESIAN_POINT('',(0.25,-2.710505431214E-17,7.05));
#2442 = VECTOR('',#2443,1.);
#2443 = DIRECTION('',(0.,0.,-1.));
#2444 = ORIENTED_EDGE('',*,*,#2066,.T.);
#2445 = ORIENTED_EDGE('',*,*,#2446,.F.);
#2446 = EDGE_CURVE('',#2322,#2059,#2447,.T.);
#2447 = LINE('',#2448,#2449);
#2448 = CARTESIAN_POINT('',(1.75,0.,7.05));
#2449 = VECTOR('',#2450,1.);
#2450 = DIRECTION('',(0.,0.,-1.));
#2451 = ORIENTED_EDGE('',*,*,#2321,.F.);
#2452 = ORIENTED_EDGE('',*,*,#2453,.T.);
#2453 = EDGE_CURVE('',#2314,#2402,#2454,.T.);
#2454 = LINE('',#2455,#2456);
#2455 = CARTESIAN_POINT('',(1.2,4.336808689942E-16,-1.81));
#2456 = VECTOR('',#2457,1.);
#2457 = DIRECTION('',(0.,0.,1.));
#2458 = PLANE('',#2459);
#2459 = AXIS2_PLACEMENT_3D('',#2460,#2461,#2462);
#2460 = CARTESIAN_POINT('',(0.25,0.,7.05));
#2461 = DIRECTION('',(0.,1.,0.));
#2462 = DIRECTION('',(0.,-0.,1.));
#2463 = ADVANCED_FACE('',(#2464),#2482,.F.);
#2464 = FACE_BOUND('',#2465,.T.);
#2465 = EDGE_LOOP('',(#2466,#2474,#2480,#2481));
#2466 = ORIENTED_EDGE('',*,*,#2467,.F.);
#2467 = EDGE_CURVE('',#2468,#2400,#2470,.T.);
#2468 = VERTEX_POINT('',#2469);
#2469 = CARTESIAN_POINT('',(-1.2,1.1,1.29));
#2470 = LINE('',#2471,#2472);
#2471 = CARTESIAN_POINT('',(-1.2,4.440892098501E-16,1.29));
#2472 = VECTOR('',#2473,1.);
#2473 = DIRECTION('',(0.,-1.,0.));
#2474 = ORIENTED_EDGE('',*,*,#2475,.F.);
#2475 = EDGE_CURVE('',#2258,#2468,#2476,.T.);
#2476 = LINE('',#2477,#2478);
#2477 = CARTESIAN_POINT('',(-1.2,1.1,-1.81));
#2478 = VECTOR('',#2479,1.);
#2479 = DIRECTION('',(0.,0.,1.));
#2480 = ORIENTED_EDGE('',*,*,#2257,.F.);
#2481 = ORIENTED_EDGE('',*,*,#2409,.T.);
#2482 = PLANE('',#2483);
#2483 = AXIS2_PLACEMENT_3D('',#2484,#2485,#2486);
#2484 = CARTESIAN_POINT('',(-1.2,4.440892098501E-16,-1.81));
#2485 = DIRECTION('',(1.,0.,0.));
#2486 = DIRECTION('',(0.,0.,-1.));
#2487 = ADVANCED_FACE('',(#2488),#2506,.F.);
#2488 = FACE_BOUND('',#2489,.T.);
#2489 = EDGE_LOOP('',(#2490,#2498,#2499,#2500));
#2490 = ORIENTED_EDGE('',*,*,#2491,.F.);
#2491 = EDGE_CURVE('',#2402,#2492,#2494,.T.);
#2492 = VERTEX_POINT('',#2493);
#2493 = CARTESIAN_POINT('',(1.2,1.1,1.29));
#2494 = LINE('',#2495,#2496);
#2495 = CARTESIAN_POINT('',(1.2,1.1,1.29));
#2496 = VECTOR('',#2497,1.);
#2497 = DIRECTION('',(0.,1.,0.));
#2498 = ORIENTED_EDGE('',*,*,#2453,.F.);
#2499 = ORIENTED_EDGE('',*,*,#2313,.F.);
#2500 = ORIENTED_EDGE('',*,*,#2501,.T.);
#2501 = EDGE_CURVE('',#2306,#2492,#2502,.T.);
#2502 = LINE('',#2503,#2504);
#2503 = CARTESIAN_POINT('',(1.2,1.1,-1.81));
#2504 = VECTOR('',#2505,1.);
#2505 = DIRECTION('',(0.,0.,1.));
#2506 = PLANE('',#2507);
#2507 = AXIS2_PLACEMENT_3D('',#2508,#2509,#2510);
#2508 = CARTESIAN_POINT('',(1.2,1.1,-1.81));
#2509 = DIRECTION('',(-1.,0.,0.));
#2510 = DIRECTION('',(0.,0.,1.));
#2511 = ADVANCED_FACE('',(#2512),#2523,.F.);
#2512 = FACE_BOUND('',#2513,.T.);
#2513 = EDGE_LOOP('',(#2514,#2515,#2516,#2517));
#2514 = ORIENTED_EDGE('',*,*,#2185,.F.);
#2515 = ORIENTED_EDGE('',*,*,#1321,.T.);
#2516 = ORIENTED_EDGE('',*,*,#2162,.T.);
#2517 = ORIENTED_EDGE('',*,*,#2518,.F.);
#2518 = EDGE_CURVE('',#2186,#2155,#2519,.T.);
#2519 = LINE('',#2520,#2521);
#2520 = CARTESIAN_POINT('',(-5.6,0.,7.05));
#2521 = VECTOR('',#2522,1.);
#2522 = DIRECTION('',(0.,0.,-1.));
#2523 = PLANE('',#2524);
#2524 = AXIS2_PLACEMENT_3D('',#2525,#2526,#2527);
#2525 = CARTESIAN_POINT('',(-6.28,0.,7.05));
#2526 = DIRECTION('',(0.,1.,0.));
#2527 = DIRECTION('',(0.,-0.,1.));
#2528 = ADVANCED_FACE('',(#2529),#2540,.F.);
#2529 = FACE_BOUND('',#2530,.T.);
#2530 = EDGE_LOOP('',(#2531,#2532,#2533,#2534));
#2531 = ORIENTED_EDGE('',*,*,#2193,.F.);
#2532 = ORIENTED_EDGE('',*,*,#2518,.T.);
#2533 = ORIENTED_EDGE('',*,*,#2154,.T.);
#2534 = ORIENTED_EDGE('',*,*,#2535,.F.);
#2535 = EDGE_CURVE('',#2194,#2147,#2536,.T.);
#2536 = LINE('',#2537,#2538);
#2537 = CARTESIAN_POINT('',(-5.6,-0.18,7.05));
#2538 = VECTOR('',#2539,1.);
#2539 = DIRECTION('',(0.,0.,-1.));
#2540 = PLANE('',#2541);
#2541 = AXIS2_PLACEMENT_3D('',#2542,#2543,#2544);
#2542 = CARTESIAN_POINT('',(-5.6,0.,7.05));
#2543 = DIRECTION('',(1.,0.,0.));
#2544 = DIRECTION('',(0.,0.,-1.));
#2545 = ADVANCED_FACE('',(#2546),#2557,.F.);
#2546 = FACE_BOUND('',#2547,.T.);
#2547 = EDGE_LOOP('',(#2548,#2549,#2550,#2556));
#2548 = ORIENTED_EDGE('',*,*,#2535,.T.);
#2549 = ORIENTED_EDGE('',*,*,#2146,.T.);
#2550 = ORIENTED_EDGE('',*,*,#2551,.F.);
#2551 = EDGE_CURVE('',#2202,#2139,#2552,.T.);
#2552 = LINE('',#2553,#2554);
#2553 = CARTESIAN_POINT('',(-5.1,-0.18,7.05));
#2554 = VECTOR('',#2555,1.);
#2555 = DIRECTION('',(0.,0.,-1.));
#2556 = ORIENTED_EDGE('',*,*,#2201,.F.);
#2557 = PLANE('',#2558);
#2558 = AXIS2_PLACEMENT_3D('',#2559,#2560,#2561);
#2559 = CARTESIAN_POINT('',(-5.6,-0.18,7.05));
#2560 = DIRECTION('',(0.,1.,0.));
#2561 = DIRECTION('',(0.,-0.,1.));
#2562 = ADVANCED_FACE('',(#2563),#2574,.F.);
#2563 = FACE_BOUND('',#2564,.T.);
#2564 = EDGE_LOOP('',(#2565,#2566,#2567,#2568));
#2565 = ORIENTED_EDGE('',*,*,#2209,.F.);
#2566 = ORIENTED_EDGE('',*,*,#2551,.T.);
#2567 = ORIENTED_EDGE('',*,*,#2138,.T.);
#2568 = ORIENTED_EDGE('',*,*,#2569,.F.);
#2569 = EDGE_CURVE('',#2210,#2131,#2570,.T.);
#2570 = LINE('',#2571,#2572);
#2571 = CARTESIAN_POINT('',(-5.1,-2.710505431214E-17,7.05));
#2572 = VECTOR('',#2573,1.);
#2573 = DIRECTION('',(0.,0.,-1.));
#2574 = PLANE('',#2575);
#2575 = AXIS2_PLACEMENT_3D('',#2576,#2577,#2578);
#2576 = CARTESIAN_POINT('',(-5.1,-0.18,7.05));
#2577 = DIRECTION('',(-1.,0.,0.));
#2578 = DIRECTION('',(0.,0.,1.));
#2579 = ADVANCED_FACE('',(#2580),#2591,.F.);
#2580 = FACE_BOUND('',#2581,.T.);
#2581 = EDGE_LOOP('',(#2582,#2583,#2584,#2585));
#2582 = ORIENTED_EDGE('',*,*,#2217,.F.);
#2583 = ORIENTED_EDGE('',*,*,#2569,.T.);
#2584 = ORIENTED_EDGE('',*,*,#2130,.T.);
#2585 = ORIENTED_EDGE('',*,*,#2586,.F.);
#2586 = EDGE_CURVE('',#2218,#2123,#2587,.T.);
#2587 = LINE('',#2588,#2589);
#2588 = CARTESIAN_POINT('',(-2.25,0.,7.05));
#2589 = VECTOR('',#2590,1.);
#2590 = DIRECTION('',(0.,0.,-1.));
#2591 = PLANE('',#2592);
#2592 = AXIS2_PLACEMENT_3D('',#2593,#2594,#2595);
#2593 = CARTESIAN_POINT('',(-5.1,0.,7.05));
#2594 = DIRECTION('',(0.,1.,0.));
#2595 = DIRECTION('',(0.,-0.,1.));
#2596 = ADVANCED_FACE('',(#2597),#2608,.F.);
#2597 = FACE_BOUND('',#2598,.T.);
#2598 = EDGE_LOOP('',(#2599,#2600,#2601,#2602));
#2599 = ORIENTED_EDGE('',*,*,#2225,.F.);
#2600 = ORIENTED_EDGE('',*,*,#2586,.T.);
#2601 = ORIENTED_EDGE('',*,*,#2122,.T.);
#2602 = ORIENTED_EDGE('',*,*,#2603,.F.);
#2603 = EDGE_CURVE('',#2226,#2115,#2604,.T.);
#2604 = LINE('',#2605,#2606);
#2605 = CARTESIAN_POINT('',(-2.25,-0.18,7.05));
#2606 = VECTOR('',#2607,1.);
#2607 = DIRECTION('',(0.,0.,-1.));
#2608 = PLANE('',#2609);
#2609 = AXIS2_PLACEMENT_3D('',#2610,#2611,#2612);
#2610 = CARTESIAN_POINT('',(-2.25,0.,7.05));
#2611 = DIRECTION('',(1.,0.,0.));
#2612 = DIRECTION('',(0.,0.,-1.));
#2613 = ADVANCED_FACE('',(#2614),#2625,.F.);
#2614 = FACE_BOUND('',#2615,.T.);
#2615 = EDGE_LOOP('',(#2616,#2617,#2618,#2624));
#2616 = ORIENTED_EDGE('',*,*,#2603,.T.);
#2617 = ORIENTED_EDGE('',*,*,#2114,.T.);
#2618 = ORIENTED_EDGE('',*,*,#2619,.F.);
#2619 = EDGE_CURVE('',#2234,#2107,#2620,.T.);
#2620 = LINE('',#2621,#2622);
#2621 = CARTESIAN_POINT('',(-1.75,-0.18,7.05));
#2622 = VECTOR('',#2623,1.);
#2623 = DIRECTION('',(0.,0.,-1.));
#2624 = ORIENTED_EDGE('',*,*,#2233,.F.);
#2625 = PLANE('',#2626);
#2626 = AXIS2_PLACEMENT_3D('',#2627,#2628,#2629);
#2627 = CARTESIAN_POINT('',(-2.25,-0.18,7.05));
#2628 = DIRECTION('',(0.,1.,0.));
#2629 = DIRECTION('',(0.,-0.,1.));
#2630 = ADVANCED_FACE('',(#2631),#2637,.F.);
#2631 = FACE_BOUND('',#2632,.T.);
#2632 = EDGE_LOOP('',(#2633,#2634,#2635,#2636));
#2633 = ORIENTED_EDGE('',*,*,#2241,.F.);
#2634 = ORIENTED_EDGE('',*,*,#2619,.T.);
#2635 = ORIENTED_EDGE('',*,*,#2106,.T.);
#2636 = ORIENTED_EDGE('',*,*,#2416,.F.);
#2637 = PLANE('',#2638);
#2638 = AXIS2_PLACEMENT_3D('',#2639,#2640,#2641);
#2639 = CARTESIAN_POINT('',(-1.75,-0.18,7.05));
#2640 = DIRECTION('',(-1.,0.,0.));
#2641 = DIRECTION('',(0.,0.,1.));
#2642 = ADVANCED_FACE('',(#2643),#2661,.F.);
#2643 = FACE_BOUND('',#2644,.T.);
#2644 = EDGE_LOOP('',(#2645,#2653,#2654,#2655));
#2645 = ORIENTED_EDGE('',*,*,#2646,.F.);
#2646 = EDGE_CURVE('',#2424,#2647,#2649,.T.);
#2647 = VERTEX_POINT('',#2648);
#2648 = CARTESIAN_POINT('',(-0.25,-0.18,-1.81));
#2649 = LINE('',#2650,#2651);
#2650 = CARTESIAN_POINT('',(-0.25,0.,-1.81));
#2651 = VECTOR('',#2652,1.);
#2652 = DIRECTION('',(0.,-1.,0.));
#2653 = ORIENTED_EDGE('',*,*,#2423,.T.);
#2654 = ORIENTED_EDGE('',*,*,#2090,.T.);
#2655 = ORIENTED_EDGE('',*,*,#2656,.F.);
#2656 = EDGE_CURVE('',#2647,#2083,#2657,.T.);
#2657 = LINE('',#2658,#2659);
#2658 = CARTESIAN_POINT('',(-0.25,-0.18,7.05));
#2659 = VECTOR('',#2660,1.);
#2660 = DIRECTION('',(0.,0.,-1.));
#2661 = PLANE('',#2662);
#2662 = AXIS2_PLACEMENT_3D('',#2663,#2664,#2665);
#2663 = CARTESIAN_POINT('',(-0.25,0.,7.05));
#2664 = DIRECTION('',(1.,0.,0.));
#2665 = DIRECTION('',(0.,0.,-1.));
#2666 = ADVANCED_FACE('',(#2667),#2685,.F.);
#2667 = FACE_BOUND('',#2668,.T.);
#2668 = EDGE_LOOP('',(#2669,#2670,#2671,#2679));
#2669 = ORIENTED_EDGE('',*,*,#2656,.T.);
#2670 = ORIENTED_EDGE('',*,*,#2082,.T.);
#2671 = ORIENTED_EDGE('',*,*,#2672,.F.);
#2672 = EDGE_CURVE('',#2673,#2075,#2675,.T.);
#2673 = VERTEX_POINT('',#2674);
#2674 = CARTESIAN_POINT('',(0.25,-0.18,-1.81));
#2675 = LINE('',#2676,#2677);
#2676 = CARTESIAN_POINT('',(0.25,-0.18,7.05));
#2677 = VECTOR('',#2678,1.);
#2678 = DIRECTION('',(0.,0.,-1.));
#2679 = ORIENTED_EDGE('',*,*,#2680,.F.);
#2680 = EDGE_CURVE('',#2647,#2673,#2681,.T.);
#2681 = LINE('',#2682,#2683);
#2682 = CARTESIAN_POINT('',(-0.25,-0.18,-1.81));
#2683 = VECTOR('',#2684,1.);
#2684 = DIRECTION('',(1.,0.,0.));
#2685 = PLANE('',#2686);
#2686 = AXIS2_PLACEMENT_3D('',#2687,#2688,#2689);
#2687 = CARTESIAN_POINT('',(-0.25,-0.18,7.05));
#2688 = DIRECTION('',(0.,1.,0.));
#2689 = DIRECTION('',(0.,-0.,1.));
#2690 = ADVANCED_FACE('',(#2691),#2702,.F.);
#2691 = FACE_BOUND('',#2692,.T.);
#2692 = EDGE_LOOP('',(#2693,#2699,#2700,#2701));
#2693 = ORIENTED_EDGE('',*,*,#2694,.F.);
#2694 = EDGE_CURVE('',#2673,#2432,#2695,.T.);
#2695 = LINE('',#2696,#2697);
#2696 = CARTESIAN_POINT('',(0.25,-0.18,-1.81));
#2697 = VECTOR('',#2698,1.);
#2698 = DIRECTION('',(0.,1.,0.));
#2699 = ORIENTED_EDGE('',*,*,#2672,.T.);
#2700 = ORIENTED_EDGE('',*,*,#2074,.T.);
#2701 = ORIENTED_EDGE('',*,*,#2439,.F.);
#2702 = PLANE('',#2703);
#2703 = AXIS2_PLACEMENT_3D('',#2704,#2705,#2706);
#2704 = CARTESIAN_POINT('',(0.25,-0.18,7.05));
#2705 = DIRECTION('',(-1.,0.,0.));
#2706 = DIRECTION('',(0.,0.,1.));
#2707 = ADVANCED_FACE('',(#2708),#2719,.F.);
#2708 = FACE_BOUND('',#2709,.T.);
#2709 = EDGE_LOOP('',(#2710,#2711,#2712,#2713));
#2710 = ORIENTED_EDGE('',*,*,#2329,.F.);
#2711 = ORIENTED_EDGE('',*,*,#2446,.T.);
#2712 = ORIENTED_EDGE('',*,*,#2058,.T.);
#2713 = ORIENTED_EDGE('',*,*,#2714,.F.);
#2714 = EDGE_CURVE('',#2330,#2051,#2715,.T.);
#2715 = LINE('',#2716,#2717);
#2716 = CARTESIAN_POINT('',(1.75,-0.18,7.05));
#2717 = VECTOR('',#2718,1.);
#2718 = DIRECTION('',(0.,0.,-1.));
#2719 = PLANE('',#2720);
#2720 = AXIS2_PLACEMENT_3D('',#2721,#2722,#2723);
#2721 = CARTESIAN_POINT('',(1.75,0.,7.05));
#2722 = DIRECTION('',(1.,0.,0.));
#2723 = DIRECTION('',(0.,0.,-1.));
#2724 = ADVANCED_FACE('',(#2725),#2736,.F.);
#2725 = FACE_BOUND('',#2726,.T.);
#2726 = EDGE_LOOP('',(#2727,#2728,#2729,#2735));
#2727 = ORIENTED_EDGE('',*,*,#2714,.T.);
#2728 = ORIENTED_EDGE('',*,*,#2050,.T.);
#2729 = ORIENTED_EDGE('',*,*,#2730,.F.);
#2730 = EDGE_CURVE('',#2338,#2043,#2731,.T.);
#2731 = LINE('',#2732,#2733);
#2732 = CARTESIAN_POINT('',(2.25,-0.18,7.05));
#2733 = VECTOR('',#2734,1.);
#2734 = DIRECTION('',(0.,0.,-1.));
#2735 = ORIENTED_EDGE('',*,*,#2337,.F.);
#2736 = PLANE('',#2737);
#2737 = AXIS2_PLACEMENT_3D('',#2738,#2739,#2740);
#2738 = CARTESIAN_POINT('',(1.75,-0.18,7.05));
#2739 = DIRECTION('',(5.421010862428E-17,1.,0.));
#2740 = DIRECTION('',(-1.,5.421010862428E-17,0.));
#2741 = ADVANCED_FACE('',(#2742),#2753,.F.);
#2742 = FACE_BOUND('',#2743,.T.);
#2743 = EDGE_LOOP('',(#2744,#2745,#2746,#2747));
#2744 = ORIENTED_EDGE('',*,*,#2345,.F.);
#2745 = ORIENTED_EDGE('',*,*,#2730,.T.);
#2746 = ORIENTED_EDGE('',*,*,#2042,.T.);
#2747 = ORIENTED_EDGE('',*,*,#2748,.F.);
#2748 = EDGE_CURVE('',#2346,#2035,#2749,.T.);
#2749 = LINE('',#2750,#2751);
#2750 = CARTESIAN_POINT('',(2.25,-5.421010862428E-17,7.05));
#2751 = VECTOR('',#2752,1.);
#2752 = DIRECTION('',(0.,0.,-1.));
#2753 = PLANE('',#2754);
#2754 = AXIS2_PLACEMENT_3D('',#2755,#2756,#2757);
#2755 = CARTESIAN_POINT('',(2.25,-0.18,7.05));
#2756 = DIRECTION('',(-1.,0.,0.));
#2757 = DIRECTION('',(0.,0.,1.));
#2758 = ADVANCED_FACE('',(#2759),#2770,.F.);
#2759 = FACE_BOUND('',#2760,.T.);
#2760 = EDGE_LOOP('',(#2761,#2762,#2763,#2764));
#2761 = ORIENTED_EDGE('',*,*,#2353,.F.);
#2762 = ORIENTED_EDGE('',*,*,#2748,.T.);
#2763 = ORIENTED_EDGE('',*,*,#2034,.T.);
#2764 = ORIENTED_EDGE('',*,*,#2765,.F.);
#2765 = EDGE_CURVE('',#2354,#2027,#2766,.T.);
#2766 = LINE('',#2767,#2768);
#2767 = CARTESIAN_POINT('',(5.1,-5.551115123126E-17,7.05));
#2768 = VECTOR('',#2769,1.);
#2769 = DIRECTION('',(0.,0.,-1.));
#2770 = PLANE('',#2771);
#2771 = AXIS2_PLACEMENT_3D('',#2772,#2773,#2774);
#2772 = CARTESIAN_POINT('',(2.25,-2.775557561563E-17,7.05));
#2773 = DIRECTION('',(9.738798461624E-18,1.,0.));
#2774 = DIRECTION('',(-1.,9.738798461624E-18,0.));
#2775 = ADVANCED_FACE('',(#2776),#2787,.F.);
#2776 = FACE_BOUND('',#2777,.T.);
#2777 = EDGE_LOOP('',(#2778,#2779,#2780,#2781));
#2778 = ORIENTED_EDGE('',*,*,#2361,.F.);
#2779 = ORIENTED_EDGE('',*,*,#2765,.T.);
#2780 = ORIENTED_EDGE('',*,*,#2026,.T.);
#2781 = ORIENTED_EDGE('',*,*,#2782,.F.);
#2782 = EDGE_CURVE('',#2362,#2019,#2783,.T.);
#2783 = LINE('',#2784,#2785);
#2784 = CARTESIAN_POINT('',(5.1,-0.18,7.05));
#2785 = VECTOR('',#2786,1.);
#2786 = DIRECTION('',(0.,0.,-1.));
#2787 = PLANE('',#2788);
#2788 = AXIS2_PLACEMENT_3D('',#2789,#2790,#2791);
#2789 = CARTESIAN_POINT('',(5.1,-5.551115123126E-17,7.05));
#2790 = DIRECTION('',(1.,0.,0.));
#2791 = DIRECTION('',(0.,0.,-1.));
#2792 = ADVANCED_FACE('',(#2793),#2804,.F.);
#2793 = FACE_BOUND('',#2794,.T.);
#2794 = EDGE_LOOP('',(#2795,#2796,#2797,#2803));
#2795 = ORIENTED_EDGE('',*,*,#2782,.T.);
#2796 = ORIENTED_EDGE('',*,*,#2018,.T.);
#2797 = ORIENTED_EDGE('',*,*,#2798,.F.);
#2798 = EDGE_CURVE('',#2370,#2011,#2799,.T.);
#2799 = LINE('',#2800,#2801);
#2800 = CARTESIAN_POINT('',(5.6,-0.18,7.05));
#2801 = VECTOR('',#2802,1.);
#2802 = DIRECTION('',(0.,0.,-1.));
#2803 = ORIENTED_EDGE('',*,*,#2369,.F.);
#2804 = PLANE('',#2805);
#2805 = AXIS2_PLACEMENT_3D('',#2806,#2807,#2808);
#2806 = CARTESIAN_POINT('',(5.1,-0.18,7.05));
#2807 = DIRECTION('',(5.421010862428E-17,1.,0.));
#2808 = DIRECTION('',(-1.,5.421010862428E-17,0.));
#2809 = ADVANCED_FACE('',(#2810),#2821,.F.);
#2810 = FACE_BOUND('',#2811,.T.);
#2811 = EDGE_LOOP('',(#2812,#2813,#2814,#2815));
#2812 = ORIENTED_EDGE('',*,*,#2377,.F.);
#2813 = ORIENTED_EDGE('',*,*,#2798,.T.);
#2814 = ORIENTED_EDGE('',*,*,#2010,.T.);
#2815 = ORIENTED_EDGE('',*,*,#2816,.F.);
#2816 = EDGE_CURVE('',#2378,#2003,#2817,.T.);
#2817 = LINE('',#2818,#2819);
#2818 = CARTESIAN_POINT('',(5.6,-5.421010862428E-17,7.05));
#2819 = VECTOR('',#2820,1.);
#2820 = DIRECTION('',(0.,0.,-1.));
#2821 = PLANE('',#2822);
#2822 = AXIS2_PLACEMENT_3D('',#2823,#2824,#2825);
#2823 = CARTESIAN_POINT('',(5.6,-0.18,7.05));
#2824 = DIRECTION('',(-1.,0.,0.));
#2825 = DIRECTION('',(0.,0.,1.));
#2826 = ADVANCED_FACE('',(#2827),#2833,.F.);
#2827 = FACE_BOUND('',#2828,.T.);
#2828 = EDGE_LOOP('',(#2829,#2830,#2831,#2832));
#2829 = ORIENTED_EDGE('',*,*,#2385,.F.);
#2830 = ORIENTED_EDGE('',*,*,#2816,.T.);
#2831 = ORIENTED_EDGE('',*,*,#2002,.T.);
#2832 = ORIENTED_EDGE('',*,*,#1416,.F.);
#2833 = PLANE('',#2834);
#2834 = AXIS2_PLACEMENT_3D('',#2835,#2836,#2837);
#2835 = CARTESIAN_POINT('',(5.6,-2.775557561563E-17,7.05));
#2836 = DIRECTION('',(-4.081702296416E-17,1.,0.));
#2837 = DIRECTION('',(-1.,-4.081702296416E-17,0.));
#2838 = ADVANCED_FACE('',(#2839,#2909),#3071,.T.);
#2839 = FACE_BOUND('',#2840,.T.);
#2840 = EDGE_LOOP('',(#2841,#2852,#2860,#2869,#2877,#2886,#2894,#2903));
#2841 = ORIENTED_EDGE('',*,*,#2842,.F.);
#2842 = EDGE_CURVE('',#2843,#2845,#2847,.T.);
#2843 = VERTEX_POINT('',#2844);
#2844 = CARTESIAN_POINT('',(-5.77,6.58,7.05));
#2845 = VERTEX_POINT('',#2846);
#2846 = CARTESIAN_POINT('',(-6.25,6.1,7.05));
#2847 = CIRCLE('',#2848,0.48);
#2848 = AXIS2_PLACEMENT_3D('',#2849,#2850,#2851);
#2849 = CARTESIAN_POINT('',(-5.77,6.1,7.05));
#2850 = DIRECTION('',(0.,0.,1.));
#2851 = DIRECTION('',(1.,0.,-0.));
#2852 = ORIENTED_EDGE('',*,*,#2853,.F.);
#2853 = EDGE_CURVE('',#2854,#2843,#2856,.T.);
#2854 = VERTEX_POINT('',#2855);
#2855 = CARTESIAN_POINT('',(5.77,6.58,7.05));
#2856 = LINE('',#2857,#2858);
#2857 = CARTESIAN_POINT('',(5.77,6.58,7.05));
#2858 = VECTOR('',#2859,1.);
#2859 = DIRECTION('',(-1.,0.,0.));
#2860 = ORIENTED_EDGE('',*,*,#2861,.F.);
#2861 = EDGE_CURVE('',#2862,#2854,#2864,.T.);
#2862 = VERTEX_POINT('',#2863);
#2863 = CARTESIAN_POINT('',(6.25,6.1,7.05));
#2864 = CIRCLE('',#2865,0.48);
#2865 = AXIS2_PLACEMENT_3D('',#2866,#2867,#2868);
#2866 = CARTESIAN_POINT('',(5.77,6.1,7.05));
#2867 = DIRECTION('',(0.,0.,1.));
#2868 = DIRECTION('',(1.,0.,-0.));
#2869 = ORIENTED_EDGE('',*,*,#2870,.F.);
#2870 = EDGE_CURVE('',#2871,#2862,#2873,.T.);
#2871 = VERTEX_POINT('',#2872);
#2872 = CARTESIAN_POINT('',(6.25,1.94,7.05));
#2873 = LINE('',#2874,#2875);
#2874 = CARTESIAN_POINT('',(6.25,1.94,7.05));
#2875 = VECTOR('',#2876,1.);
#2876 = DIRECTION('',(0.,1.,0.));
#2877 = ORIENTED_EDGE('',*,*,#2878,.F.);
#2878 = EDGE_CURVE('',#2879,#2871,#2881,.T.);
#2879 = VERTEX_POINT('',#2880);
#2880 = CARTESIAN_POINT('',(5.77,1.46,7.05));
#2881 = CIRCLE('',#2882,0.48);
#2882 = AXIS2_PLACEMENT_3D('',#2883,#2884,#2885);
#2883 = CARTESIAN_POINT('',(5.77,1.94,7.05));
#2884 = DIRECTION('',(0.,0.,1.));
#2885 = DIRECTION('',(1.,0.,-0.));
#2886 = ORIENTED_EDGE('',*,*,#2887,.F.);
#2887 = EDGE_CURVE('',#2888,#2879,#2890,.T.);
#2888 = VERTEX_POINT('',#2889);
#2889 = CARTESIAN_POINT('',(-5.77,1.46,7.05));
#2890 = LINE('',#2891,#2892);
#2891 = CARTESIAN_POINT('',(-5.77,1.46,7.05));
#2892 = VECTOR('',#2893,1.);
#2893 = DIRECTION('',(1.,0.,0.));
#2894 = ORIENTED_EDGE('',*,*,#2895,.F.);
#2895 = EDGE_CURVE('',#2896,#2888,#2898,.T.);
#2896 = VERTEX_POINT('',#2897);
#2897 = CARTESIAN_POINT('',(-6.25,1.94,7.05));
#2898 = CIRCLE('',#2899,0.48);
#2899 = AXIS2_PLACEMENT_3D('',#2900,#2901,#2902);
#2900 = CARTESIAN_POINT('',(-5.77,1.94,7.05));
#2901 = DIRECTION('',(0.,0.,1.));
#2902 = DIRECTION('',(1.,0.,-0.));
#2903 = ORIENTED_EDGE('',*,*,#2904,.F.);
#2904 = EDGE_CURVE('',#2845,#2896,#2905,.T.);
#2905 = LINE('',#2906,#2907);
#2906 = CARTESIAN_POINT('',(-6.25,6.1,7.05));
#2907 = VECTOR('',#2908,1.);
#2908 = DIRECTION('',(0.,-1.,0.));
#2909 = FACE_BOUND('',#2910,.T.);
#2910 = EDGE_LOOP('',(#2911,#2921,#2929,#2936,#2937,#2945,#2953,#2959,
    #2960,#2969,#2977,#2985,#2993,#3001,#3009,#3016,#3017,#3025,#3033,
    #3039,#3040,#3049,#3057,#3065));
#2911 = ORIENTED_EDGE('',*,*,#2912,.T.);
#2912 = EDGE_CURVE('',#2913,#2915,#2917,.T.);
#2913 = VERTEX_POINT('',#2914);
#2914 = CARTESIAN_POINT('',(-5.61,7.345,7.05));
#2915 = VERTEX_POINT('',#2916);
#2916 = CARTESIAN_POINT('',(-5.61,6.9,7.05));
#2917 = LINE('',#2918,#2919);
#2918 = CARTESIAN_POINT('',(-5.61,7.345,7.05));
#2919 = VECTOR('',#2920,1.);
#2920 = DIRECTION('',(-1.621236893436E-15,-1.,0.));
#2921 = ORIENTED_EDGE('',*,*,#2922,.T.);
#2922 = EDGE_CURVE('',#2915,#2923,#2925,.T.);
#2923 = VERTEX_POINT('',#2924);
#2924 = CARTESIAN_POINT('',(-5.8,6.9,7.05));
#2925 = LINE('',#2926,#2927);
#2926 = CARTESIAN_POINT('',(5.8,6.9,7.05));
#2927 = VECTOR('',#2928,1.);
#2928 = DIRECTION('',(-1.,0.,0.));
#2929 = ORIENTED_EDGE('',*,*,#2930,.T.);
#2930 = EDGE_CURVE('',#2923,#1887,#2931,.T.);
#2931 = CIRCLE('',#2932,0.8);
#2932 = AXIS2_PLACEMENT_3D('',#2933,#2934,#2935);
#2933 = CARTESIAN_POINT('',(-5.8,6.1,7.05));
#2934 = DIRECTION('',(0.,0.,1.));
#2935 = DIRECTION('',(1.,0.,-0.));
#2936 = ORIENTED_EDGE('',*,*,#1886,.T.);
#2937 = ORIENTED_EDGE('',*,*,#2938,.T.);
#2938 = EDGE_CURVE('',#1879,#2939,#2941,.T.);
#2939 = VERTEX_POINT('',#2940);
#2940 = CARTESIAN_POINT('',(-7.3,5.74,7.05));
#2941 = LINE('',#2942,#2943);
#2942 = CARTESIAN_POINT('',(-5.61,5.74,7.05));
#2943 = VECTOR('',#2944,1.);
#2944 = DIRECTION('',(-1.,0.,0.));
#2945 = ORIENTED_EDGE('',*,*,#2946,.T.);
#2946 = EDGE_CURVE('',#2939,#2947,#2949,.T.);
#2947 = VERTEX_POINT('',#2948);
#2948 = CARTESIAN_POINT('',(-7.3,2.,7.05));
#2949 = LINE('',#2950,#2951);
#2950 = CARTESIAN_POINT('',(-7.3,5.74,7.05));
#2951 = VECTOR('',#2952,1.);
#2952 = DIRECTION('',(0.,-1.,0.));
#2953 = ORIENTED_EDGE('',*,*,#2954,.T.);
#2954 = EDGE_CURVE('',#2947,#1853,#2955,.T.);
#2955 = LINE('',#2956,#2957);
#2956 = CARTESIAN_POINT('',(-7.3,2.,7.05));
#2957 = VECTOR('',#2958,1.);
#2958 = DIRECTION('',(1.,0.,0.));
#2959 = ORIENTED_EDGE('',*,*,#1852,.T.);
#2960 = ORIENTED_EDGE('',*,*,#2961,.T.);
#2961 = EDGE_CURVE('',#1855,#2962,#2964,.T.);
#2962 = VERTEX_POINT('',#2963);
#2963 = CARTESIAN_POINT('',(-5.8,1.1,7.05));
#2964 = CIRCLE('',#2965,0.8);
#2965 = AXIS2_PLACEMENT_3D('',#2966,#2967,#2968);
#2966 = CARTESIAN_POINT('',(-5.8,1.9,7.05));
#2967 = DIRECTION('',(0.,0.,1.));
#2968 = DIRECTION('',(1.,0.,-0.));
#2969 = ORIENTED_EDGE('',*,*,#2970,.F.);
#2970 = EDGE_CURVE('',#2971,#2962,#2973,.T.);
#2971 = VERTEX_POINT('',#2972);
#2972 = CARTESIAN_POINT('',(-5.61,1.1,7.05));
#2973 = LINE('',#2974,#2975);
#2974 = CARTESIAN_POINT('',(5.8,1.1,7.05));
#2975 = VECTOR('',#2976,1.);
#2976 = DIRECTION('',(-1.,0.,0.));
#2977 = ORIENTED_EDGE('',*,*,#2978,.T.);
#2978 = EDGE_CURVE('',#2971,#2979,#2981,.T.);
#2979 = VERTEX_POINT('',#2980);
#2980 = CARTESIAN_POINT('',(-5.61,0.395,7.05));
#2981 = LINE('',#2982,#2983);
#2982 = CARTESIAN_POINT('',(-5.61,2.,7.05));
#2983 = VECTOR('',#2984,1.);
#2984 = DIRECTION('',(0.,-1.,0.));
#2985 = ORIENTED_EDGE('',*,*,#2986,.T.);
#2986 = EDGE_CURVE('',#2979,#2987,#2989,.T.);
#2987 = VERTEX_POINT('',#2988);
#2988 = CARTESIAN_POINT('',(5.61,0.395,7.05));
#2989 = LINE('',#2990,#2991);
#2990 = CARTESIAN_POINT('',(-5.61,0.395,7.05));
#2991 = VECTOR('',#2992,1.);
#2992 = DIRECTION('',(1.,0.,0.));
#2993 = ORIENTED_EDGE('',*,*,#2994,.T.);
#2994 = EDGE_CURVE('',#2987,#2995,#2997,.T.);
#2995 = VERTEX_POINT('',#2996);
#2996 = CARTESIAN_POINT('',(5.61,1.1,7.05));
#2997 = LINE('',#2998,#2999);
#2998 = CARTESIAN_POINT('',(5.61,0.395,7.05));
#2999 = VECTOR('',#3000,1.);
#3000 = DIRECTION('',(1.621236893436E-15,1.,0.));
#3001 = ORIENTED_EDGE('',*,*,#3002,.F.);
#3002 = EDGE_CURVE('',#3003,#2995,#3005,.T.);
#3003 = VERTEX_POINT('',#3004);
#3004 = CARTESIAN_POINT('',(5.8,1.1,7.05));
#3005 = LINE('',#3006,#3007);
#3006 = CARTESIAN_POINT('',(5.8,1.1,7.05));
#3007 = VECTOR('',#3008,1.);
#3008 = DIRECTION('',(-1.,0.,0.));
#3009 = ORIENTED_EDGE('',*,*,#3010,.T.);
#3010 = EDGE_CURVE('',#3003,#1710,#3011,.T.);
#3011 = CIRCLE('',#3012,0.8);
#3012 = AXIS2_PLACEMENT_3D('',#3013,#3014,#3015);
#3013 = CARTESIAN_POINT('',(5.8,1.9,7.05));
#3014 = DIRECTION('',(0.,0.,1.));
#3015 = DIRECTION('',(1.,0.,-0.));
#3016 = ORIENTED_EDGE('',*,*,#1709,.T.);
#3017 = ORIENTED_EDGE('',*,*,#3018,.T.);
#3018 = EDGE_CURVE('',#1702,#3019,#3021,.T.);
#3019 = VERTEX_POINT('',#3020);
#3020 = CARTESIAN_POINT('',(7.3,2.,7.05));
#3021 = LINE('',#3022,#3023);
#3022 = CARTESIAN_POINT('',(5.61,2.,7.05));
#3023 = VECTOR('',#3024,1.);
#3024 = DIRECTION('',(1.,0.,0.));
#3025 = ORIENTED_EDGE('',*,*,#3026,.T.);
#3026 = EDGE_CURVE('',#3019,#3027,#3029,.T.);
#3027 = VERTEX_POINT('',#3028);
#3028 = CARTESIAN_POINT('',(7.3,5.74,7.05));
#3029 = LINE('',#3030,#3031);
#3030 = CARTESIAN_POINT('',(7.3,2.,7.05));
#3031 = VECTOR('',#3032,1.);
#3032 = DIRECTION('',(0.,1.,0.));
#3033 = ORIENTED_EDGE('',*,*,#3034,.T.);
#3034 = EDGE_CURVE('',#3027,#1781,#3035,.T.);
#3035 = LINE('',#3036,#3037);
#3036 = CARTESIAN_POINT('',(7.3,5.74,7.05));
#3037 = VECTOR('',#3038,1.);
#3038 = DIRECTION('',(-1.,0.,0.));
#3039 = ORIENTED_EDGE('',*,*,#1780,.T.);
#3040 = ORIENTED_EDGE('',*,*,#3041,.T.);
#3041 = EDGE_CURVE('',#1773,#3042,#3044,.T.);
#3042 = VERTEX_POINT('',#3043);
#3043 = CARTESIAN_POINT('',(5.8,6.9,7.05));
#3044 = CIRCLE('',#3045,0.8);
#3045 = AXIS2_PLACEMENT_3D('',#3046,#3047,#3048);
#3046 = CARTESIAN_POINT('',(5.8,6.1,7.05));
#3047 = DIRECTION('',(0.,0.,1.));
#3048 = DIRECTION('',(1.,0.,-0.));
#3049 = ORIENTED_EDGE('',*,*,#3050,.T.);
#3050 = EDGE_CURVE('',#3042,#3051,#3053,.T.);
#3051 = VERTEX_POINT('',#3052);
#3052 = CARTESIAN_POINT('',(5.61,6.9,7.05));
#3053 = LINE('',#3054,#3055);
#3054 = CARTESIAN_POINT('',(5.8,6.9,7.05));
#3055 = VECTOR('',#3056,1.);
#3056 = DIRECTION('',(-1.,0.,0.));
#3057 = ORIENTED_EDGE('',*,*,#3058,.T.);
#3058 = EDGE_CURVE('',#3051,#3059,#3061,.T.);
#3059 = VERTEX_POINT('',#3060);
#3060 = CARTESIAN_POINT('',(5.61,7.345,7.05));
#3061 = LINE('',#3062,#3063);
#3062 = CARTESIAN_POINT('',(5.61,5.74,7.05));
#3063 = VECTOR('',#3064,1.);
#3064 = DIRECTION('',(0.,1.,0.));
#3065 = ORIENTED_EDGE('',*,*,#3066,.T.);
#3066 = EDGE_CURVE('',#3059,#2913,#3067,.T.);
#3067 = LINE('',#3068,#3069);
#3068 = CARTESIAN_POINT('',(5.61,7.345,7.05));
#3069 = VECTOR('',#3070,1.);
#3070 = DIRECTION('',(-1.,0.,0.));
#3071 = PLANE('',#3072);
#3072 = AXIS2_PLACEMENT_3D('',#3073,#3074,#3075);
#3073 = CARTESIAN_POINT('',(-6.743,-2.58,7.05));
#3074 = DIRECTION('',(0.,0.,1.));
#3075 = DIRECTION('',(1.,0.,-0.));
#3076 = ADVANCED_FACE('',(#3077),#3088,.T.);
#3077 = FACE_BOUND('',#3078,.T.);
#3078 = EDGE_LOOP('',(#3079,#3080,#3086,#3087));
#3079 = ORIENTED_EDGE('',*,*,#1987,.T.);
#3080 = ORIENTED_EDGE('',*,*,#3081,.F.);
#3081 = EDGE_CURVE('',#3042,#1980,#3082,.T.);
#3082 = LINE('',#3083,#3084);
#3083 = CARTESIAN_POINT('',(5.8,6.9,7.05));
#3084 = VECTOR('',#3085,1.);
#3085 = DIRECTION('',(0.,0.,-1.));
#3086 = ORIENTED_EDGE('',*,*,#3041,.F.);
#3087 = ORIENTED_EDGE('',*,*,#1772,.T.);
#3088 = CYLINDRICAL_SURFACE('',#3089,0.8);
#3089 = AXIS2_PLACEMENT_3D('',#3090,#3091,#3092);
#3090 = CARTESIAN_POINT('',(5.8,6.1,7.05));
#3091 = DIRECTION('',(0.,0.,-1.));
#3092 = DIRECTION('',(-1.,0.,0.));
#3093 = ADVANCED_FACE('',(#3094,#3135,#3176),#3210,.F.);
#3094 = FACE_BOUND('',#3095,.T.);
#3095 = EDGE_LOOP('',(#3096,#3106,#3114,#3122,#3128,#3129));
#3096 = ORIENTED_EDGE('',*,*,#3097,.F.);
#3097 = EDGE_CURVE('',#3098,#3100,#3102,.T.);
#3098 = VERTEX_POINT('',#3099);
#3099 = CARTESIAN_POINT('',(4.5,6.9,-0.6));
#3100 = VERTEX_POINT('',#3101);
#3101 = CARTESIAN_POINT('',(4.,6.9,-0.6));
#3102 = LINE('',#3103,#3104);
#3103 = CARTESIAN_POINT('',(4.5,6.9,-0.6));
#3104 = VECTOR('',#3105,1.);
#3105 = DIRECTION('',(-1.,0.,0.));
#3106 = ORIENTED_EDGE('',*,*,#3107,.T.);
#3107 = EDGE_CURVE('',#3098,#3108,#3110,.T.);
#3108 = VERTEX_POINT('',#3109);
#3109 = CARTESIAN_POINT('',(4.5,6.9,5.9));
#3110 = LINE('',#3111,#3112);
#3111 = CARTESIAN_POINT('',(4.5,6.9,-0.6));
#3112 = VECTOR('',#3113,1.);
#3113 = DIRECTION('',(0.,0.,1.));
#3114 = ORIENTED_EDGE('',*,*,#3115,.T.);
#3115 = EDGE_CURVE('',#3108,#3116,#3118,.T.);
#3116 = VERTEX_POINT('',#3117);
#3117 = CARTESIAN_POINT('',(1.5,6.9,5.9));
#3118 = LINE('',#3119,#3120);
#3119 = CARTESIAN_POINT('',(4.5,6.9,5.9));
#3120 = VECTOR('',#3121,1.);
#3121 = DIRECTION('',(-1.,0.,0.));
#3122 = ORIENTED_EDGE('',*,*,#3123,.F.);
#3123 = EDGE_CURVE('',#1030,#3116,#3124,.T.);
#3124 = LINE('',#3125,#3126);
#3125 = CARTESIAN_POINT('',(1.5,6.9,-0.6));
#3126 = VECTOR('',#3127,1.);
#3127 = DIRECTION('',(0.,0.,1.));
#3128 = ORIENTED_EDGE('',*,*,#1029,.F.);
#3129 = ORIENTED_EDGE('',*,*,#3130,.F.);
#3130 = EDGE_CURVE('',#3100,#1022,#3131,.T.);
#3131 = LINE('',#3132,#3133);
#3132 = CARTESIAN_POINT('',(4.,6.9,-0.6));
#3133 = VECTOR('',#3134,1.);
#3134 = DIRECTION('',(-1.,0.,0.));
#3135 = FACE_BOUND('',#3136,.T.);
#3136 = EDGE_LOOP('',(#3137,#3147,#3155,#3163,#3169,#3170));
#3137 = ORIENTED_EDGE('',*,*,#3138,.F.);
#3138 = EDGE_CURVE('',#3139,#3141,#3143,.T.);
#3139 = VERTEX_POINT('',#3140);
#3140 = CARTESIAN_POINT('',(-1.5,6.9,-0.6));
#3141 = VERTEX_POINT('',#3142);
#3142 = CARTESIAN_POINT('',(-2.,6.9,-0.6));
#3143 = LINE('',#3144,#3145);
#3144 = CARTESIAN_POINT('',(-1.5,6.9,-0.6));
#3145 = VECTOR('',#3146,1.);
#3146 = DIRECTION('',(-1.,0.,0.));
#3147 = ORIENTED_EDGE('',*,*,#3148,.T.);
#3148 = EDGE_CURVE('',#3139,#3149,#3151,.T.);
#3149 = VERTEX_POINT('',#3150);
#3150 = CARTESIAN_POINT('',(-1.5,6.9,5.9));
#3151 = LINE('',#3152,#3153);
#3152 = CARTESIAN_POINT('',(-1.5,6.9,-0.6));
#3153 = VECTOR('',#3154,1.);
#3154 = DIRECTION('',(0.,0.,1.));
#3155 = ORIENTED_EDGE('',*,*,#3156,.T.);
#3156 = EDGE_CURVE('',#3149,#3157,#3159,.T.);
#3157 = VERTEX_POINT('',#3158);
#3158 = CARTESIAN_POINT('',(-4.5,6.9,5.9));
#3159 = LINE('',#3160,#3161);
#3160 = CARTESIAN_POINT('',(-1.5,6.9,5.9));
#3161 = VECTOR('',#3162,1.);
#3162 = DIRECTION('',(-1.,0.,0.));
#3163 = ORIENTED_EDGE('',*,*,#3164,.F.);
#3164 = EDGE_CURVE('',#1070,#3157,#3165,.T.);
#3165 = LINE('',#3166,#3167);
#3166 = CARTESIAN_POINT('',(-4.5,6.9,-0.6));
#3167 = VECTOR('',#3168,1.);
#3168 = DIRECTION('',(0.,0.,1.));
#3169 = ORIENTED_EDGE('',*,*,#1069,.F.);
#3170 = ORIENTED_EDGE('',*,*,#3171,.F.);
#3171 = EDGE_CURVE('',#3141,#1062,#3172,.T.);
#3172 = LINE('',#3173,#3174);
#3173 = CARTESIAN_POINT('',(-2.,6.9,-0.6));
#3174 = VECTOR('',#3175,1.);
#3175 = DIRECTION('',(-1.,0.,0.));
#3176 = FACE_BOUND('',#3177,.T.);
#3177 = EDGE_LOOP('',(#3178,#3188,#3194,#3195,#3196,#3197,#3203,#3204));
#3178 = ORIENTED_EDGE('',*,*,#3179,.F.);
#3179 = EDGE_CURVE('',#3180,#3182,#3184,.T.);
#3180 = VERTEX_POINT('',#3181);
#3181 = CARTESIAN_POINT('',(5.61,6.9,6.73));
#3182 = VERTEX_POINT('',#3183);
#3183 = CARTESIAN_POINT('',(-5.61,6.9,6.73));
#3184 = LINE('',#3185,#3186);
#3185 = CARTESIAN_POINT('',(5.8,6.9,6.73));
#3186 = VECTOR('',#3187,1.);
#3187 = DIRECTION('',(-1.,0.,0.));
#3188 = ORIENTED_EDGE('',*,*,#3189,.T.);
#3189 = EDGE_CURVE('',#3180,#3051,#3190,.T.);
#3190 = LINE('',#3191,#3192);
#3191 = CARTESIAN_POINT('',(5.61,6.9,7.05));
#3192 = VECTOR('',#3193,1.);
#3193 = DIRECTION('',(0.,0.,1.));
#3194 = ORIENTED_EDGE('',*,*,#3050,.F.);
#3195 = ORIENTED_EDGE('',*,*,#3081,.T.);
#3196 = ORIENTED_EDGE('',*,*,#1979,.T.);
#3197 = ORIENTED_EDGE('',*,*,#3198,.F.);
#3198 = EDGE_CURVE('',#2923,#1971,#3199,.T.);
#3199 = LINE('',#3200,#3201);
#3200 = CARTESIAN_POINT('',(-5.8,6.9,7.05));
#3201 = VECTOR('',#3202,1.);
#3202 = DIRECTION('',(0.,0.,-1.));
#3203 = ORIENTED_EDGE('',*,*,#2922,.F.);
#3204 = ORIENTED_EDGE('',*,*,#3205,.T.);
#3205 = EDGE_CURVE('',#2915,#3182,#3206,.T.);
#3206 = LINE('',#3207,#3208);
#3207 = CARTESIAN_POINT('',(-5.61,6.9,7.05));
#3208 = VECTOR('',#3209,1.);
#3209 = DIRECTION('',(0.,0.,-1.));
#3210 = PLANE('',#3211);
#3211 = AXIS2_PLACEMENT_3D('',#3212,#3213,#3214);
#3212 = CARTESIAN_POINT('',(5.8,6.9,7.05));
#3213 = DIRECTION('',(0.,-1.,0.));
#3214 = DIRECTION('',(0.,0.,-1.));
#3215 = ADVANCED_FACE('',(#3216),#3222,.T.);
#3216 = FACE_BOUND('',#3217,.T.);
#3217 = EDGE_LOOP('',(#3218,#3219,#3220,#3221));
#3218 = ORIENTED_EDGE('',*,*,#1970,.T.);
#3219 = ORIENTED_EDGE('',*,*,#1894,.F.);
#3220 = ORIENTED_EDGE('',*,*,#2930,.F.);
#3221 = ORIENTED_EDGE('',*,*,#3198,.T.);
#3222 = CYLINDRICAL_SURFACE('',#3223,0.8);
#3223 = AXIS2_PLACEMENT_3D('',#3224,#3225,#3226);
#3224 = CARTESIAN_POINT('',(-5.8,6.1,7.05));
#3225 = DIRECTION('',(0.,0.,-1.));
#3226 = DIRECTION('',(-1.,0.,0.));
#3227 = ADVANCED_FACE('',(#3228),#3239,.T.);
#3228 = FACE_BOUND('',#3229,.T.);
#3229 = EDGE_LOOP('',(#3230,#3231,#3232,#3233));
#3230 = ORIENTED_EDGE('',*,*,#2961,.F.);
#3231 = ORIENTED_EDGE('',*,*,#1949,.F.);
#3232 = ORIENTED_EDGE('',*,*,#2273,.T.);
#3233 = ORIENTED_EDGE('',*,*,#3234,.T.);
#3234 = EDGE_CURVE('',#2266,#2962,#3235,.T.);
#3235 = LINE('',#3236,#3237);
#3236 = CARTESIAN_POINT('',(-5.8,1.1,-1.81));
#3237 = VECTOR('',#3238,1.);
#3238 = DIRECTION('',(0.,0.,1.));
#3239 = CYLINDRICAL_SURFACE('',#3240,0.8);
#3240 = AXIS2_PLACEMENT_3D('',#3241,#3242,#3243);
#3241 = CARTESIAN_POINT('',(-5.8,1.9,-1.81));
#3242 = DIRECTION('',(0.,0.,1.));
#3243 = DIRECTION('',(1.,0.,-0.));
#3244 = ADVANCED_FACE('',(#3245),#3251,.T.);
#3245 = FACE_BOUND('',#3246,.T.);
#3246 = EDGE_LOOP('',(#3247,#3248,#3249,#3250));
#3247 = ORIENTED_EDGE('',*,*,#2646,.T.);
#3248 = ORIENTED_EDGE('',*,*,#2680,.T.);
#3249 = ORIENTED_EDGE('',*,*,#2694,.T.);
#3250 = ORIENTED_EDGE('',*,*,#2431,.T.);
#3251 = PLANE('',#3252);
#3252 = AXIS2_PLACEMENT_3D('',#3253,#3254,#3255);
#3253 = CARTESIAN_POINT('',(5.8,1.9,-1.81));
#3254 = DIRECTION('',(0.,0.,1.));
#3255 = DIRECTION('',(1.,0.,-0.));
#3256 = ADVANCED_FACE('',(#3257),#3268,.T.);
#3257 = FACE_BOUND('',#3258,.T.);
#3258 = EDGE_LOOP('',(#3259,#3260,#3266,#3267));
#3259 = ORIENTED_EDGE('',*,*,#3010,.F.);
#3260 = ORIENTED_EDGE('',*,*,#3261,.F.);
#3261 = EDGE_CURVE('',#2297,#3003,#3262,.T.);
#3262 = LINE('',#3263,#3264);
#3263 = CARTESIAN_POINT('',(5.8,1.1,-1.81));
#3264 = VECTOR('',#3265,1.);
#3265 = DIRECTION('',(0.,0.,1.));
#3266 = ORIENTED_EDGE('',*,*,#2296,.T.);
#3267 = ORIENTED_EDGE('',*,*,#1717,.T.);
#3268 = CYLINDRICAL_SURFACE('',#3269,0.8);
#3269 = AXIS2_PLACEMENT_3D('',#3270,#3271,#3272);
#3270 = CARTESIAN_POINT('',(5.8,1.9,-1.81));
#3271 = DIRECTION('',(0.,0.,1.));
#3272 = DIRECTION('',(1.,0.,-0.));
#3273 = ADVANCED_FACE('',(#3274,#3308,#3342),#3380,.F.);
#3274 = FACE_BOUND('',#3275,.T.);
#3275 = EDGE_LOOP('',(#3276,#3286,#3294,#3302));
#3276 = ORIENTED_EDGE('',*,*,#3277,.F.);
#3277 = EDGE_CURVE('',#3278,#3280,#3282,.T.);
#3278 = VERTEX_POINT('',#3279);
#3279 = CARTESIAN_POINT('',(4.5,1.1,5.9));
#3280 = VERTEX_POINT('',#3281);
#3281 = CARTESIAN_POINT('',(1.5,1.1,5.9));
#3282 = LINE('',#3283,#3284);
#3283 = CARTESIAN_POINT('',(4.5,1.1,5.9));
#3284 = VECTOR('',#3285,1.);
#3285 = DIRECTION('',(-1.,0.,0.));
#3286 = ORIENTED_EDGE('',*,*,#3287,.T.);
#3287 = EDGE_CURVE('',#3278,#3288,#3290,.T.);
#3288 = VERTEX_POINT('',#3289);
#3289 = CARTESIAN_POINT('',(4.5,1.1,-0.6));
#3290 = LINE('',#3291,#3292);
#3291 = CARTESIAN_POINT('',(4.5,1.1,5.9));
#3292 = VECTOR('',#3293,1.);
#3293 = DIRECTION('',(0.,0.,-1.));
#3294 = ORIENTED_EDGE('',*,*,#3295,.T.);
#3295 = EDGE_CURVE('',#3288,#3296,#3298,.T.);
#3296 = VERTEX_POINT('',#3297);
#3297 = CARTESIAN_POINT('',(1.5,1.1,-0.6));
#3298 = LINE('',#3299,#3300);
#3299 = CARTESIAN_POINT('',(4.5,1.1,-0.6));
#3300 = VECTOR('',#3301,1.);
#3301 = DIRECTION('',(-1.,0.,0.));
#3302 = ORIENTED_EDGE('',*,*,#3303,.F.);
#3303 = EDGE_CURVE('',#3280,#3296,#3304,.T.);
#3304 = LINE('',#3305,#3306);
#3305 = CARTESIAN_POINT('',(1.5,1.1,5.9));
#3306 = VECTOR('',#3307,1.);
#3307 = DIRECTION('',(0.,0.,-1.));
#3308 = FACE_BOUND('',#3309,.T.);
#3309 = EDGE_LOOP('',(#3310,#3320,#3328,#3336));
#3310 = ORIENTED_EDGE('',*,*,#3311,.F.);
#3311 = EDGE_CURVE('',#3312,#3314,#3316,.T.);
#3312 = VERTEX_POINT('',#3313);
#3313 = CARTESIAN_POINT('',(-1.5,1.1,5.9));
#3314 = VERTEX_POINT('',#3315);
#3315 = CARTESIAN_POINT('',(-4.5,1.1,5.9));
#3316 = LINE('',#3317,#3318);
#3317 = CARTESIAN_POINT('',(-1.5,1.1,5.9));
#3318 = VECTOR('',#3319,1.);
#3319 = DIRECTION('',(-1.,0.,0.));
#3320 = ORIENTED_EDGE('',*,*,#3321,.T.);
#3321 = EDGE_CURVE('',#3312,#3322,#3324,.T.);
#3322 = VERTEX_POINT('',#3323);
#3323 = CARTESIAN_POINT('',(-1.5,1.1,-0.6));
#3324 = LINE('',#3325,#3326);
#3325 = CARTESIAN_POINT('',(-1.5,1.1,5.9));
#3326 = VECTOR('',#3327,1.);
#3327 = DIRECTION('',(0.,0.,-1.));
#3328 = ORIENTED_EDGE('',*,*,#3329,.T.);
#3329 = EDGE_CURVE('',#3322,#3330,#3332,.T.);
#3330 = VERTEX_POINT('',#3331);
#3331 = CARTESIAN_POINT('',(-4.5,1.1,-0.6));
#3332 = LINE('',#3333,#3334);
#3333 = CARTESIAN_POINT('',(-1.5,1.1,-0.6));
#3334 = VECTOR('',#3335,1.);
#3335 = DIRECTION('',(-1.,0.,0.));
#3336 = ORIENTED_EDGE('',*,*,#3337,.F.);
#3337 = EDGE_CURVE('',#3314,#3330,#3338,.T.);
#3338 = LINE('',#3339,#3340);
#3339 = CARTESIAN_POINT('',(-4.5,1.1,5.9));
#3340 = VECTOR('',#3341,1.);
#3341 = DIRECTION('',(0.,0.,-1.));
#3342 = FACE_BOUND('',#3343,.T.);
#3343 = EDGE_LOOP('',(#3344,#3354,#3360,#3361,#3362,#3363,#3364,#3370,
    #3371,#3372,#3373,#3374));
#3344 = ORIENTED_EDGE('',*,*,#3345,.F.);
#3345 = EDGE_CURVE('',#3346,#3348,#3350,.T.);
#3346 = VERTEX_POINT('',#3347);
#3347 = CARTESIAN_POINT('',(-5.61,1.1,6.73));
#3348 = VERTEX_POINT('',#3349);
#3349 = CARTESIAN_POINT('',(5.61,1.1,6.73));
#3350 = LINE('',#3351,#3352);
#3351 = CARTESIAN_POINT('',(5.8,1.1,6.73));
#3352 = VECTOR('',#3353,1.);
#3353 = DIRECTION('',(1.,0.,0.));
#3354 = ORIENTED_EDGE('',*,*,#3355,.T.);
#3355 = EDGE_CURVE('',#3346,#2971,#3356,.T.);
#3356 = LINE('',#3357,#3358);
#3357 = CARTESIAN_POINT('',(-5.61,1.1,-1.81));
#3358 = VECTOR('',#3359,1.);
#3359 = DIRECTION('',(0.,0.,1.));
#3360 = ORIENTED_EDGE('',*,*,#2970,.T.);
#3361 = ORIENTED_EDGE('',*,*,#3234,.F.);
#3362 = ORIENTED_EDGE('',*,*,#2265,.F.);
#3363 = ORIENTED_EDGE('',*,*,#2475,.T.);
#3364 = ORIENTED_EDGE('',*,*,#3365,.F.);
#3365 = EDGE_CURVE('',#2492,#2468,#3366,.T.);
#3366 = LINE('',#3367,#3368);
#3367 = CARTESIAN_POINT('',(6.6,1.1,1.29));
#3368 = VECTOR('',#3369,1.);
#3369 = DIRECTION('',(-1.,-1.642730564372E-17,0.));
#3370 = ORIENTED_EDGE('',*,*,#2501,.F.);
#3371 = ORIENTED_EDGE('',*,*,#2305,.F.);
#3372 = ORIENTED_EDGE('',*,*,#3261,.T.);
#3373 = ORIENTED_EDGE('',*,*,#3002,.T.);
#3374 = ORIENTED_EDGE('',*,*,#3375,.T.);
#3375 = EDGE_CURVE('',#2995,#3348,#3376,.T.);
#3376 = LINE('',#3377,#3378);
#3377 = CARTESIAN_POINT('',(5.61,1.1,-1.81));
#3378 = VECTOR('',#3379,1.);
#3379 = DIRECTION('',(0.,0.,-1.));
#3380 = PLANE('',#3381);
#3381 = AXIS2_PLACEMENT_3D('',#3382,#3383,#3384);
#3382 = CARTESIAN_POINT('',(5.8,1.1,-1.81));
#3383 = DIRECTION('',(0.,1.,0.));
#3384 = DIRECTION('',(0.,-0.,1.));
#3385 = ADVANCED_FACE('',(#3386),#3392,.T.);
#3386 = FACE_BOUND('',#3387,.T.);
#3387 = EDGE_LOOP('',(#3388,#3389,#3390,#3391));
#3388 = ORIENTED_EDGE('',*,*,#2467,.T.);
#3389 = ORIENTED_EDGE('',*,*,#2399,.T.);
#3390 = ORIENTED_EDGE('',*,*,#2491,.T.);
#3391 = ORIENTED_EDGE('',*,*,#3365,.T.);
#3392 = PLANE('',#3393);
#3393 = AXIS2_PLACEMENT_3D('',#3394,#3395,#3396);
#3394 = CARTESIAN_POINT('',(0.,0.,1.29));
#3395 = DIRECTION('',(0.,0.,1.));
#3396 = DIRECTION('',(1.,0.,-0.));
#3397 = ADVANCED_FACE('',(#3398),#3409,.T.);
#3398 = FACE_BOUND('',#3399,.T.);
#3399 = EDGE_LOOP('',(#3400,#3401,#3407,#3408));
#3400 = ORIENTED_EDGE('',*,*,#1400,.T.);
#3401 = ORIENTED_EDGE('',*,*,#3402,.F.);
#3402 = EDGE_CURVE('',#1734,#1393,#3403,.T.);
#3403 = LINE('',#3404,#3405);
#3404 = CARTESIAN_POINT('',(8.,-0.18,-2.566663094562));
#3405 = VECTOR('',#3406,1.);
#3406 = DIRECTION('',(-1.,0.,0.));
#3407 = ORIENTED_EDGE('',*,*,#1733,.T.);
#3408 = ORIENTED_EDGE('',*,*,#2289,.F.);
#3409 = PLANE('',#3410);
#3410 = AXIS2_PLACEMENT_3D('',#3411,#3412,#3413);
#3411 = CARTESIAN_POINT('',(8.,-0.18,-2.566663094562));
#3412 = DIRECTION('',(0.,-1.,3.78965743453E-17));
#3413 = DIRECTION('',(0.,-3.78965743453E-17,-1.));
#3414 = ADVANCED_FACE('',(#3415),#3431,.T.);
#3415 = FACE_BOUND('',#3416,.T.);
#3416 = EDGE_LOOP('',(#3417,#3418,#3419,#3420,#3421,#3427,#3428,#3429,
    #3430));
#3417 = ORIENTED_EDGE('',*,*,#1392,.T.);
#3418 = ORIENTED_EDGE('',*,*,#1454,.T.);
#3419 = ORIENTED_EDGE('',*,*,#1469,.F.);
#3420 = ORIENTED_EDGE('',*,*,#1519,.T.);
#3421 = ORIENTED_EDGE('',*,*,#3422,.F.);
#3422 = EDGE_CURVE('',#1579,#1511,#3423,.T.);
#3423 = LINE('',#3424,#3425);
#3424 = CARTESIAN_POINT('',(8.,-3.169868329752,-2.67733962462));
#3425 = VECTOR('',#3426,1.);
#3426 = DIRECTION('',(-1.,0.,0.));
#3427 = ORIENTED_EDGE('',*,*,#1578,.T.);
#3428 = ORIENTED_EDGE('',*,*,#1626,.T.);
#3429 = ORIENTED_EDGE('',*,*,#1741,.T.);
#3430 = ORIENTED_EDGE('',*,*,#3402,.T.);
#3431 = PLANE('',#3432);
#3432 = AXIS2_PLACEMENT_3D('',#3433,#3434,#3435);
#3433 = CARTESIAN_POINT('',(8.,-3.169868329752,-2.67733962462));
#3434 = DIRECTION('',(0.,-3.699185622788E-02,0.999315567062));
#3435 = DIRECTION('',(0.,-0.999315567062,-3.699185622788E-02));
#3436 = ADVANCED_FACE('',(#3437),#3448,.T.);
#3437 = FACE_BOUND('',#3438,.T.);
#3438 = EDGE_LOOP('',(#3439,#3440,#3441,#3442));
#3439 = ORIENTED_EDGE('',*,*,#1366,.T.);
#3440 = ORIENTED_EDGE('',*,*,#1995,.T.);
#3441 = ORIENTED_EDGE('',*,*,#1756,.T.);
#3442 = ORIENTED_EDGE('',*,*,#3443,.T.);
#3443 = EDGE_CURVE('',#1749,#1367,#3444,.T.);
#3444 = LINE('',#3445,#3446);
#3445 = CARTESIAN_POINT('',(8.,-0.18,-4.133336905438));
#3446 = VECTOR('',#3447,1.);
#3447 = DIRECTION('',(-1.,0.,0.));
#3448 = PLANE('',#3449);
#3449 = AXIS2_PLACEMENT_3D('',#3450,#3451,#3452);
#3450 = CARTESIAN_POINT('',(8.,-0.18,-12.05));
#3451 = DIRECTION('',(0.,-1.,-3.423797879027E-17));
#3452 = DIRECTION('',(0.,3.423797879027E-17,-1.));
#3453 = ADVANCED_FACE('',(#3454),#3470,.T.);
#3454 = FACE_BOUND('',#3455,.T.);
#3455 = EDGE_LOOP('',(#3456,#3457,#3458,#3459,#3460,#3461,#3467,#3468,
    #3469));
#3456 = ORIENTED_EDGE('',*,*,#1376,.T.);
#3457 = ORIENTED_EDGE('',*,*,#3443,.F.);
#3458 = ORIENTED_EDGE('',*,*,#1748,.T.);
#3459 = ORIENTED_EDGE('',*,*,#1610,.T.);
#3460 = ORIENTED_EDGE('',*,*,#1559,.T.);
#3461 = ORIENTED_EDGE('',*,*,#3462,.T.);
#3462 = EDGE_CURVE('',#1562,#1503,#3463,.T.);
#3463 = LINE('',#3464,#3465);
#3464 = CARTESIAN_POINT('',(8.,-3.169868329752,-4.022660375381));
#3465 = VECTOR('',#3466,1.);
#3466 = DIRECTION('',(-1.,0.,0.));
#3467 = ORIENTED_EDGE('',*,*,#1502,.T.);
#3468 = ORIENTED_EDGE('',*,*,#1486,.F.);
#3469 = ORIENTED_EDGE('',*,*,#1438,.T.);
#3470 = PLANE('',#3471);
#3471 = AXIS2_PLACEMENT_3D('',#3472,#3473,#3474);
#3472 = CARTESIAN_POINT('',(8.,-0.18,-4.133336905438));
#3473 = DIRECTION('',(0.,-3.699185622789E-02,-0.999315567062));
#3474 = DIRECTION('',(0.,0.999315567062,-3.699185622789E-02));
#3475 = ADVANCED_FACE('',(#3476),#3484,.T.);
#3476 = FACE_BOUND('',#3477,.T.);
#3477 = EDGE_LOOP('',(#3478,#3479,#3480,#3481,#3482,#3483));
#3478 = ORIENTED_EDGE('',*,*,#3462,.F.);
#3479 = ORIENTED_EDGE('',*,*,#1595,.F.);
#3480 = ORIENTED_EDGE('',*,*,#1544,.T.);
#3481 = ORIENTED_EDGE('',*,*,#1587,.F.);
#3482 = ORIENTED_EDGE('',*,*,#3422,.T.);
#3483 = ORIENTED_EDGE('',*,*,#1510,.T.);
#3484 = CYLINDRICAL_SURFACE('',#3485,0.674506360918);
#3485 = AXIS2_PLACEMENT_3D('',#3486,#3487,#3488);
#3486 = CARTESIAN_POINT('',(8.,-3.12,-3.35));
#3487 = DIRECTION('',(-1.,0.,0.));
#3488 = DIRECTION('',(0.,0.,1.));
#3489 = ADVANCED_FACE('',(#3490),#3508,.T.);
#3490 = FACE_BOUND('',#3491,.T.);
#3491 = EDGE_LOOP('',(#3492,#3493,#3494,#3500,#3501,#3507));
#3492 = ORIENTED_EDGE('',*,*,#1183,.T.);
#3493 = ORIENTED_EDGE('',*,*,#1140,.F.);
#3494 = ORIENTED_EDGE('',*,*,#3495,.F.);
#3495 = EDGE_CURVE('',#1201,#1132,#3496,.T.);
#3496 = LINE('',#3497,#3498);
#3497 = CARTESIAN_POINT('',(8.,-3.169868329752,-4.022660375381));
#3498 = VECTOR('',#3499,1.);
#3499 = DIRECTION('',(-1.,0.,0.));
#3500 = ORIENTED_EDGE('',*,*,#1224,.T.);
#3501 = ORIENTED_EDGE('',*,*,#3502,.T.);
#3502 = EDGE_CURVE('',#1217,#1158,#3503,.T.);
#3503 = LINE('',#3504,#3505);
#3504 = CARTESIAN_POINT('',(8.,-3.169868329752,-2.67733962462));
#3505 = VECTOR('',#3506,1.);
#3506 = DIRECTION('',(-1.,0.,0.));
#3507 = ORIENTED_EDGE('',*,*,#1157,.F.);
#3508 = CYLINDRICAL_SURFACE('',#3509,0.674506360918);
#3509 = AXIS2_PLACEMENT_3D('',#3510,#3511,#3512);
#3510 = CARTESIAN_POINT('',(8.,-3.12,-3.35));
#3511 = DIRECTION('',(-1.,0.,0.));
#3512 = DIRECTION('',(0.,0.,1.));
#3513 = ADVANCED_FACE('',(#3514),#3530,.T.);
#3514 = FACE_BOUND('',#3515,.T.);
#3515 = EDGE_LOOP('',(#3516,#3517,#3518,#3519,#3520,#3521,#3527,#3528,
    #3529));
#3516 = ORIENTED_EDGE('',*,*,#1198,.T.);
#3517 = ORIENTED_EDGE('',*,*,#3495,.T.);
#3518 = ORIENTED_EDGE('',*,*,#1131,.T.);
#3519 = ORIENTED_EDGE('',*,*,#1091,.T.);
#3520 = ORIENTED_EDGE('',*,*,#1918,.T.);
#3521 = ORIENTED_EDGE('',*,*,#3522,.F.);
#3522 = EDGE_CURVE('',#1306,#1911,#3523,.T.);
#3523 = LINE('',#3524,#3525);
#3524 = CARTESIAN_POINT('',(8.,-0.18,-4.133336905438));
#3525 = VECTOR('',#3526,1.);
#3526 = DIRECTION('',(-1.,0.,0.));
#3527 = ORIENTED_EDGE('',*,*,#1352,.T.);
#3528 = ORIENTED_EDGE('',*,*,#1272,.T.);
#3529 = ORIENTED_EDGE('',*,*,#1256,.F.);
#3530 = PLANE('',#3531);
#3531 = AXIS2_PLACEMENT_3D('',#3532,#3533,#3534);
#3532 = CARTESIAN_POINT('',(8.,-0.18,-4.133336905438));
#3533 = DIRECTION('',(0.,-3.699185622789E-02,-0.999315567062));
#3534 = DIRECTION('',(0.,0.999315567062,-3.699185622789E-02));
#3535 = ADVANCED_FACE('',(#3536),#3552,.T.);
#3536 = FACE_BOUND('',#3537,.T.);
#3537 = EDGE_LOOP('',(#3538,#3539,#3540,#3541,#3542,#3548,#3549,#3550,
    #3551));
#3538 = ORIENTED_EDGE('',*,*,#1216,.T.);
#3539 = ORIENTED_EDGE('',*,*,#1239,.F.);
#3540 = ORIENTED_EDGE('',*,*,#1288,.T.);
#3541 = ORIENTED_EDGE('',*,*,#1345,.T.);
#3542 = ORIENTED_EDGE('',*,*,#3543,.T.);
#3543 = EDGE_CURVE('',#1338,#1926,#3544,.T.);
#3544 = LINE('',#3545,#3546);
#3545 = CARTESIAN_POINT('',(8.,-0.18,-2.566663094562));
#3546 = VECTOR('',#3547,1.);
#3547 = DIRECTION('',(-1.,0.,0.));
#3548 = ORIENTED_EDGE('',*,*,#1925,.T.);
#3549 = ORIENTED_EDGE('',*,*,#1109,.T.);
#3550 = ORIENTED_EDGE('',*,*,#1166,.T.);
#3551 = ORIENTED_EDGE('',*,*,#3502,.F.);
#3552 = PLANE('',#3553);
#3553 = AXIS2_PLACEMENT_3D('',#3554,#3555,#3556);
#3554 = CARTESIAN_POINT('',(8.,-3.169868329752,-2.67733962462));
#3555 = DIRECTION('',(0.,-3.699185622788E-02,0.999315567062));
#3556 = DIRECTION('',(0.,-0.999315567062,-3.699185622788E-02));
#3557 = ADVANCED_FACE('',(#3558),#3564,.T.);
#3558 = FACE_BOUND('',#3559,.T.);
#3559 = EDGE_LOOP('',(#3560,#3561,#3562,#3563));
#3560 = ORIENTED_EDGE('',*,*,#1303,.T.);
#3561 = ORIENTED_EDGE('',*,*,#3522,.T.);
#3562 = ORIENTED_EDGE('',*,*,#1910,.T.);
#3563 = ORIENTED_EDGE('',*,*,#1963,.T.);
#3564 = PLANE('',#3565);
#3565 = AXIS2_PLACEMENT_3D('',#3566,#3567,#3568);
#3566 = CARTESIAN_POINT('',(8.,-0.18,-12.05));
#3567 = DIRECTION('',(0.,-1.,-3.423797879027E-17));
#3568 = DIRECTION('',(0.,3.423797879027E-17,-1.));
#3569 = ADVANCED_FACE('',(#3570),#3576,.T.);
#3570 = FACE_BOUND('',#3571,.T.);
#3571 = EDGE_LOOP('',(#3572,#3573,#3574,#3575));
#3572 = ORIENTED_EDGE('',*,*,#1337,.T.);
#3573 = ORIENTED_EDGE('',*,*,#2178,.F.);
#3574 = ORIENTED_EDGE('',*,*,#1933,.T.);
#3575 = ORIENTED_EDGE('',*,*,#3543,.F.);
#3576 = PLANE('',#3577);
#3577 = AXIS2_PLACEMENT_3D('',#3578,#3579,#3580);
#3578 = CARTESIAN_POINT('',(8.,-0.18,-2.566663094562));
#3579 = DIRECTION('',(0.,-1.,3.78965743453E-17));
#3580 = DIRECTION('',(0.,-3.78965743453E-17,-1.));
#3581 = ADVANCED_FACE('',(#3582),#3607,.T.);
#3582 = FACE_BOUND('',#3583,.T.);
#3583 = EDGE_LOOP('',(#3584,#3585,#3593,#3601));
#3584 = ORIENTED_EDGE('',*,*,#2986,.F.);
#3585 = ORIENTED_EDGE('',*,*,#3586,.F.);
#3586 = EDGE_CURVE('',#3587,#2979,#3589,.T.);
#3587 = VERTEX_POINT('',#3588);
#3588 = CARTESIAN_POINT('',(-5.61,0.395,6.73));
#3589 = LINE('',#3590,#3591);
#3590 = CARTESIAN_POINT('',(-5.61,0.395,6.73));
#3591 = VECTOR('',#3592,1.);
#3592 = DIRECTION('',(0.,0.,1.));
#3593 = ORIENTED_EDGE('',*,*,#3594,.T.);
#3594 = EDGE_CURVE('',#3587,#3595,#3597,.T.);
#3595 = VERTEX_POINT('',#3596);
#3596 = CARTESIAN_POINT('',(5.61,0.395,6.73));
#3597 = LINE('',#3598,#3599);
#3598 = CARTESIAN_POINT('',(-5.61,0.395,6.73));
#3599 = VECTOR('',#3600,1.);
#3600 = DIRECTION('',(1.,0.,0.));
#3601 = ORIENTED_EDGE('',*,*,#3602,.T.);
#3602 = EDGE_CURVE('',#3595,#2987,#3603,.T.);
#3603 = LINE('',#3604,#3605);
#3604 = CARTESIAN_POINT('',(5.61,0.395,6.73));
#3605 = VECTOR('',#3606,1.);
#3606 = DIRECTION('',(0.,0.,1.));
#3607 = PLANE('',#3608);
#3608 = AXIS2_PLACEMENT_3D('',#3609,#3610,#3611);
#3609 = CARTESIAN_POINT('',(-5.61,0.395,6.73));
#3610 = DIRECTION('',(0.,-1.,0.));
#3611 = DIRECTION('',(0.,0.,-1.));
#3612 = ADVANCED_FACE('',(#3613),#3629,.F.);
#3613 = FACE_BOUND('',#3614,.T.);
#3614 = EDGE_LOOP('',(#3615,#3621,#3622,#3628));
#3615 = ORIENTED_EDGE('',*,*,#3616,.F.);
#3616 = EDGE_CURVE('',#3346,#3587,#3617,.T.);
#3617 = LINE('',#3618,#3619);
#3618 = CARTESIAN_POINT('',(-5.61,2.,6.73));
#3619 = VECTOR('',#3620,1.);
#3620 = DIRECTION('',(0.,-1.,0.));
#3621 = ORIENTED_EDGE('',*,*,#3345,.T.);
#3622 = ORIENTED_EDGE('',*,*,#3623,.F.);
#3623 = EDGE_CURVE('',#3595,#3348,#3624,.T.);
#3624 = LINE('',#3625,#3626);
#3625 = CARTESIAN_POINT('',(5.61,0.395,6.73));
#3626 = VECTOR('',#3627,1.);
#3627 = DIRECTION('',(1.621236893436E-15,1.,0.));
#3628 = ORIENTED_EDGE('',*,*,#3594,.F.);
#3629 = PLANE('',#3630);
#3630 = AXIS2_PLACEMENT_3D('',#3631,#3632,#3633);
#3631 = CARTESIAN_POINT('',(0.,0.,6.73));
#3632 = DIRECTION('',(0.,0.,1.));
#3633 = DIRECTION('',(1.,0.,-0.));
#3634 = ADVANCED_FACE('',(#3635),#3641,.T.);
#3635 = FACE_BOUND('',#3636,.T.);
#3636 = EDGE_LOOP('',(#3637,#3638,#3639,#3640));
#3637 = ORIENTED_EDGE('',*,*,#3375,.F.);
#3638 = ORIENTED_EDGE('',*,*,#2994,.F.);
#3639 = ORIENTED_EDGE('',*,*,#3602,.F.);
#3640 = ORIENTED_EDGE('',*,*,#3623,.T.);
#3641 = PLANE('',#3642);
#3642 = AXIS2_PLACEMENT_3D('',#3643,#3644,#3645);
#3643 = CARTESIAN_POINT('',(5.61,0.395,6.73));
#3644 = DIRECTION('',(1.,-1.621236893436E-15,0.));
#3645 = DIRECTION('',(1.621236893436E-15,1.,0.));
#3646 = ADVANCED_FACE('',(#3647),#3653,.T.);
#3647 = FACE_BOUND('',#3648,.T.);
#3648 = EDGE_LOOP('',(#3649,#3650,#3651,#3652));
#3649 = ORIENTED_EDGE('',*,*,#3355,.F.);
#3650 = ORIENTED_EDGE('',*,*,#3616,.T.);
#3651 = ORIENTED_EDGE('',*,*,#3586,.T.);
#3652 = ORIENTED_EDGE('',*,*,#2978,.F.);
#3653 = PLANE('',#3654);
#3654 = AXIS2_PLACEMENT_3D('',#3655,#3656,#3657);
#3655 = CARTESIAN_POINT('',(-5.61,2.,6.73));
#3656 = DIRECTION('',(-1.,0.,0.));
#3657 = DIRECTION('',(0.,0.,1.));
#3658 = ADVANCED_FACE('',(#3659),#3684,.T.);
#3659 = FACE_BOUND('',#3660,.T.);
#3660 = EDGE_LOOP('',(#3661,#3662,#3670,#3678));
#3661 = ORIENTED_EDGE('',*,*,#3066,.F.);
#3662 = ORIENTED_EDGE('',*,*,#3663,.F.);
#3663 = EDGE_CURVE('',#3664,#3059,#3666,.T.);
#3664 = VERTEX_POINT('',#3665);
#3665 = CARTESIAN_POINT('',(5.61,7.345,6.73));
#3666 = LINE('',#3667,#3668);
#3667 = CARTESIAN_POINT('',(5.61,7.345,6.73));
#3668 = VECTOR('',#3669,1.);
#3669 = DIRECTION('',(0.,0.,1.));
#3670 = ORIENTED_EDGE('',*,*,#3671,.T.);
#3671 = EDGE_CURVE('',#3664,#3672,#3674,.T.);
#3672 = VERTEX_POINT('',#3673);
#3673 = CARTESIAN_POINT('',(-5.61,7.345,6.73));
#3674 = LINE('',#3675,#3676);
#3675 = CARTESIAN_POINT('',(5.61,7.345,6.73));
#3676 = VECTOR('',#3677,1.);
#3677 = DIRECTION('',(-1.,0.,0.));
#3678 = ORIENTED_EDGE('',*,*,#3679,.T.);
#3679 = EDGE_CURVE('',#3672,#2913,#3680,.T.);
#3680 = LINE('',#3681,#3682);
#3681 = CARTESIAN_POINT('',(-5.61,7.345,6.73));
#3682 = VECTOR('',#3683,1.);
#3683 = DIRECTION('',(0.,0.,1.));
#3684 = PLANE('',#3685);
#3685 = AXIS2_PLACEMENT_3D('',#3686,#3687,#3688);
#3686 = CARTESIAN_POINT('',(5.61,7.345,6.73));
#3687 = DIRECTION('',(0.,1.,0.));
#3688 = DIRECTION('',(0.,-0.,1.));
#3689 = ADVANCED_FACE('',(#3690),#3706,.F.);
#3690 = FACE_BOUND('',#3691,.T.);
#3691 = EDGE_LOOP('',(#3692,#3698,#3699,#3705));
#3692 = ORIENTED_EDGE('',*,*,#3693,.F.);
#3693 = EDGE_CURVE('',#3180,#3664,#3694,.T.);
#3694 = LINE('',#3695,#3696);
#3695 = CARTESIAN_POINT('',(5.61,5.74,6.73));
#3696 = VECTOR('',#3697,1.);
#3697 = DIRECTION('',(0.,1.,0.));
#3698 = ORIENTED_EDGE('',*,*,#3179,.T.);
#3699 = ORIENTED_EDGE('',*,*,#3700,.F.);
#3700 = EDGE_CURVE('',#3672,#3182,#3701,.T.);
#3701 = LINE('',#3702,#3703);
#3702 = CARTESIAN_POINT('',(-5.61,7.345,6.73));
#3703 = VECTOR('',#3704,1.);
#3704 = DIRECTION('',(-1.621236893436E-15,-1.,0.));
#3705 = ORIENTED_EDGE('',*,*,#3671,.F.);
#3706 = PLANE('',#3707);
#3707 = AXIS2_PLACEMENT_3D('',#3708,#3709,#3710);
#3708 = CARTESIAN_POINT('',(0.,0.,6.73));
#3709 = DIRECTION('',(0.,0.,1.));
#3710 = DIRECTION('',(1.,0.,-0.));
#3711 = ADVANCED_FACE('',(#3712),#3718,.T.);
#3712 = FACE_BOUND('',#3713,.T.);
#3713 = EDGE_LOOP('',(#3714,#3715,#3716,#3717));
#3714 = ORIENTED_EDGE('',*,*,#3205,.F.);
#3715 = ORIENTED_EDGE('',*,*,#2912,.F.);
#3716 = ORIENTED_EDGE('',*,*,#3679,.F.);
#3717 = ORIENTED_EDGE('',*,*,#3700,.T.);
#3718 = PLANE('',#3719);
#3719 = AXIS2_PLACEMENT_3D('',#3720,#3721,#3722);
#3720 = CARTESIAN_POINT('',(-5.61,7.345,6.73));
#3721 = DIRECTION('',(-1.,1.621236893436E-15,0.));
#3722 = DIRECTION('',(-1.621236893436E-15,-1.,0.));
#3723 = ADVANCED_FACE('',(#3724),#3730,.T.);
#3724 = FACE_BOUND('',#3725,.T.);
#3725 = EDGE_LOOP('',(#3726,#3727,#3728,#3729));
#3726 = ORIENTED_EDGE('',*,*,#3189,.F.);
#3727 = ORIENTED_EDGE('',*,*,#3693,.T.);
#3728 = ORIENTED_EDGE('',*,*,#3663,.T.);
#3729 = ORIENTED_EDGE('',*,*,#3058,.F.);
#3730 = PLANE('',#3731);
#3731 = AXIS2_PLACEMENT_3D('',#3732,#3733,#3734);
#3732 = CARTESIAN_POINT('',(5.61,5.74,6.73));
#3733 = DIRECTION('',(1.,0.,0.));
#3734 = DIRECTION('',(0.,0.,-1.));
#3735 = ADVANCED_FACE('',(#3736),#3761,.T.);
#3736 = FACE_BOUND('',#3737,.T.);
#3737 = EDGE_LOOP('',(#3738,#3739,#3747,#3755));
#3738 = ORIENTED_EDGE('',*,*,#2946,.F.);
#3739 = ORIENTED_EDGE('',*,*,#3740,.F.);
#3740 = EDGE_CURVE('',#3741,#2939,#3743,.T.);
#3741 = VERTEX_POINT('',#3742);
#3742 = CARTESIAN_POINT('',(-7.3,5.74,6.73));
#3743 = LINE('',#3744,#3745);
#3744 = CARTESIAN_POINT('',(-7.3,5.74,6.73));
#3745 = VECTOR('',#3746,1.);
#3746 = DIRECTION('',(0.,0.,1.));
#3747 = ORIENTED_EDGE('',*,*,#3748,.T.);
#3748 = EDGE_CURVE('',#3741,#3749,#3751,.T.);
#3749 = VERTEX_POINT('',#3750);
#3750 = CARTESIAN_POINT('',(-7.3,2.,6.73));
#3751 = LINE('',#3752,#3753);
#3752 = CARTESIAN_POINT('',(-7.3,5.74,6.73));
#3753 = VECTOR('',#3754,1.);
#3754 = DIRECTION('',(0.,-1.,0.));
#3755 = ORIENTED_EDGE('',*,*,#3756,.T.);
#3756 = EDGE_CURVE('',#3749,#2947,#3757,.T.);
#3757 = LINE('',#3758,#3759);
#3758 = CARTESIAN_POINT('',(-7.3,2.,6.73));
#3759 = VECTOR('',#3760,1.);
#3760 = DIRECTION('',(0.,0.,1.));
#3761 = PLANE('',#3762);
#3762 = AXIS2_PLACEMENT_3D('',#3763,#3764,#3765);
#3763 = CARTESIAN_POINT('',(-7.3,5.74,6.73));
#3764 = DIRECTION('',(-1.,0.,0.));
#3765 = DIRECTION('',(0.,0.,1.));
#3766 = ADVANCED_FACE('',(#3767),#3783,.F.);
#3767 = FACE_BOUND('',#3768,.T.);
#3768 = EDGE_LOOP('',(#3769,#3775,#3776,#3782));
#3769 = ORIENTED_EDGE('',*,*,#3770,.F.);
#3770 = EDGE_CURVE('',#1871,#3741,#3771,.T.);
#3771 = LINE('',#3772,#3773);
#3772 = CARTESIAN_POINT('',(-5.61,5.74,6.73));
#3773 = VECTOR('',#3774,1.);
#3774 = DIRECTION('',(-1.,0.,0.));
#3775 = ORIENTED_EDGE('',*,*,#1870,.T.);
#3776 = ORIENTED_EDGE('',*,*,#3777,.F.);
#3777 = EDGE_CURVE('',#3749,#1863,#3778,.T.);
#3778 = LINE('',#3779,#3780);
#3779 = CARTESIAN_POINT('',(-7.3,2.,6.73));
#3780 = VECTOR('',#3781,1.);
#3781 = DIRECTION('',(1.,0.,0.));
#3782 = ORIENTED_EDGE('',*,*,#3748,.F.);
#3783 = PLANE('',#3784);
#3784 = AXIS2_PLACEMENT_3D('',#3785,#3786,#3787);
#3785 = CARTESIAN_POINT('',(0.,0.,6.73));
#3786 = DIRECTION('',(0.,0.,1.));
#3787 = DIRECTION('',(1.,0.,-0.));
#3788 = ADVANCED_FACE('',(#3789),#3795,.T.);
#3789 = FACE_BOUND('',#3790,.T.);
#3790 = EDGE_LOOP('',(#3791,#3792,#3793,#3794));
#3791 = ORIENTED_EDGE('',*,*,#1878,.F.);
#3792 = ORIENTED_EDGE('',*,*,#3770,.T.);
#3793 = ORIENTED_EDGE('',*,*,#3740,.T.);
#3794 = ORIENTED_EDGE('',*,*,#2938,.F.);
#3795 = PLANE('',#3796);
#3796 = AXIS2_PLACEMENT_3D('',#3797,#3798,#3799);
#3797 = CARTESIAN_POINT('',(-5.61,5.74,6.73));
#3798 = DIRECTION('',(0.,1.,0.));
#3799 = DIRECTION('',(0.,-0.,1.));
#3800 = ADVANCED_FACE('',(#3801),#3807,.T.);
#3801 = FACE_BOUND('',#3802,.T.);
#3802 = EDGE_LOOP('',(#3803,#3804,#3805,#3806));
#3803 = ORIENTED_EDGE('',*,*,#1862,.F.);
#3804 = ORIENTED_EDGE('',*,*,#2954,.F.);
#3805 = ORIENTED_EDGE('',*,*,#3756,.F.);
#3806 = ORIENTED_EDGE('',*,*,#3777,.T.);
#3807 = PLANE('',#3808);
#3808 = AXIS2_PLACEMENT_3D('',#3809,#3810,#3811);
#3809 = CARTESIAN_POINT('',(-7.3,2.,6.73));
#3810 = DIRECTION('',(0.,-1.,0.));
#3811 = DIRECTION('',(0.,0.,-1.));
#3812 = ADVANCED_FACE('',(#3813),#3831,.T.);
#3813 = FACE_BOUND('',#3814,.T.);
#3814 = EDGE_LOOP('',(#3815,#3816,#3824,#3830));
#3815 = ORIENTED_EDGE('',*,*,#1701,.F.);
#3816 = ORIENTED_EDGE('',*,*,#3817,.T.);
#3817 = EDGE_CURVE('',#1692,#3818,#3820,.T.);
#3818 = VERTEX_POINT('',#3819);
#3819 = CARTESIAN_POINT('',(7.3,2.,6.73));
#3820 = LINE('',#3821,#3822);
#3821 = CARTESIAN_POINT('',(5.61,2.,6.73));
#3822 = VECTOR('',#3823,1.);
#3823 = DIRECTION('',(1.,0.,0.));
#3824 = ORIENTED_EDGE('',*,*,#3825,.T.);
#3825 = EDGE_CURVE('',#3818,#3019,#3826,.T.);
#3826 = LINE('',#3827,#3828);
#3827 = CARTESIAN_POINT('',(7.3,2.,6.73));
#3828 = VECTOR('',#3829,1.);
#3829 = DIRECTION('',(0.,0.,1.));
#3830 = ORIENTED_EDGE('',*,*,#3018,.F.);
#3831 = PLANE('',#3832);
#3832 = AXIS2_PLACEMENT_3D('',#3833,#3834,#3835);
#3833 = CARTESIAN_POINT('',(5.61,2.,6.73));
#3834 = DIRECTION('',(0.,-1.,0.));
#3835 = DIRECTION('',(0.,0.,-1.));
#3836 = ADVANCED_FACE('',(#3837),#3855,.T.);
#3837 = FACE_BOUND('',#3838,.T.);
#3838 = EDGE_LOOP('',(#3839,#3840,#3841,#3849));
#3839 = ORIENTED_EDGE('',*,*,#1788,.F.);
#3840 = ORIENTED_EDGE('',*,*,#3034,.F.);
#3841 = ORIENTED_EDGE('',*,*,#3842,.F.);
#3842 = EDGE_CURVE('',#3843,#3027,#3845,.T.);
#3843 = VERTEX_POINT('',#3844);
#3844 = CARTESIAN_POINT('',(7.3,5.74,6.73));
#3845 = LINE('',#3846,#3847);
#3846 = CARTESIAN_POINT('',(7.3,5.74,6.73));
#3847 = VECTOR('',#3848,1.);
#3848 = DIRECTION('',(0.,0.,1.));
#3849 = ORIENTED_EDGE('',*,*,#3850,.T.);
#3850 = EDGE_CURVE('',#3843,#1694,#3851,.T.);
#3851 = LINE('',#3852,#3853);
#3852 = CARTESIAN_POINT('',(7.3,5.74,6.73));
#3853 = VECTOR('',#3854,1.);
#3854 = DIRECTION('',(-1.,0.,0.));
#3855 = PLANE('',#3856);
#3856 = AXIS2_PLACEMENT_3D('',#3857,#3858,#3859);
#3857 = CARTESIAN_POINT('',(7.3,5.74,6.73));
#3858 = DIRECTION('',(0.,1.,0.));
#3859 = DIRECTION('',(0.,-0.,1.));
#3860 = ADVANCED_FACE('',(#3861),#3872,.F.);
#3861 = FACE_BOUND('',#3862,.T.);
#3862 = EDGE_LOOP('',(#3863,#3864,#3865,#3866));
#3863 = ORIENTED_EDGE('',*,*,#3817,.F.);
#3864 = ORIENTED_EDGE('',*,*,#1691,.T.);
#3865 = ORIENTED_EDGE('',*,*,#3850,.F.);
#3866 = ORIENTED_EDGE('',*,*,#3867,.F.);
#3867 = EDGE_CURVE('',#3818,#3843,#3868,.T.);
#3868 = LINE('',#3869,#3870);
#3869 = CARTESIAN_POINT('',(7.3,2.,6.73));
#3870 = VECTOR('',#3871,1.);
#3871 = DIRECTION('',(0.,1.,0.));
#3872 = PLANE('',#3873);
#3873 = AXIS2_PLACEMENT_3D('',#3874,#3875,#3876);
#3874 = CARTESIAN_POINT('',(0.,0.,6.73));
#3875 = DIRECTION('',(0.,0.,1.));
#3876 = DIRECTION('',(1.,0.,-0.));
#3877 = ADVANCED_FACE('',(#3878),#3884,.T.);
#3878 = FACE_BOUND('',#3879,.T.);
#3879 = EDGE_LOOP('',(#3880,#3881,#3882,#3883));
#3880 = ORIENTED_EDGE('',*,*,#3026,.F.);
#3881 = ORIENTED_EDGE('',*,*,#3825,.F.);
#3882 = ORIENTED_EDGE('',*,*,#3867,.T.);
#3883 = ORIENTED_EDGE('',*,*,#3842,.T.);
#3884 = PLANE('',#3885);
#3885 = AXIS2_PLACEMENT_3D('',#3886,#3887,#3888);
#3886 = CARTESIAN_POINT('',(7.3,2.,6.73));
#3887 = DIRECTION('',(1.,0.,0.));
#3888 = DIRECTION('',(0.,0.,-1.));
#3889 = ADVANCED_FACE('',(#3890),#3916,.F.);
#3890 = FACE_BOUND('',#3891,.F.);
#3891 = EDGE_LOOP('',(#3892,#3900,#3909,#3915));
#3892 = ORIENTED_EDGE('',*,*,#3893,.F.);
#3893 = EDGE_CURVE('',#3894,#2843,#3896,.T.);
#3894 = VERTEX_POINT('',#3895);
#3895 = CARTESIAN_POINT('',(-5.77,6.58,-1.8));
#3896 = LINE('',#3897,#3898);
#3897 = CARTESIAN_POINT('',(-5.77,6.58,-1.8));
#3898 = VECTOR('',#3899,1.);
#3899 = DIRECTION('',(0.,0.,1.));
#3900 = ORIENTED_EDGE('',*,*,#3901,.T.);
#3901 = EDGE_CURVE('',#3894,#3902,#3904,.T.);
#3902 = VERTEX_POINT('',#3903);
#3903 = CARTESIAN_POINT('',(-6.25,6.1,-1.8));
#3904 = CIRCLE('',#3905,0.48);
#3905 = AXIS2_PLACEMENT_3D('',#3906,#3907,#3908);
#3906 = CARTESIAN_POINT('',(-5.77,6.1,-1.8));
#3907 = DIRECTION('',(0.,0.,1.));
#3908 = DIRECTION('',(1.,0.,-0.));
#3909 = ORIENTED_EDGE('',*,*,#3910,.T.);
#3910 = EDGE_CURVE('',#3902,#2845,#3911,.T.);
#3911 = LINE('',#3912,#3913);
#3912 = CARTESIAN_POINT('',(-6.25,6.1,-1.8));
#3913 = VECTOR('',#3914,1.);
#3914 = DIRECTION('',(0.,0.,1.));
#3915 = ORIENTED_EDGE('',*,*,#2842,.F.);
#3916 = CYLINDRICAL_SURFACE('',#3917,0.48);
#3917 = AXIS2_PLACEMENT_3D('',#3918,#3919,#3920);
#3918 = CARTESIAN_POINT('',(-5.77,6.1,-1.8));
#3919 = DIRECTION('',(0.,0.,1.));
#3920 = DIRECTION('',(1.,0.,-0.));
#3921 = ADVANCED_FACE('',(#3922,#3956),#3974,.F.);
#3922 = FACE_BOUND('',#3923,.T.);
#3923 = EDGE_LOOP('',(#3924,#3934,#3942,#3950));
#3924 = ORIENTED_EDGE('',*,*,#3925,.F.);
#3925 = EDGE_CURVE('',#3926,#3928,#3930,.T.);
#3926 = VERTEX_POINT('',#3927);
#3927 = CARTESIAN_POINT('',(-6.25,5.19,5.25));
#3928 = VERTEX_POINT('',#3929);
#3929 = CARTESIAN_POINT('',(-6.25,2.81,5.25));
#3930 = LINE('',#3931,#3932);
#3931 = CARTESIAN_POINT('',(-6.25,5.19,5.25));
#3932 = VECTOR('',#3933,1.);
#3933 = DIRECTION('',(0.,-1.,0.));
#3934 = ORIENTED_EDGE('',*,*,#3935,.T.);
#3935 = EDGE_CURVE('',#3926,#3936,#3938,.T.);
#3936 = VERTEX_POINT('',#3937);
#3937 = CARTESIAN_POINT('',(-6.25,5.19,-0.4));
#3938 = LINE('',#3939,#3940);
#3939 = CARTESIAN_POINT('',(-6.25,5.19,5.25));
#3940 = VECTOR('',#3941,1.);
#3941 = DIRECTION('',(0.,0.,-1.));
#3942 = ORIENTED_EDGE('',*,*,#3943,.T.);
#3943 = EDGE_CURVE('',#3936,#3944,#3946,.T.);
#3944 = VERTEX_POINT('',#3945);
#3945 = CARTESIAN_POINT('',(-6.25,2.81,-0.4));
#3946 = LINE('',#3947,#3948);
#3947 = CARTESIAN_POINT('',(-6.25,5.19,-0.4));
#3948 = VECTOR('',#3949,1.);
#3949 = DIRECTION('',(0.,-1.,0.));
#3950 = ORIENTED_EDGE('',*,*,#3951,.F.);
#3951 = EDGE_CURVE('',#3928,#3944,#3952,.T.);
#3952 = LINE('',#3953,#3954);
#3953 = CARTESIAN_POINT('',(-6.25,2.81,5.25));
#3954 = VECTOR('',#3955,1.);
#3955 = DIRECTION('',(0.,0.,-1.));
#3956 = FACE_BOUND('',#3957,.T.);
#3957 = EDGE_LOOP('',(#3958,#3959,#3967,#3973));
#3958 = ORIENTED_EDGE('',*,*,#2904,.T.);
#3959 = ORIENTED_EDGE('',*,*,#3960,.F.);
#3960 = EDGE_CURVE('',#3961,#2896,#3963,.T.);
#3961 = VERTEX_POINT('',#3962);
#3962 = CARTESIAN_POINT('',(-6.25,1.94,-1.8));
#3963 = LINE('',#3964,#3965);
#3964 = CARTESIAN_POINT('',(-6.25,1.94,-1.8));
#3965 = VECTOR('',#3966,1.);
#3966 = DIRECTION('',(0.,0.,1.));
#3967 = ORIENTED_EDGE('',*,*,#3968,.F.);
#3968 = EDGE_CURVE('',#3902,#3961,#3969,.T.);
#3969 = LINE('',#3970,#3971);
#3970 = CARTESIAN_POINT('',(-6.25,6.1,-1.8));
#3971 = VECTOR('',#3972,1.);
#3972 = DIRECTION('',(0.,-1.,0.));
#3973 = ORIENTED_EDGE('',*,*,#3910,.T.);
#3974 = PLANE('',#3975);
#3975 = AXIS2_PLACEMENT_3D('',#3976,#3977,#3978);
#3976 = CARTESIAN_POINT('',(-6.25,6.1,-1.8));
#3977 = DIRECTION('',(-1.,0.,0.));
#3978 = DIRECTION('',(0.,0.,1.));
#3979 = ADVANCED_FACE('',(#3980),#3999,.F.);
#3980 = FACE_BOUND('',#3981,.F.);
#3981 = EDGE_LOOP('',(#3982,#3983,#3992,#3998));
#3982 = ORIENTED_EDGE('',*,*,#3960,.F.);
#3983 = ORIENTED_EDGE('',*,*,#3984,.T.);
#3984 = EDGE_CURVE('',#3961,#3985,#3987,.T.);
#3985 = VERTEX_POINT('',#3986);
#3986 = CARTESIAN_POINT('',(-5.77,1.46,-1.8));
#3987 = CIRCLE('',#3988,0.48);
#3988 = AXIS2_PLACEMENT_3D('',#3989,#3990,#3991);
#3989 = CARTESIAN_POINT('',(-5.77,1.94,-1.8));
#3990 = DIRECTION('',(0.,0.,1.));
#3991 = DIRECTION('',(1.,0.,-0.));
#3992 = ORIENTED_EDGE('',*,*,#3993,.T.);
#3993 = EDGE_CURVE('',#3985,#2888,#3994,.T.);
#3994 = LINE('',#3995,#3996);
#3995 = CARTESIAN_POINT('',(-5.77,1.46,-1.8));
#3996 = VECTOR('',#3997,1.);
#3997 = DIRECTION('',(0.,0.,1.));
#3998 = ORIENTED_EDGE('',*,*,#2895,.F.);
#3999 = CYLINDRICAL_SURFACE('',#4000,0.48);
#4000 = AXIS2_PLACEMENT_3D('',#4001,#4002,#4003);
#4001 = CARTESIAN_POINT('',(-5.77,1.94,-1.8));
#4002 = DIRECTION('',(0.,0.,1.));
#4003 = DIRECTION('',(1.,0.,-0.));
#4004 = ADVANCED_FACE('',(#4005,#4071,#4137),#4155,.F.);
#4005 = FACE_BOUND('',#4006,.T.);
#4006 = EDGE_LOOP('',(#4007,#4017,#4025,#4033,#4041,#4049,#4057,#4065));
#4007 = ORIENTED_EDGE('',*,*,#4008,.F.);
#4008 = EDGE_CURVE('',#4009,#4011,#4013,.T.);
#4009 = VERTEX_POINT('',#4010);
#4010 = CARTESIAN_POINT('',(4.,1.46,-0.61302035311));
#4011 = VERTEX_POINT('',#4012);
#4012 = CARTESIAN_POINT('',(2.,1.46,-0.61302035311));
#4013 = LINE('',#4014,#4015);
#4014 = CARTESIAN_POINT('',(-5.77,1.46,-0.61302035311));
#4015 = VECTOR('',#4016,1.);
#4016 = DIRECTION('',(-1.,0.,0.));
#4017 = ORIENTED_EDGE('',*,*,#4018,.T.);
#4018 = EDGE_CURVE('',#4009,#4019,#4021,.T.);
#4019 = VERTEX_POINT('',#4020);
#4020 = CARTESIAN_POINT('',(4.,1.46,-0.6));
#4021 = LINE('',#4022,#4023);
#4022 = CARTESIAN_POINT('',(4.,1.46,-1.8));
#4023 = VECTOR('',#4024,1.);
#4024 = DIRECTION('',(0.,0.,1.));
#4025 = ORIENTED_EDGE('',*,*,#4026,.F.);
#4026 = EDGE_CURVE('',#4027,#4019,#4029,.T.);
#4027 = VERTEX_POINT('',#4028);
#4028 = CARTESIAN_POINT('',(4.5,1.46,-0.6));
#4029 = LINE('',#4030,#4031);
#4030 = CARTESIAN_POINT('',(4.5,1.46,-0.6));
#4031 = VECTOR('',#4032,1.);
#4032 = DIRECTION('',(-1.,0.,0.));
#4033 = ORIENTED_EDGE('',*,*,#4034,.T.);
#4034 = EDGE_CURVE('',#4027,#4035,#4037,.T.);
#4035 = VERTEX_POINT('',#4036);
#4036 = CARTESIAN_POINT('',(4.5,1.46,5.9));
#4037 = LINE('',#4038,#4039);
#4038 = CARTESIAN_POINT('',(4.5,1.46,-0.6));
#4039 = VECTOR('',#4040,1.);
#4040 = DIRECTION('',(0.,0.,1.));
#4041 = ORIENTED_EDGE('',*,*,#4042,.T.);
#4042 = EDGE_CURVE('',#4035,#4043,#4045,.T.);
#4043 = VERTEX_POINT('',#4044);
#4044 = CARTESIAN_POINT('',(1.5,1.46,5.9));
#4045 = LINE('',#4046,#4047);
#4046 = CARTESIAN_POINT('',(4.5,1.46,5.9));
#4047 = VECTOR('',#4048,1.);
#4048 = DIRECTION('',(-1.,0.,0.));
#4049 = ORIENTED_EDGE('',*,*,#4050,.F.);
#4050 = EDGE_CURVE('',#4051,#4043,#4053,.T.);
#4051 = VERTEX_POINT('',#4052);
#4052 = CARTESIAN_POINT('',(1.5,1.46,-0.6));
#4053 = LINE('',#4054,#4055);
#4054 = CARTESIAN_POINT('',(1.5,1.46,-0.6));
#4055 = VECTOR('',#4056,1.);
#4056 = DIRECTION('',(0.,0.,1.));
#4057 = ORIENTED_EDGE('',*,*,#4058,.F.);
#4058 = EDGE_CURVE('',#4059,#4051,#4061,.T.);
#4059 = VERTEX_POINT('',#4060);
#4060 = CARTESIAN_POINT('',(2.,1.46,-0.6));
#4061 = LINE('',#4062,#4063);
#4062 = CARTESIAN_POINT('',(4.5,1.46,-0.6));
#4063 = VECTOR('',#4064,1.);
#4064 = DIRECTION('',(-1.,0.,0.));
#4065 = ORIENTED_EDGE('',*,*,#4066,.F.);
#4066 = EDGE_CURVE('',#4011,#4059,#4067,.T.);
#4067 = LINE('',#4068,#4069);
#4068 = CARTESIAN_POINT('',(2.,1.46,-1.8));
#4069 = VECTOR('',#4070,1.);
#4070 = DIRECTION('',(0.,0.,1.));
#4071 = FACE_BOUND('',#4072,.T.);
#4072 = EDGE_LOOP('',(#4073,#4083,#4091,#4099,#4107,#4115,#4123,#4131));
#4073 = ORIENTED_EDGE('',*,*,#4074,.F.);
#4074 = EDGE_CURVE('',#4075,#4077,#4079,.T.);
#4075 = VERTEX_POINT('',#4076);
#4076 = CARTESIAN_POINT('',(-2.,1.46,-0.61302035311));
#4077 = VERTEX_POINT('',#4078);
#4078 = CARTESIAN_POINT('',(-4.,1.46,-0.61302035311));
#4079 = LINE('',#4080,#4081);
#4080 = CARTESIAN_POINT('',(-5.77,1.46,-0.61302035311));
#4081 = VECTOR('',#4082,1.);
#4082 = DIRECTION('',(-1.,0.,0.));
#4083 = ORIENTED_EDGE('',*,*,#4084,.T.);
#4084 = EDGE_CURVE('',#4075,#4085,#4087,.T.);
#4085 = VERTEX_POINT('',#4086);
#4086 = CARTESIAN_POINT('',(-2.,1.46,-0.6));
#4087 = LINE('',#4088,#4089);
#4088 = CARTESIAN_POINT('',(-2.,1.46,-1.8));
#4089 = VECTOR('',#4090,1.);
#4090 = DIRECTION('',(0.,0.,1.));
#4091 = ORIENTED_EDGE('',*,*,#4092,.F.);
#4092 = EDGE_CURVE('',#4093,#4085,#4095,.T.);
#4093 = VERTEX_POINT('',#4094);
#4094 = CARTESIAN_POINT('',(-1.5,1.46,-0.6));
#4095 = LINE('',#4096,#4097);
#4096 = CARTESIAN_POINT('',(-1.5,1.46,-0.6));
#4097 = VECTOR('',#4098,1.);
#4098 = DIRECTION('',(-1.,0.,0.));
#4099 = ORIENTED_EDGE('',*,*,#4100,.T.);
#4100 = EDGE_CURVE('',#4093,#4101,#4103,.T.);
#4101 = VERTEX_POINT('',#4102);
#4102 = CARTESIAN_POINT('',(-1.5,1.46,5.9));
#4103 = LINE('',#4104,#4105);
#4104 = CARTESIAN_POINT('',(-1.5,1.46,-0.6));
#4105 = VECTOR('',#4106,1.);
#4106 = DIRECTION('',(0.,0.,1.));
#4107 = ORIENTED_EDGE('',*,*,#4108,.T.);
#4108 = EDGE_CURVE('',#4101,#4109,#4111,.T.);
#4109 = VERTEX_POINT('',#4110);
#4110 = CARTESIAN_POINT('',(-4.5,1.46,5.9));
#4111 = LINE('',#4112,#4113);
#4112 = CARTESIAN_POINT('',(-1.5,1.46,5.9));
#4113 = VECTOR('',#4114,1.);
#4114 = DIRECTION('',(-1.,0.,0.));
#4115 = ORIENTED_EDGE('',*,*,#4116,.F.);
#4116 = EDGE_CURVE('',#4117,#4109,#4119,.T.);
#4117 = VERTEX_POINT('',#4118);
#4118 = CARTESIAN_POINT('',(-4.5,1.46,-0.6));
#4119 = LINE('',#4120,#4121);
#4120 = CARTESIAN_POINT('',(-4.5,1.46,-0.6));
#4121 = VECTOR('',#4122,1.);
#4122 = DIRECTION('',(0.,0.,1.));
#4123 = ORIENTED_EDGE('',*,*,#4124,.F.);
#4124 = EDGE_CURVE('',#4125,#4117,#4127,.T.);
#4125 = VERTEX_POINT('',#4126);
#4126 = CARTESIAN_POINT('',(-4.,1.46,-0.6));
#4127 = LINE('',#4128,#4129);
#4128 = CARTESIAN_POINT('',(-1.5,1.46,-0.6));
#4129 = VECTOR('',#4130,1.);
#4130 = DIRECTION('',(-1.,0.,0.));
#4131 = ORIENTED_EDGE('',*,*,#4132,.F.);
#4132 = EDGE_CURVE('',#4077,#4125,#4133,.T.);
#4133 = LINE('',#4134,#4135);
#4134 = CARTESIAN_POINT('',(-4.,1.46,-1.8));
#4135 = VECTOR('',#4136,1.);
#4136 = DIRECTION('',(0.,0.,1.));
#4137 = FACE_BOUND('',#4138,.T.);
#4138 = EDGE_LOOP('',(#4139,#4140,#4148,#4154));
#4139 = ORIENTED_EDGE('',*,*,#2887,.T.);
#4140 = ORIENTED_EDGE('',*,*,#4141,.F.);
#4141 = EDGE_CURVE('',#4142,#2879,#4144,.T.);
#4142 = VERTEX_POINT('',#4143);
#4143 = CARTESIAN_POINT('',(5.77,1.46,-1.8));
#4144 = LINE('',#4145,#4146);
#4145 = CARTESIAN_POINT('',(5.77,1.46,-1.8));
#4146 = VECTOR('',#4147,1.);
#4147 = DIRECTION('',(0.,0.,1.));
#4148 = ORIENTED_EDGE('',*,*,#4149,.F.);
#4149 = EDGE_CURVE('',#3985,#4142,#4150,.T.);
#4150 = LINE('',#4151,#4152);
#4151 = CARTESIAN_POINT('',(-5.77,1.46,-1.8));
#4152 = VECTOR('',#4153,1.);
#4153 = DIRECTION('',(1.,0.,0.));
#4154 = ORIENTED_EDGE('',*,*,#3993,.T.);
#4155 = PLANE('',#4156);
#4156 = AXIS2_PLACEMENT_3D('',#4157,#4158,#4159);
#4157 = CARTESIAN_POINT('',(-5.77,1.46,-1.8));
#4158 = DIRECTION('',(0.,-1.,0.));
#4159 = DIRECTION('',(0.,0.,-1.));
#4160 = ADVANCED_FACE('',(#4161),#4180,.F.);
#4161 = FACE_BOUND('',#4162,.F.);
#4162 = EDGE_LOOP('',(#4163,#4164,#4173,#4179));
#4163 = ORIENTED_EDGE('',*,*,#4141,.F.);
#4164 = ORIENTED_EDGE('',*,*,#4165,.T.);
#4165 = EDGE_CURVE('',#4142,#4166,#4168,.T.);
#4166 = VERTEX_POINT('',#4167);
#4167 = CARTESIAN_POINT('',(6.25,1.94,-1.8));
#4168 = CIRCLE('',#4169,0.48);
#4169 = AXIS2_PLACEMENT_3D('',#4170,#4171,#4172);
#4170 = CARTESIAN_POINT('',(5.77,1.94,-1.8));
#4171 = DIRECTION('',(0.,0.,1.));
#4172 = DIRECTION('',(1.,0.,-0.));
#4173 = ORIENTED_EDGE('',*,*,#4174,.T.);
#4174 = EDGE_CURVE('',#4166,#2871,#4175,.T.);
#4175 = LINE('',#4176,#4177);
#4176 = CARTESIAN_POINT('',(6.25,1.94,-1.8));
#4177 = VECTOR('',#4178,1.);
#4178 = DIRECTION('',(0.,0.,1.));
#4179 = ORIENTED_EDGE('',*,*,#2878,.F.);
#4180 = CYLINDRICAL_SURFACE('',#4181,0.48);
#4181 = AXIS2_PLACEMENT_3D('',#4182,#4183,#4184);
#4182 = CARTESIAN_POINT('',(5.77,1.94,-1.8));
#4183 = DIRECTION('',(0.,0.,1.));
#4184 = DIRECTION('',(1.,0.,-0.));
#4185 = ADVANCED_FACE('',(#4186,#4220),#4238,.F.);
#4186 = FACE_BOUND('',#4187,.T.);
#4187 = EDGE_LOOP('',(#4188,#4198,#4206,#4214));
#4188 = ORIENTED_EDGE('',*,*,#4189,.F.);
#4189 = EDGE_CURVE('',#4190,#4192,#4194,.T.);
#4190 = VERTEX_POINT('',#4191);
#4191 = CARTESIAN_POINT('',(6.25,5.19,-0.4));
#4192 = VERTEX_POINT('',#4193);
#4193 = CARTESIAN_POINT('',(6.25,2.81,-0.4));
#4194 = LINE('',#4195,#4196);
#4195 = CARTESIAN_POINT('',(6.25,5.19,-0.4));
#4196 = VECTOR('',#4197,1.);
#4197 = DIRECTION('',(0.,-1.,0.));
#4198 = ORIENTED_EDGE('',*,*,#4199,.T.);
#4199 = EDGE_CURVE('',#4190,#4200,#4202,.T.);
#4200 = VERTEX_POINT('',#4201);
#4201 = CARTESIAN_POINT('',(6.25,5.19,5.25));
#4202 = LINE('',#4203,#4204);
#4203 = CARTESIAN_POINT('',(6.25,5.19,-0.4));
#4204 = VECTOR('',#4205,1.);
#4205 = DIRECTION('',(0.,0.,1.));
#4206 = ORIENTED_EDGE('',*,*,#4207,.T.);
#4207 = EDGE_CURVE('',#4200,#4208,#4210,.T.);
#4208 = VERTEX_POINT('',#4209);
#4209 = CARTESIAN_POINT('',(6.25,2.81,5.25));
#4210 = LINE('',#4211,#4212);
#4211 = CARTESIAN_POINT('',(6.25,5.19,5.25));
#4212 = VECTOR('',#4213,1.);
#4213 = DIRECTION('',(0.,-1.,0.));
#4214 = ORIENTED_EDGE('',*,*,#4215,.F.);
#4215 = EDGE_CURVE('',#4192,#4208,#4216,.T.);
#4216 = LINE('',#4217,#4218);
#4217 = CARTESIAN_POINT('',(6.25,2.81,-0.4));
#4218 = VECTOR('',#4219,1.);
#4219 = DIRECTION('',(0.,0.,1.));
#4220 = FACE_BOUND('',#4221,.T.);
#4221 = EDGE_LOOP('',(#4222,#4223,#4231,#4237));
#4222 = ORIENTED_EDGE('',*,*,#2870,.T.);
#4223 = ORIENTED_EDGE('',*,*,#4224,.F.);
#4224 = EDGE_CURVE('',#4225,#2862,#4227,.T.);
#4225 = VERTEX_POINT('',#4226);
#4226 = CARTESIAN_POINT('',(6.25,6.1,-1.8));
#4227 = LINE('',#4228,#4229);
#4228 = CARTESIAN_POINT('',(6.25,6.1,-1.8));
#4229 = VECTOR('',#4230,1.);
#4230 = DIRECTION('',(0.,0.,1.));
#4231 = ORIENTED_EDGE('',*,*,#4232,.F.);
#4232 = EDGE_CURVE('',#4166,#4225,#4233,.T.);
#4233 = LINE('',#4234,#4235);
#4234 = CARTESIAN_POINT('',(6.25,1.94,-1.8));
#4235 = VECTOR('',#4236,1.);
#4236 = DIRECTION('',(0.,1.,0.));
#4237 = ORIENTED_EDGE('',*,*,#4174,.T.);
#4238 = PLANE('',#4239);
#4239 = AXIS2_PLACEMENT_3D('',#4240,#4241,#4242);
#4240 = CARTESIAN_POINT('',(6.25,1.94,-1.8));
#4241 = DIRECTION('',(1.,0.,0.));
#4242 = DIRECTION('',(0.,0.,-1.));
#4243 = ADVANCED_FACE('',(#4244),#4263,.F.);
#4244 = FACE_BOUND('',#4245,.F.);
#4245 = EDGE_LOOP('',(#4246,#4247,#4256,#4262));
#4246 = ORIENTED_EDGE('',*,*,#4224,.F.);
#4247 = ORIENTED_EDGE('',*,*,#4248,.T.);
#4248 = EDGE_CURVE('',#4225,#4249,#4251,.T.);
#4249 = VERTEX_POINT('',#4250);
#4250 = CARTESIAN_POINT('',(5.77,6.58,-1.8));
#4251 = CIRCLE('',#4252,0.48);
#4252 = AXIS2_PLACEMENT_3D('',#4253,#4254,#4255);
#4253 = CARTESIAN_POINT('',(5.77,6.1,-1.8));
#4254 = DIRECTION('',(0.,0.,1.));
#4255 = DIRECTION('',(1.,0.,-0.));
#4256 = ORIENTED_EDGE('',*,*,#4257,.T.);
#4257 = EDGE_CURVE('',#4249,#2854,#4258,.T.);
#4258 = LINE('',#4259,#4260);
#4259 = CARTESIAN_POINT('',(5.77,6.58,-1.8));
#4260 = VECTOR('',#4261,1.);
#4261 = DIRECTION('',(0.,0.,1.));
#4262 = ORIENTED_EDGE('',*,*,#2861,.F.);
#4263 = CYLINDRICAL_SURFACE('',#4264,0.48);
#4264 = AXIS2_PLACEMENT_3D('',#4265,#4266,#4267);
#4265 = CARTESIAN_POINT('',(5.77,6.1,-1.8));
#4266 = DIRECTION('',(0.,0.,1.));
#4267 = DIRECTION('',(1.,0.,-0.));
#4268 = ADVANCED_FACE('',(#4269,#4326,#4383),#4394,.F.);
#4269 = FACE_BOUND('',#4270,.T.);
#4270 = EDGE_LOOP('',(#4271,#4281,#4289,#4297,#4303,#4304,#4312,#4320));
#4271 = ORIENTED_EDGE('',*,*,#4272,.T.);
#4272 = EDGE_CURVE('',#4273,#4275,#4277,.T.);
#4273 = VERTEX_POINT('',#4274);
#4274 = CARTESIAN_POINT('',(4.5,6.58,-0.6));
#4275 = VERTEX_POINT('',#4276);
#4276 = CARTESIAN_POINT('',(4.,6.58,-0.6));
#4277 = LINE('',#4278,#4279);
#4278 = CARTESIAN_POINT('',(4.5,6.58,-0.6));
#4279 = VECTOR('',#4280,1.);
#4280 = DIRECTION('',(-1.,0.,0.));
#4281 = ORIENTED_EDGE('',*,*,#4282,.T.);
#4282 = EDGE_CURVE('',#4275,#4283,#4285,.T.);
#4283 = VERTEX_POINT('',#4284);
#4284 = CARTESIAN_POINT('',(4.,6.58,-0.61302035311));
#4285 = LINE('',#4286,#4287);
#4286 = CARTESIAN_POINT('',(4.,6.58,-1.8));
#4287 = VECTOR('',#4288,1.);
#4288 = DIRECTION('',(0.,0.,-1.));
#4289 = ORIENTED_EDGE('',*,*,#4290,.F.);
#4290 = EDGE_CURVE('',#4291,#4283,#4293,.T.);
#4291 = VERTEX_POINT('',#4292);
#4292 = CARTESIAN_POINT('',(2.,6.58,-0.61302035311));
#4293 = LINE('',#4294,#4295);
#4294 = CARTESIAN_POINT('',(5.77,6.58,-0.61302035311));
#4295 = VECTOR('',#4296,1.);
#4296 = DIRECTION('',(1.,0.,0.));
#4297 = ORIENTED_EDGE('',*,*,#4298,.F.);
#4298 = EDGE_CURVE('',#1012,#4291,#4299,.T.);
#4299 = LINE('',#4300,#4301);
#4300 = CARTESIAN_POINT('',(2.,6.58,-1.8));
#4301 = VECTOR('',#4302,1.);
#4302 = DIRECTION('',(0.,0.,-1.));
#4303 = ORIENTED_EDGE('',*,*,#1011,.T.);
#4304 = ORIENTED_EDGE('',*,*,#4305,.F.);
#4305 = EDGE_CURVE('',#4306,#1014,#4308,.T.);
#4306 = VERTEX_POINT('',#4307);
#4307 = CARTESIAN_POINT('',(1.5,6.58,5.9));
#4308 = LINE('',#4309,#4310);
#4309 = CARTESIAN_POINT('',(1.5,6.58,5.9));
#4310 = VECTOR('',#4311,1.);
#4311 = DIRECTION('',(0.,0.,-1.));
#4312 = ORIENTED_EDGE('',*,*,#4313,.F.);
#4313 = EDGE_CURVE('',#4314,#4306,#4316,.T.);
#4314 = VERTEX_POINT('',#4315);
#4315 = CARTESIAN_POINT('',(4.5,6.58,5.9));
#4316 = LINE('',#4317,#4318);
#4317 = CARTESIAN_POINT('',(4.5,6.58,5.9));
#4318 = VECTOR('',#4319,1.);
#4319 = DIRECTION('',(-1.,0.,0.));
#4320 = ORIENTED_EDGE('',*,*,#4321,.T.);
#4321 = EDGE_CURVE('',#4314,#4273,#4322,.T.);
#4322 = LINE('',#4323,#4324);
#4323 = CARTESIAN_POINT('',(4.5,6.58,5.9));
#4324 = VECTOR('',#4325,1.);
#4325 = DIRECTION('',(0.,0.,-1.));
#4326 = FACE_BOUND('',#4327,.T.);
#4327 = EDGE_LOOP('',(#4328,#4338,#4346,#4354,#4360,#4361,#4369,#4377));
#4328 = ORIENTED_EDGE('',*,*,#4329,.T.);
#4329 = EDGE_CURVE('',#4330,#4332,#4334,.T.);
#4330 = VERTEX_POINT('',#4331);
#4331 = CARTESIAN_POINT('',(-1.5,6.58,-0.6));
#4332 = VERTEX_POINT('',#4333);
#4333 = CARTESIAN_POINT('',(-2.,6.58,-0.6));
#4334 = LINE('',#4335,#4336);
#4335 = CARTESIAN_POINT('',(-1.5,6.58,-0.6));
#4336 = VECTOR('',#4337,1.);
#4337 = DIRECTION('',(-1.,0.,0.));
#4338 = ORIENTED_EDGE('',*,*,#4339,.T.);
#4339 = EDGE_CURVE('',#4332,#4340,#4342,.T.);
#4340 = VERTEX_POINT('',#4341);
#4341 = CARTESIAN_POINT('',(-2.,6.58,-0.61302035311));
#4342 = LINE('',#4343,#4344);
#4343 = CARTESIAN_POINT('',(-2.,6.58,-1.8));
#4344 = VECTOR('',#4345,1.);
#4345 = DIRECTION('',(0.,0.,-1.));
#4346 = ORIENTED_EDGE('',*,*,#4347,.F.);
#4347 = EDGE_CURVE('',#4348,#4340,#4350,.T.);
#4348 = VERTEX_POINT('',#4349);
#4349 = CARTESIAN_POINT('',(-4.,6.58,-0.61302035311));
#4350 = LINE('',#4351,#4352);
#4351 = CARTESIAN_POINT('',(5.77,6.58,-0.61302035311));
#4352 = VECTOR('',#4353,1.);
#4353 = DIRECTION('',(1.,0.,0.));
#4354 = ORIENTED_EDGE('',*,*,#4355,.F.);
#4355 = EDGE_CURVE('',#1052,#4348,#4356,.T.);
#4356 = LINE('',#4357,#4358);
#4357 = CARTESIAN_POINT('',(-4.,6.58,-1.8));
#4358 = VECTOR('',#4359,1.);
#4359 = DIRECTION('',(0.,0.,-1.));
#4360 = ORIENTED_EDGE('',*,*,#1051,.T.);
#4361 = ORIENTED_EDGE('',*,*,#4362,.F.);
#4362 = EDGE_CURVE('',#4363,#1054,#4365,.T.);
#4363 = VERTEX_POINT('',#4364);
#4364 = CARTESIAN_POINT('',(-4.5,6.58,5.9));
#4365 = LINE('',#4366,#4367);
#4366 = CARTESIAN_POINT('',(-4.5,6.58,5.9));
#4367 = VECTOR('',#4368,1.);
#4368 = DIRECTION('',(0.,0.,-1.));
#4369 = ORIENTED_EDGE('',*,*,#4370,.F.);
#4370 = EDGE_CURVE('',#4371,#4363,#4373,.T.);
#4371 = VERTEX_POINT('',#4372);
#4372 = CARTESIAN_POINT('',(-1.5,6.58,5.9));
#4373 = LINE('',#4374,#4375);
#4374 = CARTESIAN_POINT('',(-1.5,6.58,5.9));
#4375 = VECTOR('',#4376,1.);
#4376 = DIRECTION('',(-1.,0.,0.));
#4377 = ORIENTED_EDGE('',*,*,#4378,.T.);
#4378 = EDGE_CURVE('',#4371,#4330,#4379,.T.);
#4379 = LINE('',#4380,#4381);
#4380 = CARTESIAN_POINT('',(-1.5,6.58,5.9));
#4381 = VECTOR('',#4382,1.);
#4382 = DIRECTION('',(0.,0.,-1.));
#4383 = FACE_BOUND('',#4384,.T.);
#4384 = EDGE_LOOP('',(#4385,#4386,#4387,#4393));
#4385 = ORIENTED_EDGE('',*,*,#2853,.T.);
#4386 = ORIENTED_EDGE('',*,*,#3893,.F.);
#4387 = ORIENTED_EDGE('',*,*,#4388,.F.);
#4388 = EDGE_CURVE('',#4249,#3894,#4389,.T.);
#4389 = LINE('',#4390,#4391);
#4390 = CARTESIAN_POINT('',(5.77,6.58,-1.8));
#4391 = VECTOR('',#4392,1.);
#4392 = DIRECTION('',(-1.,0.,0.));
#4393 = ORIENTED_EDGE('',*,*,#4257,.T.);
#4394 = PLANE('',#4395);
#4395 = AXIS2_PLACEMENT_3D('',#4396,#4397,#4398);
#4396 = CARTESIAN_POINT('',(5.77,6.58,-1.8));
#4397 = DIRECTION('',(0.,1.,0.));
#4398 = DIRECTION('',(0.,-0.,1.));
#4399 = ADVANCED_FACE('',(#4400),#4410,.T.);
#4400 = FACE_BOUND('',#4401,.T.);
#4401 = EDGE_LOOP('',(#4402,#4403,#4404,#4405,#4406,#4407,#4408,#4409));
#4402 = ORIENTED_EDGE('',*,*,#3901,.T.);
#4403 = ORIENTED_EDGE('',*,*,#3968,.T.);
#4404 = ORIENTED_EDGE('',*,*,#3984,.T.);
#4405 = ORIENTED_EDGE('',*,*,#4149,.T.);
#4406 = ORIENTED_EDGE('',*,*,#4165,.T.);
#4407 = ORIENTED_EDGE('',*,*,#4232,.T.);
#4408 = ORIENTED_EDGE('',*,*,#4248,.T.);
#4409 = ORIENTED_EDGE('',*,*,#4388,.T.);
#4410 = PLANE('',#4411);
#4411 = AXIS2_PLACEMENT_3D('',#4412,#4413,#4414);
#4412 = CARTESIAN_POINT('',(-5.77,6.1,-1.8));
#4413 = DIRECTION('',(0.,0.,1.));
#4414 = DIRECTION('',(1.,0.,-0.));
#4415 = ADVANCED_FACE('',(#4416),#4432,.T.);
#4416 = FACE_BOUND('',#4417,.T.);
#4417 = EDGE_LOOP('',(#4418,#4424,#4425,#4431));
#4418 = ORIENTED_EDGE('',*,*,#4419,.F.);
#4419 = EDGE_CURVE('',#3157,#4363,#4420,.T.);
#4420 = LINE('',#4421,#4422);
#4421 = CARTESIAN_POINT('',(-4.5,6.9,5.9));
#4422 = VECTOR('',#4423,1.);
#4423 = DIRECTION('',(0.,-1.,0.));
#4424 = ORIENTED_EDGE('',*,*,#3156,.F.);
#4425 = ORIENTED_EDGE('',*,*,#4426,.T.);
#4426 = EDGE_CURVE('',#3149,#4371,#4427,.T.);
#4427 = LINE('',#4428,#4429);
#4428 = CARTESIAN_POINT('',(-1.5,6.9,5.9));
#4429 = VECTOR('',#4430,1.);
#4430 = DIRECTION('',(0.,-1.,0.));
#4431 = ORIENTED_EDGE('',*,*,#4370,.T.);
#4432 = PLANE('',#4433);
#4433 = AXIS2_PLACEMENT_3D('',#4434,#4435,#4436);
#4434 = CARTESIAN_POINT('',(-1.5,6.9,5.9));
#4435 = DIRECTION('',(0.,0.,-1.));
#4436 = DIRECTION('',(-1.,0.,0.));
#4437 = ADVANCED_FACE('',(#4438),#4454,.T.);
#4438 = FACE_BOUND('',#4439,.T.);
#4439 = EDGE_LOOP('',(#4440,#4446,#4447,#4453));
#4440 = ORIENTED_EDGE('',*,*,#4441,.F.);
#4441 = EDGE_CURVE('',#4332,#3141,#4442,.T.);
#4442 = LINE('',#4443,#4444);
#4443 = CARTESIAN_POINT('',(-2.,6.58,-0.6));
#4444 = VECTOR('',#4445,1.);
#4445 = DIRECTION('',(0.,1.,0.));
#4446 = ORIENTED_EDGE('',*,*,#4329,.F.);
#4447 = ORIENTED_EDGE('',*,*,#4448,.T.);
#4448 = EDGE_CURVE('',#4330,#3139,#4449,.T.);
#4449 = LINE('',#4450,#4451);
#4450 = CARTESIAN_POINT('',(-1.5,6.58,-0.6));
#4451 = VECTOR('',#4452,1.);
#4452 = DIRECTION('',(0.,1.,0.));
#4453 = ORIENTED_EDGE('',*,*,#3138,.T.);
#4454 = PLANE('',#4455);
#4455 = AXIS2_PLACEMENT_3D('',#4456,#4457,#4458);
#4456 = CARTESIAN_POINT('',(-1.5,6.58,-0.6));
#4457 = DIRECTION('',(0.,0.,1.));
#4458 = DIRECTION('',(1.,0.,-0.));
#4459 = ADVANCED_FACE('',(#4460),#4466,.F.);
#4460 = FACE_BOUND('',#4461,.T.);
#4461 = EDGE_LOOP('',(#4462,#4463,#4464,#4465));
#4462 = ORIENTED_EDGE('',*,*,#4426,.F.);
#4463 = ORIENTED_EDGE('',*,*,#3148,.F.);
#4464 = ORIENTED_EDGE('',*,*,#4448,.F.);
#4465 = ORIENTED_EDGE('',*,*,#4378,.F.);
#4466 = PLANE('',#4467);
#4467 = AXIS2_PLACEMENT_3D('',#4468,#4469,#4470);
#4468 = CARTESIAN_POINT('',(-1.5,0.,0.));
#4469 = DIRECTION('',(1.,0.,0.));
#4470 = DIRECTION('',(0.,0.,-1.));
#4471 = ADVANCED_FACE('',(#4472),#4478,.T.);
#4472 = FACE_BOUND('',#4473,.T.);
#4473 = EDGE_LOOP('',(#4474,#4475,#4476,#4477));
#4474 = ORIENTED_EDGE('',*,*,#4419,.T.);
#4475 = ORIENTED_EDGE('',*,*,#4362,.T.);
#4476 = ORIENTED_EDGE('',*,*,#1077,.T.);
#4477 = ORIENTED_EDGE('',*,*,#3164,.T.);
#4478 = PLANE('',#4479);
#4479 = AXIS2_PLACEMENT_3D('',#4480,#4481,#4482);
#4480 = CARTESIAN_POINT('',(-4.5,0.,0.));
#4481 = DIRECTION('',(1.,0.,0.));
#4482 = DIRECTION('',(0.,0.,-1.));
#4483 = ADVANCED_FACE('',(#4484),#4500,.T.);
#4484 = FACE_BOUND('',#4485,.T.);
#4485 = EDGE_LOOP('',(#4486,#4492,#4493,#4499));
#4486 = ORIENTED_EDGE('',*,*,#4487,.F.);
#4487 = EDGE_CURVE('',#3116,#4306,#4488,.T.);
#4488 = LINE('',#4489,#4490);
#4489 = CARTESIAN_POINT('',(1.5,6.9,5.9));
#4490 = VECTOR('',#4491,1.);
#4491 = DIRECTION('',(0.,-1.,0.));
#4492 = ORIENTED_EDGE('',*,*,#3115,.F.);
#4493 = ORIENTED_EDGE('',*,*,#4494,.T.);
#4494 = EDGE_CURVE('',#3108,#4314,#4495,.T.);
#4495 = LINE('',#4496,#4497);
#4496 = CARTESIAN_POINT('',(4.5,6.9,5.9));
#4497 = VECTOR('',#4498,1.);
#4498 = DIRECTION('',(0.,-1.,0.));
#4499 = ORIENTED_EDGE('',*,*,#4313,.T.);
#4500 = PLANE('',#4501);
#4501 = AXIS2_PLACEMENT_3D('',#4502,#4503,#4504);
#4502 = CARTESIAN_POINT('',(4.5,6.9,5.9));
#4503 = DIRECTION('',(0.,0.,-1.));
#4504 = DIRECTION('',(-1.,0.,0.));
#4505 = ADVANCED_FACE('',(#4506),#4522,.T.);
#4506 = FACE_BOUND('',#4507,.T.);
#4507 = EDGE_LOOP('',(#4508,#4514,#4515,#4521));
#4508 = ORIENTED_EDGE('',*,*,#4509,.F.);
#4509 = EDGE_CURVE('',#4275,#3100,#4510,.T.);
#4510 = LINE('',#4511,#4512);
#4511 = CARTESIAN_POINT('',(4.,6.58,-0.6));
#4512 = VECTOR('',#4513,1.);
#4513 = DIRECTION('',(0.,1.,0.));
#4514 = ORIENTED_EDGE('',*,*,#4272,.F.);
#4515 = ORIENTED_EDGE('',*,*,#4516,.T.);
#4516 = EDGE_CURVE('',#4273,#3098,#4517,.T.);
#4517 = LINE('',#4518,#4519);
#4518 = CARTESIAN_POINT('',(4.5,6.58,-0.6));
#4519 = VECTOR('',#4520,1.);
#4520 = DIRECTION('',(0.,1.,0.));
#4521 = ORIENTED_EDGE('',*,*,#3097,.T.);
#4522 = PLANE('',#4523);
#4523 = AXIS2_PLACEMENT_3D('',#4524,#4525,#4526);
#4524 = CARTESIAN_POINT('',(4.5,6.58,-0.6));
#4525 = DIRECTION('',(0.,0.,1.));
#4526 = DIRECTION('',(1.,0.,-0.));
#4527 = ADVANCED_FACE('',(#4528),#4534,.F.);
#4528 = FACE_BOUND('',#4529,.T.);
#4529 = EDGE_LOOP('',(#4530,#4531,#4532,#4533));
#4530 = ORIENTED_EDGE('',*,*,#4494,.F.);
#4531 = ORIENTED_EDGE('',*,*,#3107,.F.);
#4532 = ORIENTED_EDGE('',*,*,#4516,.F.);
#4533 = ORIENTED_EDGE('',*,*,#4321,.F.);
#4534 = PLANE('',#4535);
#4535 = AXIS2_PLACEMENT_3D('',#4536,#4537,#4538);
#4536 = CARTESIAN_POINT('',(4.5,0.,0.));
#4537 = DIRECTION('',(1.,0.,0.));
#4538 = DIRECTION('',(0.,0.,-1.));
#4539 = ADVANCED_FACE('',(#4540),#4546,.T.);
#4540 = FACE_BOUND('',#4541,.T.);
#4541 = EDGE_LOOP('',(#4542,#4543,#4544,#4545));
#4542 = ORIENTED_EDGE('',*,*,#4487,.T.);
#4543 = ORIENTED_EDGE('',*,*,#4305,.T.);
#4544 = ORIENTED_EDGE('',*,*,#1037,.T.);
#4545 = ORIENTED_EDGE('',*,*,#3123,.T.);
#4546 = PLANE('',#4547);
#4547 = AXIS2_PLACEMENT_3D('',#4548,#4549,#4550);
#4548 = CARTESIAN_POINT('',(1.5,0.,0.));
#4549 = DIRECTION('',(1.,0.,0.));
#4550 = DIRECTION('',(0.,0.,-1.));
#4551 = ADVANCED_FACE('',(#4552),#4568,.T.);
#4552 = FACE_BOUND('',#4553,.T.);
#4553 = EDGE_LOOP('',(#4554,#4560,#4561,#4567));
#4554 = ORIENTED_EDGE('',*,*,#4555,.F.);
#4555 = EDGE_CURVE('',#4109,#3314,#4556,.T.);
#4556 = LINE('',#4557,#4558);
#4557 = CARTESIAN_POINT('',(-4.5,1.46,5.9));
#4558 = VECTOR('',#4559,1.);
#4559 = DIRECTION('',(0.,-1.,0.));
#4560 = ORIENTED_EDGE('',*,*,#4108,.F.);
#4561 = ORIENTED_EDGE('',*,*,#4562,.T.);
#4562 = EDGE_CURVE('',#4101,#3312,#4563,.T.);
#4563 = LINE('',#4564,#4565);
#4564 = CARTESIAN_POINT('',(-1.5,1.46,5.9));
#4565 = VECTOR('',#4566,1.);
#4566 = DIRECTION('',(0.,-1.,0.));
#4567 = ORIENTED_EDGE('',*,*,#3311,.T.);
#4568 = PLANE('',#4569);
#4569 = AXIS2_PLACEMENT_3D('',#4570,#4571,#4572);
#4570 = CARTESIAN_POINT('',(-1.5,1.46,5.9));
#4571 = DIRECTION('',(0.,0.,-1.));
#4572 = DIRECTION('',(-1.,0.,0.));
#4573 = ADVANCED_FACE('',(#4574),#4613,.T.);
#4574 = FACE_BOUND('',#4575,.T.);
#4575 = EDGE_LOOP('',(#4576,#4584,#4592,#4598,#4599,#4605,#4606,#4612));
#4576 = ORIENTED_EDGE('',*,*,#4577,.F.);
#4577 = EDGE_CURVE('',#4578,#4085,#4580,.T.);
#4578 = VERTEX_POINT('',#4579);
#4579 = CARTESIAN_POINT('',(-2.,1.14,-0.6));
#4580 = LINE('',#4581,#4582);
#4581 = CARTESIAN_POINT('',(-2.,1.1,-0.6));
#4582 = VECTOR('',#4583,1.);
#4583 = DIRECTION('',(0.,1.,0.));
#4584 = ORIENTED_EDGE('',*,*,#4585,.T.);
#4585 = EDGE_CURVE('',#4578,#4586,#4588,.T.);
#4586 = VERTEX_POINT('',#4587);
#4587 = CARTESIAN_POINT('',(-4.,1.14,-0.6));
#4588 = LINE('',#4589,#4590);
#4589 = CARTESIAN_POINT('',(-2.,1.14,-0.6));
#4590 = VECTOR('',#4591,1.);
#4591 = DIRECTION('',(-1.,0.,0.));
#4592 = ORIENTED_EDGE('',*,*,#4593,.T.);
#4593 = EDGE_CURVE('',#4586,#4125,#4594,.T.);
#4594 = LINE('',#4595,#4596);
#4595 = CARTESIAN_POINT('',(-4.,1.1,-0.6));
#4596 = VECTOR('',#4597,1.);
#4597 = DIRECTION('',(0.,1.,0.));
#4598 = ORIENTED_EDGE('',*,*,#4124,.T.);
#4599 = ORIENTED_EDGE('',*,*,#4600,.F.);
#4600 = EDGE_CURVE('',#3330,#4117,#4601,.T.);
#4601 = LINE('',#4602,#4603);
#4602 = CARTESIAN_POINT('',(-4.5,1.1,-0.6));
#4603 = VECTOR('',#4604,1.);
#4604 = DIRECTION('',(0.,1.,0.));
#4605 = ORIENTED_EDGE('',*,*,#3329,.F.);
#4606 = ORIENTED_EDGE('',*,*,#4607,.T.);
#4607 = EDGE_CURVE('',#3322,#4093,#4608,.T.);
#4608 = LINE('',#4609,#4610);
#4609 = CARTESIAN_POINT('',(-1.5,1.1,-0.6));
#4610 = VECTOR('',#4611,1.);
#4611 = DIRECTION('',(0.,1.,0.));
#4612 = ORIENTED_EDGE('',*,*,#4092,.T.);
#4613 = PLANE('',#4614);
#4614 = AXIS2_PLACEMENT_3D('',#4615,#4616,#4617);
#4615 = CARTESIAN_POINT('',(-1.5,1.1,-0.6));
#4616 = DIRECTION('',(0.,0.,1.));
#4617 = DIRECTION('',(1.,0.,-0.));
#4618 = ADVANCED_FACE('',(#4619),#4625,.F.);
#4619 = FACE_BOUND('',#4620,.T.);
#4620 = EDGE_LOOP('',(#4621,#4622,#4623,#4624));
#4621 = ORIENTED_EDGE('',*,*,#4562,.F.);
#4622 = ORIENTED_EDGE('',*,*,#4100,.F.);
#4623 = ORIENTED_EDGE('',*,*,#4607,.F.);
#4624 = ORIENTED_EDGE('',*,*,#3321,.F.);
#4625 = PLANE('',#4626);
#4626 = AXIS2_PLACEMENT_3D('',#4627,#4628,#4629);
#4627 = CARTESIAN_POINT('',(-1.5,0.,0.));
#4628 = DIRECTION('',(1.,0.,0.));
#4629 = DIRECTION('',(0.,0.,-1.));
#4630 = ADVANCED_FACE('',(#4631),#4637,.T.);
#4631 = FACE_BOUND('',#4632,.T.);
#4632 = EDGE_LOOP('',(#4633,#4634,#4635,#4636));
#4633 = ORIENTED_EDGE('',*,*,#4555,.T.);
#4634 = ORIENTED_EDGE('',*,*,#3337,.T.);
#4635 = ORIENTED_EDGE('',*,*,#4600,.T.);
#4636 = ORIENTED_EDGE('',*,*,#4116,.T.);
#4637 = PLANE('',#4638);
#4638 = AXIS2_PLACEMENT_3D('',#4639,#4640,#4641);
#4639 = CARTESIAN_POINT('',(-4.5,0.,0.));
#4640 = DIRECTION('',(1.,0.,0.));
#4641 = DIRECTION('',(0.,0.,-1.));
#4642 = ADVANCED_FACE('',(#4643),#4659,.T.);
#4643 = FACE_BOUND('',#4644,.T.);
#4644 = EDGE_LOOP('',(#4645,#4651,#4652,#4658));
#4645 = ORIENTED_EDGE('',*,*,#4646,.F.);
#4646 = EDGE_CURVE('',#4043,#3280,#4647,.T.);
#4647 = LINE('',#4648,#4649);
#4648 = CARTESIAN_POINT('',(1.5,1.46,5.9));
#4649 = VECTOR('',#4650,1.);
#4650 = DIRECTION('',(0.,-1.,0.));
#4651 = ORIENTED_EDGE('',*,*,#4042,.F.);
#4652 = ORIENTED_EDGE('',*,*,#4653,.T.);
#4653 = EDGE_CURVE('',#4035,#3278,#4654,.T.);
#4654 = LINE('',#4655,#4656);
#4655 = CARTESIAN_POINT('',(4.5,1.46,5.9));
#4656 = VECTOR('',#4657,1.);
#4657 = DIRECTION('',(0.,-1.,0.));
#4658 = ORIENTED_EDGE('',*,*,#3277,.T.);
#4659 = PLANE('',#4660);
#4660 = AXIS2_PLACEMENT_3D('',#4661,#4662,#4663);
#4661 = CARTESIAN_POINT('',(4.5,1.46,5.9));
#4662 = DIRECTION('',(0.,0.,-1.));
#4663 = DIRECTION('',(-1.,0.,0.));
#4664 = ADVANCED_FACE('',(#4665),#4704,.T.);
#4665 = FACE_BOUND('',#4666,.T.);
#4666 = EDGE_LOOP('',(#4667,#4675,#4683,#4689,#4690,#4696,#4697,#4703));
#4667 = ORIENTED_EDGE('',*,*,#4668,.F.);
#4668 = EDGE_CURVE('',#4669,#4019,#4671,.T.);
#4669 = VERTEX_POINT('',#4670);
#4670 = CARTESIAN_POINT('',(4.,1.14,-0.6));
#4671 = LINE('',#4672,#4673);
#4672 = CARTESIAN_POINT('',(4.,1.1,-0.6));
#4673 = VECTOR('',#4674,1.);
#4674 = DIRECTION('',(0.,1.,0.));
#4675 = ORIENTED_EDGE('',*,*,#4676,.T.);
#4676 = EDGE_CURVE('',#4669,#4677,#4679,.T.);
#4677 = VERTEX_POINT('',#4678);
#4678 = CARTESIAN_POINT('',(2.,1.14,-0.6));
#4679 = LINE('',#4680,#4681);
#4680 = CARTESIAN_POINT('',(4.,1.14,-0.6));
#4681 = VECTOR('',#4682,1.);
#4682 = DIRECTION('',(-1.,0.,0.));
#4683 = ORIENTED_EDGE('',*,*,#4684,.T.);
#4684 = EDGE_CURVE('',#4677,#4059,#4685,.T.);
#4685 = LINE('',#4686,#4687);
#4686 = CARTESIAN_POINT('',(2.,1.1,-0.6));
#4687 = VECTOR('',#4688,1.);
#4688 = DIRECTION('',(0.,1.,0.));
#4689 = ORIENTED_EDGE('',*,*,#4058,.T.);
#4690 = ORIENTED_EDGE('',*,*,#4691,.F.);
#4691 = EDGE_CURVE('',#3296,#4051,#4692,.T.);
#4692 = LINE('',#4693,#4694);
#4693 = CARTESIAN_POINT('',(1.5,1.1,-0.6));
#4694 = VECTOR('',#4695,1.);
#4695 = DIRECTION('',(0.,1.,0.));
#4696 = ORIENTED_EDGE('',*,*,#3295,.F.);
#4697 = ORIENTED_EDGE('',*,*,#4698,.T.);
#4698 = EDGE_CURVE('',#3288,#4027,#4699,.T.);
#4699 = LINE('',#4700,#4701);
#4700 = CARTESIAN_POINT('',(4.5,1.1,-0.6));
#4701 = VECTOR('',#4702,1.);
#4702 = DIRECTION('',(0.,1.,0.));
#4703 = ORIENTED_EDGE('',*,*,#4026,.T.);
#4704 = PLANE('',#4705);
#4705 = AXIS2_PLACEMENT_3D('',#4706,#4707,#4708);
#4706 = CARTESIAN_POINT('',(4.5,1.1,-0.6));
#4707 = DIRECTION('',(0.,0.,1.));
#4708 = DIRECTION('',(1.,0.,-0.));
#4709 = ADVANCED_FACE('',(#4710),#4716,.F.);
#4710 = FACE_BOUND('',#4711,.T.);
#4711 = EDGE_LOOP('',(#4712,#4713,#4714,#4715));
#4712 = ORIENTED_EDGE('',*,*,#4653,.F.);
#4713 = ORIENTED_EDGE('',*,*,#4034,.F.);
#4714 = ORIENTED_EDGE('',*,*,#4698,.F.);
#4715 = ORIENTED_EDGE('',*,*,#3287,.F.);
#4716 = PLANE('',#4717);
#4717 = AXIS2_PLACEMENT_3D('',#4718,#4719,#4720);
#4718 = CARTESIAN_POINT('',(4.5,0.,0.));
#4719 = DIRECTION('',(1.,0.,0.));
#4720 = DIRECTION('',(0.,0.,-1.));
#4721 = ADVANCED_FACE('',(#4722),#4728,.T.);
#4722 = FACE_BOUND('',#4723,.T.);
#4723 = EDGE_LOOP('',(#4724,#4725,#4726,#4727));
#4724 = ORIENTED_EDGE('',*,*,#4646,.T.);
#4725 = ORIENTED_EDGE('',*,*,#3303,.T.);
#4726 = ORIENTED_EDGE('',*,*,#4691,.T.);
#4727 = ORIENTED_EDGE('',*,*,#4050,.T.);
#4728 = PLANE('',#4729);
#4729 = AXIS2_PLACEMENT_3D('',#4730,#4731,#4732);
#4730 = CARTESIAN_POINT('',(1.5,0.,0.));
#4731 = DIRECTION('',(1.,0.,0.));
#4732 = DIRECTION('',(0.,0.,-1.));
#4733 = ADVANCED_FACE('',(#4734),#4759,.F.);
#4734 = FACE_BOUND('',#4735,.T.);
#4735 = EDGE_LOOP('',(#4736,#4744,#4745,#4753));
#4736 = ORIENTED_EDGE('',*,*,#4737,.T.);
#4737 = EDGE_CURVE('',#4738,#4348,#4740,.T.);
#4738 = VERTEX_POINT('',#4739);
#4739 = CARTESIAN_POINT('',(-4.,6.279858415925,3.069149288994));
#4740 = LINE('',#4741,#4742);
#4741 = CARTESIAN_POINT('',(-4.,6.279858415925,3.069149288994));
#4742 = VECTOR('',#4743,1.);
#4743 = DIRECTION('',(0.,8.124270456471E-02,-0.996694347809));
#4744 = ORIENTED_EDGE('',*,*,#4347,.T.);
#4745 = ORIENTED_EDGE('',*,*,#4746,.F.);
#4746 = EDGE_CURVE('',#4747,#4340,#4749,.T.);
#4747 = VERTEX_POINT('',#4748);
#4748 = CARTESIAN_POINT('',(-2.,6.279858415925,3.069149288994));
#4749 = LINE('',#4750,#4751);
#4750 = CARTESIAN_POINT('',(-2.,6.279858415925,3.069149288994));
#4751 = VECTOR('',#4752,1.);
#4752 = DIRECTION('',(0.,8.124270456471E-02,-0.996694347809));
#4753 = ORIENTED_EDGE('',*,*,#4754,.T.);
#4754 = EDGE_CURVE('',#4747,#4738,#4755,.T.);
#4755 = LINE('',#4756,#4757);
#4756 = CARTESIAN_POINT('',(-2.,6.279858415925,3.069149288994));
#4757 = VECTOR('',#4758,1.);
#4758 = DIRECTION('',(-1.,0.,0.));
#4759 = PLANE('',#4760);
#4760 = AXIS2_PLACEMENT_3D('',#4761,#4762,#4763);
#4761 = CARTESIAN_POINT('',(-2.,6.279858415925,3.069149288994));
#4762 = DIRECTION('',(0.,0.996694347809,8.124270456471E-02));
#4763 = DIRECTION('',(0.,-8.124270456471E-02,0.996694347809));
#4764 = ADVANCED_FACE('',(#4765),#4834,.T.);
#4765 = FACE_BOUND('',#4766,.T.);
#4766 = EDGE_LOOP('',(#4767,#4768,#4769,#4777,#4785,#4794,#4802,#4810,
    #4818,#4827,#4833));
#4767 = ORIENTED_EDGE('',*,*,#4339,.F.);
#4768 = ORIENTED_EDGE('',*,*,#4441,.T.);
#4769 = ORIENTED_EDGE('',*,*,#4770,.T.);
#4770 = EDGE_CURVE('',#3141,#4771,#4773,.T.);
#4771 = VERTEX_POINT('',#4772);
#4772 = CARTESIAN_POINT('',(-2.,6.59115044319,3.189));
#4773 = LINE('',#4774,#4775);
#4774 = CARTESIAN_POINT('',(-2.,6.9,-0.6));
#4775 = VECTOR('',#4776,1.);
#4776 = DIRECTION('',(0.,-8.124270456471E-02,0.996694347809));
#4777 = ORIENTED_EDGE('',*,*,#4778,.T.);
#4778 = EDGE_CURVE('',#4771,#4779,#4781,.T.);
#4779 = VERTEX_POINT('',#4780);
#4780 = CARTESIAN_POINT('',(-2.,6.514930466825,3.288495438837));
#4781 = LINE('',#4782,#4783);
#4782 = CARTESIAN_POINT('',(-2.,6.59115044319,3.189));
#4783 = VECTOR('',#4784,1.);
#4784 = DIRECTION('',(0.,-0.608130701454,0.793836916469));
#4785 = ORIENTED_EDGE('',*,*,#4786,.F.);
#4786 = EDGE_CURVE('',#4787,#4779,#4789,.T.);
#4787 = VERTEX_POINT('',#4788);
#4788 = CARTESIAN_POINT('',(-2.,6.649483481853,4.399085903592));
#4789 = CIRCLE('',#4790,0.8);
#4790 = AXIS2_PLACEMENT_3D('',#4791,#4792,#4793);
#4791 = CARTESIAN_POINT('',(-2.,7.15,3.775));
#4792 = DIRECTION('',(1.,0.,0.));
#4793 = DIRECTION('',(0.,0.,-1.));
#4794 = ORIENTED_EDGE('',*,*,#4795,.T.);
#4795 = EDGE_CURVE('',#4787,#4796,#4798,.T.);
#4796 = VERTEX_POINT('',#4797);
#4797 = CARTESIAN_POINT('',(-2.,6.9,4.6));
#4798 = LINE('',#4799,#4800);
#4799 = CARTESIAN_POINT('',(-2.,6.649483481853,4.399085903592));
#4800 = VECTOR('',#4801,1.);
#4801 = DIRECTION('',(0.,0.78010737949,0.625645647684));
#4802 = ORIENTED_EDGE('',*,*,#4803,.T.);
#4803 = EDGE_CURVE('',#4796,#4804,#4806,.T.);
#4804 = VERTEX_POINT('',#4805);
#4805 = CARTESIAN_POINT('',(-2.,6.699793392741,4.849634361437));
#4806 = LINE('',#4807,#4808);
#4807 = CARTESIAN_POINT('',(-2.,6.9,4.6));
#4808 = VECTOR('',#4809,1.);
#4809 = DIRECTION('',(0.,-0.625645647684,0.78010737949));
#4810 = ORIENTED_EDGE('',*,*,#4811,.T.);
#4811 = EDGE_CURVE('',#4804,#4812,#4814,.T.);
#4812 = VERTEX_POINT('',#4813);
#4813 = CARTESIAN_POINT('',(-2.,6.449276874594,4.648720265029));
#4814 = LINE('',#4815,#4816);
#4815 = CARTESIAN_POINT('',(-2.,6.699793392741,4.849634361437));
#4816 = VECTOR('',#4817,1.);
#4817 = DIRECTION('',(0.,-0.78010737949,-0.625645647684));
#4818 = ORIENTED_EDGE('',*,*,#4819,.T.);
#4819 = EDGE_CURVE('',#4812,#4820,#4822,.T.);
#4820 = VERTEX_POINT('',#4821);
#4821 = CARTESIAN_POINT('',(-2.,6.260902653555,3.093893614371));
#4822 = CIRCLE('',#4823,1.12);
#4823 = AXIS2_PLACEMENT_3D('',#4824,#4825,#4826);
#4824 = CARTESIAN_POINT('',(-2.,7.15,3.775));
#4825 = DIRECTION('',(1.,0.,0.));
#4826 = DIRECTION('',(0.,0.,-1.));
#4827 = ORIENTED_EDGE('',*,*,#4828,.T.);
#4828 = EDGE_CURVE('',#4820,#4747,#4829,.T.);
#4829 = LINE('',#4830,#4831);
#4830 = CARTESIAN_POINT('',(-2.,6.260902653555,3.093893614371));
#4831 = VECTOR('',#4832,1.);
#4832 = DIRECTION('',(0.,0.608130701454,-0.793836916469));
#4833 = ORIENTED_EDGE('',*,*,#4746,.T.);
#4834 = PLANE('',#4835);
#4835 = AXIS2_PLACEMENT_3D('',#4836,#4837,#4838);
#4836 = CARTESIAN_POINT('',(-2.,7.15,3.775));
#4837 = DIRECTION('',(1.,0.,0.));
#4838 = DIRECTION('',(0.,0.,-1.));
#4839 = ADVANCED_FACE('',(#4840),#4909,.F.);
#4840 = FACE_BOUND('',#4841,.T.);
#4841 = EDGE_LOOP('',(#4842,#4843,#4844,#4845,#4853,#4862,#4870,#4878,
    #4886,#4895,#4903));
#4842 = ORIENTED_EDGE('',*,*,#1061,.F.);
#4843 = ORIENTED_EDGE('',*,*,#4355,.T.);
#4844 = ORIENTED_EDGE('',*,*,#4737,.F.);
#4845 = ORIENTED_EDGE('',*,*,#4846,.F.);
#4846 = EDGE_CURVE('',#4847,#4738,#4849,.T.);
#4847 = VERTEX_POINT('',#4848);
#4848 = CARTESIAN_POINT('',(-4.,6.260902653555,3.093893614371));
#4849 = LINE('',#4850,#4851);
#4850 = CARTESIAN_POINT('',(-4.,6.260902653555,3.093893614371));
#4851 = VECTOR('',#4852,1.);
#4852 = DIRECTION('',(0.,0.608130701454,-0.793836916469));
#4853 = ORIENTED_EDGE('',*,*,#4854,.F.);
#4854 = EDGE_CURVE('',#4855,#4847,#4857,.T.);
#4855 = VERTEX_POINT('',#4856);
#4856 = CARTESIAN_POINT('',(-4.,6.449276874594,4.648720265029));
#4857 = CIRCLE('',#4858,1.12);
#4858 = AXIS2_PLACEMENT_3D('',#4859,#4860,#4861);
#4859 = CARTESIAN_POINT('',(-4.,7.15,3.775));
#4860 = DIRECTION('',(1.,0.,0.));
#4861 = DIRECTION('',(0.,0.,-1.));
#4862 = ORIENTED_EDGE('',*,*,#4863,.F.);
#4863 = EDGE_CURVE('',#4864,#4855,#4866,.T.);
#4864 = VERTEX_POINT('',#4865);
#4865 = CARTESIAN_POINT('',(-4.,6.699793392741,4.849634361437));
#4866 = LINE('',#4867,#4868);
#4867 = CARTESIAN_POINT('',(-4.,6.699793392741,4.849634361437));
#4868 = VECTOR('',#4869,1.);
#4869 = DIRECTION('',(0.,-0.78010737949,-0.625645647684));
#4870 = ORIENTED_EDGE('',*,*,#4871,.F.);
#4871 = EDGE_CURVE('',#4872,#4864,#4874,.T.);
#4872 = VERTEX_POINT('',#4873);
#4873 = CARTESIAN_POINT('',(-4.,6.9,4.6));
#4874 = LINE('',#4875,#4876);
#4875 = CARTESIAN_POINT('',(-4.,6.9,4.6));
#4876 = VECTOR('',#4877,1.);
#4877 = DIRECTION('',(0.,-0.625645647684,0.78010737949));
#4878 = ORIENTED_EDGE('',*,*,#4879,.F.);
#4879 = EDGE_CURVE('',#4880,#4872,#4882,.T.);
#4880 = VERTEX_POINT('',#4881);
#4881 = CARTESIAN_POINT('',(-4.,6.649483481853,4.399085903592));
#4882 = LINE('',#4883,#4884);
#4883 = CARTESIAN_POINT('',(-4.,6.649483481853,4.399085903592));
#4884 = VECTOR('',#4885,1.);
#4885 = DIRECTION('',(0.,0.78010737949,0.625645647684));
#4886 = ORIENTED_EDGE('',*,*,#4887,.T.);
#4887 = EDGE_CURVE('',#4880,#4888,#4890,.T.);
#4888 = VERTEX_POINT('',#4889);
#4889 = CARTESIAN_POINT('',(-4.,6.514930466825,3.288495438837));
#4890 = CIRCLE('',#4891,0.8);
#4891 = AXIS2_PLACEMENT_3D('',#4892,#4893,#4894);
#4892 = CARTESIAN_POINT('',(-4.,7.15,3.775));
#4893 = DIRECTION('',(1.,0.,0.));
#4894 = DIRECTION('',(0.,0.,-1.));
#4895 = ORIENTED_EDGE('',*,*,#4896,.F.);
#4896 = EDGE_CURVE('',#4897,#4888,#4899,.T.);
#4897 = VERTEX_POINT('',#4898);
#4898 = CARTESIAN_POINT('',(-4.,6.59115044319,3.189));
#4899 = LINE('',#4900,#4901);
#4900 = CARTESIAN_POINT('',(-4.,6.59115044319,3.189));
#4901 = VECTOR('',#4902,1.);
#4902 = DIRECTION('',(0.,-0.608130701454,0.793836916469));
#4903 = ORIENTED_EDGE('',*,*,#4904,.F.);
#4904 = EDGE_CURVE('',#1062,#4897,#4905,.T.);
#4905 = LINE('',#4906,#4907);
#4906 = CARTESIAN_POINT('',(-4.,6.9,-0.6));
#4907 = VECTOR('',#4908,1.);
#4908 = DIRECTION('',(0.,-8.124270456471E-02,0.996694347809));
#4909 = PLANE('',#4910);
#4910 = AXIS2_PLACEMENT_3D('',#4911,#4912,#4913);
#4911 = CARTESIAN_POINT('',(-4.,7.15,3.775));
#4912 = DIRECTION('',(1.,0.,0.));
#4913 = DIRECTION('',(0.,0.,-1.));
#4914 = ADVANCED_FACE('',(#4915),#4931,.F.);
#4915 = FACE_BOUND('',#4916,.T.);
#4916 = EDGE_LOOP('',(#4917,#4918,#4924,#4925));
#4917 = ORIENTED_EDGE('',*,*,#4871,.T.);
#4918 = ORIENTED_EDGE('',*,*,#4919,.F.);
#4919 = EDGE_CURVE('',#4804,#4864,#4920,.T.);
#4920 = LINE('',#4921,#4922);
#4921 = CARTESIAN_POINT('',(-2.,6.699793392741,4.849634361437));
#4922 = VECTOR('',#4923,1.);
#4923 = DIRECTION('',(-1.,0.,0.));
#4924 = ORIENTED_EDGE('',*,*,#4803,.F.);
#4925 = ORIENTED_EDGE('',*,*,#4926,.T.);
#4926 = EDGE_CURVE('',#4796,#4872,#4927,.T.);
#4927 = LINE('',#4928,#4929);
#4928 = CARTESIAN_POINT('',(-2.,6.9,4.6));
#4929 = VECTOR('',#4930,1.);
#4930 = DIRECTION('',(-1.,0.,0.));
#4931 = PLANE('',#4932);
#4932 = AXIS2_PLACEMENT_3D('',#4933,#4934,#4935);
#4933 = CARTESIAN_POINT('',(-2.,6.9,4.6));
#4934 = DIRECTION('',(0.,-0.78010737949,-0.625645647684));
#4935 = DIRECTION('',(0.,0.625645647684,-0.78010737949));
#4936 = ADVANCED_FACE('',(#4937),#4948,.F.);
#4937 = FACE_BOUND('',#4938,.T.);
#4938 = EDGE_LOOP('',(#4939,#4940,#4946,#4947));
#4939 = ORIENTED_EDGE('',*,*,#4863,.T.);
#4940 = ORIENTED_EDGE('',*,*,#4941,.F.);
#4941 = EDGE_CURVE('',#4812,#4855,#4942,.T.);
#4942 = LINE('',#4943,#4944);
#4943 = CARTESIAN_POINT('',(-2.,6.449276874594,4.648720265029));
#4944 = VECTOR('',#4945,1.);
#4945 = DIRECTION('',(-1.,0.,0.));
#4946 = ORIENTED_EDGE('',*,*,#4811,.F.);
#4947 = ORIENTED_EDGE('',*,*,#4919,.T.);
#4948 = PLANE('',#4949);
#4949 = AXIS2_PLACEMENT_3D('',#4950,#4951,#4952);
#4950 = CARTESIAN_POINT('',(-2.,6.699793392741,4.849634361437));
#4951 = DIRECTION('',(0.,0.625645647684,-0.78010737949));
#4952 = DIRECTION('',(0.,0.78010737949,0.625645647684));
#4953 = ADVANCED_FACE('',(#4954),#4965,.T.);
#4954 = FACE_BOUND('',#4955,.T.);
#4955 = EDGE_LOOP('',(#4956,#4957,#4963,#4964));
#4956 = ORIENTED_EDGE('',*,*,#4854,.T.);
#4957 = ORIENTED_EDGE('',*,*,#4958,.F.);
#4958 = EDGE_CURVE('',#4820,#4847,#4959,.T.);
#4959 = LINE('',#4960,#4961);
#4960 = CARTESIAN_POINT('',(-2.,6.260902653555,3.093893614371));
#4961 = VECTOR('',#4962,1.);
#4962 = DIRECTION('',(-1.,0.,0.));
#4963 = ORIENTED_EDGE('',*,*,#4819,.F.);
#4964 = ORIENTED_EDGE('',*,*,#4941,.T.);
#4965 = CYLINDRICAL_SURFACE('',#4966,1.12);
#4966 = AXIS2_PLACEMENT_3D('',#4967,#4968,#4969);
#4967 = CARTESIAN_POINT('',(-2.,7.15,3.775));
#4968 = DIRECTION('',(-1.,0.,0.));
#4969 = DIRECTION('',(0.,0.,1.));
#4970 = ADVANCED_FACE('',(#4971),#4977,.F.);
#4971 = FACE_BOUND('',#4972,.T.);
#4972 = EDGE_LOOP('',(#4973,#4974,#4975,#4976));
#4973 = ORIENTED_EDGE('',*,*,#4846,.T.);
#4974 = ORIENTED_EDGE('',*,*,#4754,.F.);
#4975 = ORIENTED_EDGE('',*,*,#4828,.F.);
#4976 = ORIENTED_EDGE('',*,*,#4958,.T.);
#4977 = PLANE('',#4978);
#4978 = AXIS2_PLACEMENT_3D('',#4979,#4980,#4981);
#4979 = CARTESIAN_POINT('',(-2.,6.260902653555,3.093893614371));
#4980 = DIRECTION('',(0.,0.793836916469,0.608130701454));
#4981 = DIRECTION('',(0.,-0.608130701454,0.793836916469));
#4982 = ADVANCED_FACE('',(#4983),#4994,.F.);
#4983 = FACE_BOUND('',#4984,.T.);
#4984 = EDGE_LOOP('',(#4985,#4986,#4992,#4993));
#4985 = ORIENTED_EDGE('',*,*,#4904,.T.);
#4986 = ORIENTED_EDGE('',*,*,#4987,.F.);
#4987 = EDGE_CURVE('',#4771,#4897,#4988,.T.);
#4988 = LINE('',#4989,#4990);
#4989 = CARTESIAN_POINT('',(-2.,6.59115044319,3.189));
#4990 = VECTOR('',#4991,1.);
#4991 = DIRECTION('',(-1.,0.,0.));
#4992 = ORIENTED_EDGE('',*,*,#4770,.F.);
#4993 = ORIENTED_EDGE('',*,*,#3171,.T.);
#4994 = PLANE('',#4995);
#4995 = AXIS2_PLACEMENT_3D('',#4996,#4997,#4998);
#4996 = CARTESIAN_POINT('',(-2.,6.9,-0.6));
#4997 = DIRECTION('',(0.,-0.996694347809,-8.124270456471E-02));
#4998 = DIRECTION('',(0.,8.124270456471E-02,-0.996694347809));
#4999 = ADVANCED_FACE('',(#5000),#5011,.F.);
#5000 = FACE_BOUND('',#5001,.T.);
#5001 = EDGE_LOOP('',(#5002,#5003,#5009,#5010));
#5002 = ORIENTED_EDGE('',*,*,#4896,.T.);
#5003 = ORIENTED_EDGE('',*,*,#5004,.F.);
#5004 = EDGE_CURVE('',#4779,#4888,#5005,.T.);
#5005 = LINE('',#5006,#5007);
#5006 = CARTESIAN_POINT('',(-2.,6.514930466825,3.288495438837));
#5007 = VECTOR('',#5008,1.);
#5008 = DIRECTION('',(-1.,0.,0.));
#5009 = ORIENTED_EDGE('',*,*,#4778,.F.);
#5010 = ORIENTED_EDGE('',*,*,#4987,.T.);
#5011 = PLANE('',#5012);
#5012 = AXIS2_PLACEMENT_3D('',#5013,#5014,#5015);
#5013 = CARTESIAN_POINT('',(-2.,6.59115044319,3.189));
#5014 = DIRECTION('',(0.,-0.793836916469,-0.608130701454));
#5015 = DIRECTION('',(0.,0.608130701454,-0.793836916469));
#5016 = ADVANCED_FACE('',(#5017),#5028,.F.);
#5017 = FACE_BOUND('',#5018,.F.);
#5018 = EDGE_LOOP('',(#5019,#5020,#5021,#5027));
#5019 = ORIENTED_EDGE('',*,*,#5004,.F.);
#5020 = ORIENTED_EDGE('',*,*,#4786,.F.);
#5021 = ORIENTED_EDGE('',*,*,#5022,.T.);
#5022 = EDGE_CURVE('',#4787,#4880,#5023,.T.);
#5023 = LINE('',#5024,#5025);
#5024 = CARTESIAN_POINT('',(-2.,6.649483481853,4.399085903592));
#5025 = VECTOR('',#5026,1.);
#5026 = DIRECTION('',(-1.,0.,0.));
#5027 = ORIENTED_EDGE('',*,*,#4887,.T.);
#5028 = CYLINDRICAL_SURFACE('',#5029,0.8);
#5029 = AXIS2_PLACEMENT_3D('',#5030,#5031,#5032);
#5030 = CARTESIAN_POINT('',(-2.,7.15,3.775));
#5031 = DIRECTION('',(-1.,0.,0.));
#5032 = DIRECTION('',(0.,0.,1.));
#5033 = ADVANCED_FACE('',(#5034),#5040,.F.);
#5034 = FACE_BOUND('',#5035,.T.);
#5035 = EDGE_LOOP('',(#5036,#5037,#5038,#5039));
#5036 = ORIENTED_EDGE('',*,*,#4879,.T.);
#5037 = ORIENTED_EDGE('',*,*,#4926,.F.);
#5038 = ORIENTED_EDGE('',*,*,#4795,.F.);
#5039 = ORIENTED_EDGE('',*,*,#5022,.T.);
#5040 = PLANE('',#5041);
#5041 = AXIS2_PLACEMENT_3D('',#5042,#5043,#5044);
#5042 = CARTESIAN_POINT('',(-2.,6.649483481853,4.399085903592));
#5043 = DIRECTION('',(0.,-0.625645647684,0.78010737949));
#5044 = DIRECTION('',(0.,-0.78010737949,-0.625645647684));
#5045 = ADVANCED_FACE('',(#5046),#5071,.F.);
#5046 = FACE_BOUND('',#5047,.T.);
#5047 = EDGE_LOOP('',(#5048,#5056,#5057,#5065));
#5048 = ORIENTED_EDGE('',*,*,#5049,.T.);
#5049 = EDGE_CURVE('',#5050,#4291,#5052,.T.);
#5050 = VERTEX_POINT('',#5051);
#5051 = CARTESIAN_POINT('',(2.,6.279858415925,3.069149288994));
#5052 = LINE('',#5053,#5054);
#5053 = CARTESIAN_POINT('',(2.,6.279858415925,3.069149288994));
#5054 = VECTOR('',#5055,1.);
#5055 = DIRECTION('',(0.,8.124270456471E-02,-0.996694347809));
#5056 = ORIENTED_EDGE('',*,*,#4290,.T.);
#5057 = ORIENTED_EDGE('',*,*,#5058,.F.);
#5058 = EDGE_CURVE('',#5059,#4283,#5061,.T.);
#5059 = VERTEX_POINT('',#5060);
#5060 = CARTESIAN_POINT('',(4.,6.279858415925,3.069149288994));
#5061 = LINE('',#5062,#5063);
#5062 = CARTESIAN_POINT('',(4.,6.279858415925,3.069149288994));
#5063 = VECTOR('',#5064,1.);
#5064 = DIRECTION('',(0.,8.124270456471E-02,-0.996694347809));
#5065 = ORIENTED_EDGE('',*,*,#5066,.T.);
#5066 = EDGE_CURVE('',#5059,#5050,#5067,.T.);
#5067 = LINE('',#5068,#5069);
#5068 = CARTESIAN_POINT('',(4.,6.279858415925,3.069149288994));
#5069 = VECTOR('',#5070,1.);
#5070 = DIRECTION('',(-1.,0.,0.));
#5071 = PLANE('',#5072);
#5072 = AXIS2_PLACEMENT_3D('',#5073,#5074,#5075);
#5073 = CARTESIAN_POINT('',(4.,6.279858415925,3.069149288994));
#5074 = DIRECTION('',(0.,0.996694347809,8.124270456471E-02));
#5075 = DIRECTION('',(0.,-8.124270456471E-02,0.996694347809));
#5076 = ADVANCED_FACE('',(#5077),#5146,.T.);
#5077 = FACE_BOUND('',#5078,.T.);
#5078 = EDGE_LOOP('',(#5079,#5080,#5081,#5089,#5097,#5106,#5114,#5122,
    #5130,#5139,#5145));
#5079 = ORIENTED_EDGE('',*,*,#4282,.F.);
#5080 = ORIENTED_EDGE('',*,*,#4509,.T.);
#5081 = ORIENTED_EDGE('',*,*,#5082,.T.);
#5082 = EDGE_CURVE('',#3100,#5083,#5085,.T.);
#5083 = VERTEX_POINT('',#5084);
#5084 = CARTESIAN_POINT('',(4.,6.59115044319,3.189));
#5085 = LINE('',#5086,#5087);
#5086 = CARTESIAN_POINT('',(4.,6.9,-0.6));
#5087 = VECTOR('',#5088,1.);
#5088 = DIRECTION('',(0.,-8.124270456471E-02,0.996694347809));
#5089 = ORIENTED_EDGE('',*,*,#5090,.T.);
#5090 = EDGE_CURVE('',#5083,#5091,#5093,.T.);
#5091 = VERTEX_POINT('',#5092);
#5092 = CARTESIAN_POINT('',(4.,6.514930466825,3.288495438837));
#5093 = LINE('',#5094,#5095);
#5094 = CARTESIAN_POINT('',(4.,6.59115044319,3.189));
#5095 = VECTOR('',#5096,1.);
#5096 = DIRECTION('',(0.,-0.608130701454,0.793836916469));
#5097 = ORIENTED_EDGE('',*,*,#5098,.F.);
#5098 = EDGE_CURVE('',#5099,#5091,#5101,.T.);
#5099 = VERTEX_POINT('',#5100);
#5100 = CARTESIAN_POINT('',(4.,6.649483481853,4.399085903592));
#5101 = CIRCLE('',#5102,0.8);
#5102 = AXIS2_PLACEMENT_3D('',#5103,#5104,#5105);
#5103 = CARTESIAN_POINT('',(4.,7.15,3.775));
#5104 = DIRECTION('',(1.,0.,0.));
#5105 = DIRECTION('',(0.,0.,-1.));
#5106 = ORIENTED_EDGE('',*,*,#5107,.T.);
#5107 = EDGE_CURVE('',#5099,#5108,#5110,.T.);
#5108 = VERTEX_POINT('',#5109);
#5109 = CARTESIAN_POINT('',(4.,6.9,4.6));
#5110 = LINE('',#5111,#5112);
#5111 = CARTESIAN_POINT('',(4.,6.649483481853,4.399085903592));
#5112 = VECTOR('',#5113,1.);
#5113 = DIRECTION('',(0.,0.78010737949,0.625645647684));
#5114 = ORIENTED_EDGE('',*,*,#5115,.T.);
#5115 = EDGE_CURVE('',#5108,#5116,#5118,.T.);
#5116 = VERTEX_POINT('',#5117);
#5117 = CARTESIAN_POINT('',(4.,6.699793392741,4.849634361437));
#5118 = LINE('',#5119,#5120);
#5119 = CARTESIAN_POINT('',(4.,6.9,4.6));
#5120 = VECTOR('',#5121,1.);
#5121 = DIRECTION('',(0.,-0.625645647684,0.78010737949));
#5122 = ORIENTED_EDGE('',*,*,#5123,.T.);
#5123 = EDGE_CURVE('',#5116,#5124,#5126,.T.);
#5124 = VERTEX_POINT('',#5125);
#5125 = CARTESIAN_POINT('',(4.,6.449276874594,4.648720265029));
#5126 = LINE('',#5127,#5128);
#5127 = CARTESIAN_POINT('',(4.,6.699793392741,4.849634361437));
#5128 = VECTOR('',#5129,1.);
#5129 = DIRECTION('',(0.,-0.78010737949,-0.625645647684));
#5130 = ORIENTED_EDGE('',*,*,#5131,.T.);
#5131 = EDGE_CURVE('',#5124,#5132,#5134,.T.);
#5132 = VERTEX_POINT('',#5133);
#5133 = CARTESIAN_POINT('',(4.,6.260902653555,3.093893614371));
#5134 = CIRCLE('',#5135,1.12);
#5135 = AXIS2_PLACEMENT_3D('',#5136,#5137,#5138);
#5136 = CARTESIAN_POINT('',(4.,7.15,3.775));
#5137 = DIRECTION('',(1.,0.,0.));
#5138 = DIRECTION('',(0.,0.,-1.));
#5139 = ORIENTED_EDGE('',*,*,#5140,.T.);
#5140 = EDGE_CURVE('',#5132,#5059,#5141,.T.);
#5141 = LINE('',#5142,#5143);
#5142 = CARTESIAN_POINT('',(4.,6.260902653555,3.093893614371));
#5143 = VECTOR('',#5144,1.);
#5144 = DIRECTION('',(0.,0.608130701454,-0.793836916469));
#5145 = ORIENTED_EDGE('',*,*,#5058,.T.);
#5146 = PLANE('',#5147);
#5147 = AXIS2_PLACEMENT_3D('',#5148,#5149,#5150);
#5148 = CARTESIAN_POINT('',(4.,7.15,3.775));
#5149 = DIRECTION('',(1.,0.,0.));
#5150 = DIRECTION('',(0.,0.,-1.));
#5151 = ADVANCED_FACE('',(#5152),#5221,.F.);
#5152 = FACE_BOUND('',#5153,.T.);
#5153 = EDGE_LOOP('',(#5154,#5155,#5156,#5157,#5165,#5174,#5182,#5190,
    #5198,#5207,#5215));
#5154 = ORIENTED_EDGE('',*,*,#1021,.F.);
#5155 = ORIENTED_EDGE('',*,*,#4298,.T.);
#5156 = ORIENTED_EDGE('',*,*,#5049,.F.);
#5157 = ORIENTED_EDGE('',*,*,#5158,.F.);
#5158 = EDGE_CURVE('',#5159,#5050,#5161,.T.);
#5159 = VERTEX_POINT('',#5160);
#5160 = CARTESIAN_POINT('',(2.,6.260902653555,3.093893614371));
#5161 = LINE('',#5162,#5163);
#5162 = CARTESIAN_POINT('',(2.,6.260902653555,3.093893614371));
#5163 = VECTOR('',#5164,1.);
#5164 = DIRECTION('',(0.,0.608130701454,-0.793836916469));
#5165 = ORIENTED_EDGE('',*,*,#5166,.F.);
#5166 = EDGE_CURVE('',#5167,#5159,#5169,.T.);
#5167 = VERTEX_POINT('',#5168);
#5168 = CARTESIAN_POINT('',(2.,6.449276874594,4.648720265029));
#5169 = CIRCLE('',#5170,1.12);
#5170 = AXIS2_PLACEMENT_3D('',#5171,#5172,#5173);
#5171 = CARTESIAN_POINT('',(2.,7.15,3.775));
#5172 = DIRECTION('',(1.,0.,0.));
#5173 = DIRECTION('',(0.,0.,-1.));
#5174 = ORIENTED_EDGE('',*,*,#5175,.F.);
#5175 = EDGE_CURVE('',#5176,#5167,#5178,.T.);
#5176 = VERTEX_POINT('',#5177);
#5177 = CARTESIAN_POINT('',(2.,6.699793392741,4.849634361437));
#5178 = LINE('',#5179,#5180);
#5179 = CARTESIAN_POINT('',(2.,6.699793392741,4.849634361437));
#5180 = VECTOR('',#5181,1.);
#5181 = DIRECTION('',(0.,-0.78010737949,-0.625645647684));
#5182 = ORIENTED_EDGE('',*,*,#5183,.F.);
#5183 = EDGE_CURVE('',#5184,#5176,#5186,.T.);
#5184 = VERTEX_POINT('',#5185);
#5185 = CARTESIAN_POINT('',(2.,6.9,4.6));
#5186 = LINE('',#5187,#5188);
#5187 = CARTESIAN_POINT('',(2.,6.9,4.6));
#5188 = VECTOR('',#5189,1.);
#5189 = DIRECTION('',(0.,-0.625645647684,0.78010737949));
#5190 = ORIENTED_EDGE('',*,*,#5191,.F.);
#5191 = EDGE_CURVE('',#5192,#5184,#5194,.T.);
#5192 = VERTEX_POINT('',#5193);
#5193 = CARTESIAN_POINT('',(2.,6.649483481853,4.399085903592));
#5194 = LINE('',#5195,#5196);
#5195 = CARTESIAN_POINT('',(2.,6.649483481853,4.399085903592));
#5196 = VECTOR('',#5197,1.);
#5197 = DIRECTION('',(0.,0.78010737949,0.625645647684));
#5198 = ORIENTED_EDGE('',*,*,#5199,.T.);
#5199 = EDGE_CURVE('',#5192,#5200,#5202,.T.);
#5200 = VERTEX_POINT('',#5201);
#5201 = CARTESIAN_POINT('',(2.,6.514930466825,3.288495438837));
#5202 = CIRCLE('',#5203,0.8);
#5203 = AXIS2_PLACEMENT_3D('',#5204,#5205,#5206);
#5204 = CARTESIAN_POINT('',(2.,7.15,3.775));
#5205 = DIRECTION('',(1.,0.,0.));
#5206 = DIRECTION('',(0.,0.,-1.));
#5207 = ORIENTED_EDGE('',*,*,#5208,.F.);
#5208 = EDGE_CURVE('',#5209,#5200,#5211,.T.);
#5209 = VERTEX_POINT('',#5210);
#5210 = CARTESIAN_POINT('',(2.,6.59115044319,3.189));
#5211 = LINE('',#5212,#5213);
#5212 = CARTESIAN_POINT('',(2.,6.59115044319,3.189));
#5213 = VECTOR('',#5214,1.);
#5214 = DIRECTION('',(0.,-0.608130701454,0.793836916469));
#5215 = ORIENTED_EDGE('',*,*,#5216,.F.);
#5216 = EDGE_CURVE('',#1022,#5209,#5217,.T.);
#5217 = LINE('',#5218,#5219);
#5218 = CARTESIAN_POINT('',(2.,6.9,-0.6));
#5219 = VECTOR('',#5220,1.);
#5220 = DIRECTION('',(0.,-8.124270456471E-02,0.996694347809));
#5221 = PLANE('',#5222);
#5222 = AXIS2_PLACEMENT_3D('',#5223,#5224,#5225);
#5223 = CARTESIAN_POINT('',(2.,7.15,3.775));
#5224 = DIRECTION('',(1.,0.,0.));
#5225 = DIRECTION('',(0.,0.,-1.));
#5226 = ADVANCED_FACE('',(#5227),#5243,.F.);
#5227 = FACE_BOUND('',#5228,.T.);
#5228 = EDGE_LOOP('',(#5229,#5230,#5236,#5237));
#5229 = ORIENTED_EDGE('',*,*,#5183,.T.);
#5230 = ORIENTED_EDGE('',*,*,#5231,.F.);
#5231 = EDGE_CURVE('',#5116,#5176,#5232,.T.);
#5232 = LINE('',#5233,#5234);
#5233 = CARTESIAN_POINT('',(4.,6.699793392741,4.849634361437));
#5234 = VECTOR('',#5235,1.);
#5235 = DIRECTION('',(-1.,0.,0.));
#5236 = ORIENTED_EDGE('',*,*,#5115,.F.);
#5237 = ORIENTED_EDGE('',*,*,#5238,.T.);
#5238 = EDGE_CURVE('',#5108,#5184,#5239,.T.);
#5239 = LINE('',#5240,#5241);
#5240 = CARTESIAN_POINT('',(4.,6.9,4.6));
#5241 = VECTOR('',#5242,1.);
#5242 = DIRECTION('',(-1.,0.,0.));
#5243 = PLANE('',#5244);
#5244 = AXIS2_PLACEMENT_3D('',#5245,#5246,#5247);
#5245 = CARTESIAN_POINT('',(4.,6.9,4.6));
#5246 = DIRECTION('',(0.,-0.78010737949,-0.625645647684));
#5247 = DIRECTION('',(0.,0.625645647684,-0.78010737949));
#5248 = ADVANCED_FACE('',(#5249),#5260,.F.);
#5249 = FACE_BOUND('',#5250,.T.);
#5250 = EDGE_LOOP('',(#5251,#5252,#5258,#5259));
#5251 = ORIENTED_EDGE('',*,*,#5175,.T.);
#5252 = ORIENTED_EDGE('',*,*,#5253,.F.);
#5253 = EDGE_CURVE('',#5124,#5167,#5254,.T.);
#5254 = LINE('',#5255,#5256);
#5255 = CARTESIAN_POINT('',(4.,6.449276874594,4.648720265029));
#5256 = VECTOR('',#5257,1.);
#5257 = DIRECTION('',(-1.,0.,0.));
#5258 = ORIENTED_EDGE('',*,*,#5123,.F.);
#5259 = ORIENTED_EDGE('',*,*,#5231,.T.);
#5260 = PLANE('',#5261);
#5261 = AXIS2_PLACEMENT_3D('',#5262,#5263,#5264);
#5262 = CARTESIAN_POINT('',(4.,6.699793392741,4.849634361437));
#5263 = DIRECTION('',(0.,0.625645647684,-0.78010737949));
#5264 = DIRECTION('',(0.,0.78010737949,0.625645647684));
#5265 = ADVANCED_FACE('',(#5266),#5277,.T.);
#5266 = FACE_BOUND('',#5267,.T.);
#5267 = EDGE_LOOP('',(#5268,#5269,#5275,#5276));
#5268 = ORIENTED_EDGE('',*,*,#5166,.T.);
#5269 = ORIENTED_EDGE('',*,*,#5270,.F.);
#5270 = EDGE_CURVE('',#5132,#5159,#5271,.T.);
#5271 = LINE('',#5272,#5273);
#5272 = CARTESIAN_POINT('',(4.,6.260902653555,3.093893614371));
#5273 = VECTOR('',#5274,1.);
#5274 = DIRECTION('',(-1.,0.,0.));
#5275 = ORIENTED_EDGE('',*,*,#5131,.F.);
#5276 = ORIENTED_EDGE('',*,*,#5253,.T.);
#5277 = CYLINDRICAL_SURFACE('',#5278,1.12);
#5278 = AXIS2_PLACEMENT_3D('',#5279,#5280,#5281);
#5279 = CARTESIAN_POINT('',(4.,7.15,3.775));
#5280 = DIRECTION('',(-1.,0.,0.));
#5281 = DIRECTION('',(0.,0.,1.));
#5282 = ADVANCED_FACE('',(#5283),#5289,.F.);
#5283 = FACE_BOUND('',#5284,.T.);
#5284 = EDGE_LOOP('',(#5285,#5286,#5287,#5288));
#5285 = ORIENTED_EDGE('',*,*,#5158,.T.);
#5286 = ORIENTED_EDGE('',*,*,#5066,.F.);
#5287 = ORIENTED_EDGE('',*,*,#5140,.F.);
#5288 = ORIENTED_EDGE('',*,*,#5270,.T.);
#5289 = PLANE('',#5290);
#5290 = AXIS2_PLACEMENT_3D('',#5291,#5292,#5293);
#5291 = CARTESIAN_POINT('',(4.,6.260902653555,3.093893614371));
#5292 = DIRECTION('',(0.,0.793836916469,0.608130701454));
#5293 = DIRECTION('',(0.,-0.608130701454,0.793836916469));
#5294 = ADVANCED_FACE('',(#5295),#5306,.F.);
#5295 = FACE_BOUND('',#5296,.T.);
#5296 = EDGE_LOOP('',(#5297,#5298,#5304,#5305));
#5297 = ORIENTED_EDGE('',*,*,#5216,.T.);
#5298 = ORIENTED_EDGE('',*,*,#5299,.F.);
#5299 = EDGE_CURVE('',#5083,#5209,#5300,.T.);
#5300 = LINE('',#5301,#5302);
#5301 = CARTESIAN_POINT('',(4.,6.59115044319,3.189));
#5302 = VECTOR('',#5303,1.);
#5303 = DIRECTION('',(-1.,0.,0.));
#5304 = ORIENTED_EDGE('',*,*,#5082,.F.);
#5305 = ORIENTED_EDGE('',*,*,#3130,.T.);
#5306 = PLANE('',#5307);
#5307 = AXIS2_PLACEMENT_3D('',#5308,#5309,#5310);
#5308 = CARTESIAN_POINT('',(4.,6.9,-0.6));
#5309 = DIRECTION('',(0.,-0.996694347809,-8.124270456471E-02));
#5310 = DIRECTION('',(0.,8.124270456471E-02,-0.996694347809));
#5311 = ADVANCED_FACE('',(#5312),#5323,.F.);
#5312 = FACE_BOUND('',#5313,.T.);
#5313 = EDGE_LOOP('',(#5314,#5315,#5321,#5322));
#5314 = ORIENTED_EDGE('',*,*,#5208,.T.);
#5315 = ORIENTED_EDGE('',*,*,#5316,.F.);
#5316 = EDGE_CURVE('',#5091,#5200,#5317,.T.);
#5317 = LINE('',#5318,#5319);
#5318 = CARTESIAN_POINT('',(4.,6.514930466825,3.288495438837));
#5319 = VECTOR('',#5320,1.);
#5320 = DIRECTION('',(-1.,0.,0.));
#5321 = ORIENTED_EDGE('',*,*,#5090,.F.);
#5322 = ORIENTED_EDGE('',*,*,#5299,.T.);
#5323 = PLANE('',#5324);
#5324 = AXIS2_PLACEMENT_3D('',#5325,#5326,#5327);
#5325 = CARTESIAN_POINT('',(4.,6.59115044319,3.189));
#5326 = DIRECTION('',(0.,-0.793836916469,-0.608130701454));
#5327 = DIRECTION('',(0.,0.608130701454,-0.793836916469));
#5328 = ADVANCED_FACE('',(#5329),#5340,.F.);
#5329 = FACE_BOUND('',#5330,.F.);
#5330 = EDGE_LOOP('',(#5331,#5332,#5333,#5339));
#5331 = ORIENTED_EDGE('',*,*,#5316,.F.);
#5332 = ORIENTED_EDGE('',*,*,#5098,.F.);
#5333 = ORIENTED_EDGE('',*,*,#5334,.T.);
#5334 = EDGE_CURVE('',#5099,#5192,#5335,.T.);
#5335 = LINE('',#5336,#5337);
#5336 = CARTESIAN_POINT('',(4.,6.649483481853,4.399085903592));
#5337 = VECTOR('',#5338,1.);
#5338 = DIRECTION('',(-1.,0.,0.));
#5339 = ORIENTED_EDGE('',*,*,#5199,.T.);
#5340 = CYLINDRICAL_SURFACE('',#5341,0.8);
#5341 = AXIS2_PLACEMENT_3D('',#5342,#5343,#5344);
#5342 = CARTESIAN_POINT('',(4.,7.15,3.775));
#5343 = DIRECTION('',(-1.,0.,0.));
#5344 = DIRECTION('',(0.,0.,1.));
#5345 = ADVANCED_FACE('',(#5346),#5352,.F.);
#5346 = FACE_BOUND('',#5347,.T.);
#5347 = EDGE_LOOP('',(#5348,#5349,#5350,#5351));
#5348 = ORIENTED_EDGE('',*,*,#5191,.T.);
#5349 = ORIENTED_EDGE('',*,*,#5238,.F.);
#5350 = ORIENTED_EDGE('',*,*,#5107,.F.);
#5351 = ORIENTED_EDGE('',*,*,#5334,.T.);
#5352 = PLANE('',#5353);
#5353 = AXIS2_PLACEMENT_3D('',#5354,#5355,#5356);
#5354 = CARTESIAN_POINT('',(4.,6.649483481853,4.399085903592));
#5355 = DIRECTION('',(0.,-0.625645647684,0.78010737949));
#5356 = DIRECTION('',(0.,-0.78010737949,-0.625645647684));
#5357 = ADVANCED_FACE('',(#5358),#5383,.F.);
#5358 = FACE_BOUND('',#5359,.T.);
#5359 = EDGE_LOOP('',(#5360,#5368,#5369,#5377));
#5360 = ORIENTED_EDGE('',*,*,#5361,.F.);
#5361 = EDGE_CURVE('',#4075,#5362,#5364,.T.);
#5362 = VERTEX_POINT('',#5363);
#5363 = CARTESIAN_POINT('',(-2.,1.760141584075,3.069149288994));
#5364 = LINE('',#5365,#5366);
#5365 = CARTESIAN_POINT('',(-2.,1.458942191299,-0.625997665461));
#5366 = VECTOR('',#5367,1.);
#5367 = DIRECTION('',(0.,8.124270456471E-02,0.996694347809));
#5368 = ORIENTED_EDGE('',*,*,#4074,.T.);
#5369 = ORIENTED_EDGE('',*,*,#5370,.T.);
#5370 = EDGE_CURVE('',#4077,#5371,#5373,.T.);
#5371 = VERTEX_POINT('',#5372);
#5372 = CARTESIAN_POINT('',(-4.,1.760141584075,3.069149288994));
#5373 = LINE('',#5374,#5375);
#5374 = CARTESIAN_POINT('',(-4.,1.458942191299,-0.625997665461));
#5375 = VECTOR('',#5376,1.);
#5376 = DIRECTION('',(0.,8.124270456471E-02,0.996694347809));
#5377 = ORIENTED_EDGE('',*,*,#5378,.F.);
#5378 = EDGE_CURVE('',#5362,#5371,#5379,.T.);
#5379 = LINE('',#5380,#5381);
#5380 = CARTESIAN_POINT('',(-2.,1.760141584075,3.069149288994));
#5381 = VECTOR('',#5382,1.);
#5382 = DIRECTION('',(-1.,0.,0.));
#5383 = PLANE('',#5384);
#5384 = AXIS2_PLACEMENT_3D('',#5385,#5386,#5387);
#5385 = CARTESIAN_POINT('',(-2.,1.458942191299,-0.625997665461));
#5386 = DIRECTION('',(0.,-0.996694347809,8.124270456471E-02));
#5387 = DIRECTION('',(0.,-8.124270456471E-02,-0.996694347809));
#5388 = ADVANCED_FACE('',(#5389),#5458,.T.);
#5389 = FACE_BOUND('',#5390,.T.);
#5390 = EDGE_LOOP('',(#5391,#5392,#5393,#5401,#5410,#5418,#5426,#5434,
    #5443,#5451,#5457));
#5391 = ORIENTED_EDGE('',*,*,#4084,.F.);
#5392 = ORIENTED_EDGE('',*,*,#5361,.T.);
#5393 = ORIENTED_EDGE('',*,*,#5394,.T.);
#5394 = EDGE_CURVE('',#5362,#5395,#5397,.T.);
#5395 = VERTEX_POINT('',#5396);
#5396 = CARTESIAN_POINT('',(-2.,1.779097346445,3.093893614371));
#5397 = LINE('',#5398,#5399);
#5398 = CARTESIAN_POINT('',(-2.,1.760141584075,3.069149288994));
#5399 = VECTOR('',#5400,1.);
#5400 = DIRECTION('',(0.,0.608130701454,0.793836916469));
#5401 = ORIENTED_EDGE('',*,*,#5402,.T.);
#5402 = EDGE_CURVE('',#5395,#5403,#5405,.T.);
#5403 = VERTEX_POINT('',#5404);
#5404 = CARTESIAN_POINT('',(-2.,1.590723125406,4.648720265029));
#5405 = CIRCLE('',#5406,1.12);
#5406 = AXIS2_PLACEMENT_3D('',#5407,#5408,#5409);
#5407 = CARTESIAN_POINT('',(-2.,0.89,3.775));
#5408 = DIRECTION('',(1.,0.,0.));
#5409 = DIRECTION('',(0.,0.,-1.));
#5410 = ORIENTED_EDGE('',*,*,#5411,.T.);
#5411 = EDGE_CURVE('',#5403,#5412,#5414,.T.);
#5412 = VERTEX_POINT('',#5413);
#5413 = CARTESIAN_POINT('',(-2.,1.340206607259,4.849634361437));
#5414 = LINE('',#5415,#5416);
#5415 = CARTESIAN_POINT('',(-2.,1.590723125406,4.648720265029));
#5416 = VECTOR('',#5417,1.);
#5417 = DIRECTION('',(0.,-0.78010737949,0.625645647684));
#5418 = ORIENTED_EDGE('',*,*,#5419,.T.);
#5419 = EDGE_CURVE('',#5412,#5420,#5422,.T.);
#5420 = VERTEX_POINT('',#5421);
#5421 = CARTESIAN_POINT('',(-2.,1.14,4.6));
#5422 = LINE('',#5423,#5424);
#5423 = CARTESIAN_POINT('',(-2.,1.340206607259,4.849634361437));
#5424 = VECTOR('',#5425,1.);
#5425 = DIRECTION('',(0.,-0.625645647684,-0.78010737949));
#5426 = ORIENTED_EDGE('',*,*,#5427,.T.);
#5427 = EDGE_CURVE('',#5420,#5428,#5430,.T.);
#5428 = VERTEX_POINT('',#5429);
#5429 = CARTESIAN_POINT('',(-2.,1.390516518147,4.399085903592));
#5430 = LINE('',#5431,#5432);
#5431 = CARTESIAN_POINT('',(-2.,1.14,4.6));
#5432 = VECTOR('',#5433,1.);
#5433 = DIRECTION('',(0.,0.78010737949,-0.625645647684));
#5434 = ORIENTED_EDGE('',*,*,#5435,.F.);
#5435 = EDGE_CURVE('',#5436,#5428,#5438,.T.);
#5436 = VERTEX_POINT('',#5437);
#5437 = CARTESIAN_POINT('',(-2.,1.525069533175,3.288495438837));
#5438 = CIRCLE('',#5439,0.8);
#5439 = AXIS2_PLACEMENT_3D('',#5440,#5441,#5442);
#5440 = CARTESIAN_POINT('',(-2.,0.89,3.775));
#5441 = DIRECTION('',(1.,0.,0.));
#5442 = DIRECTION('',(0.,0.,-1.));
#5443 = ORIENTED_EDGE('',*,*,#5444,.T.);
#5444 = EDGE_CURVE('',#5436,#5445,#5447,.T.);
#5445 = VERTEX_POINT('',#5446);
#5446 = CARTESIAN_POINT('',(-2.,1.44884955681,3.189));
#5447 = LINE('',#5448,#5449);
#5448 = CARTESIAN_POINT('',(-2.,1.525069533175,3.288495438837));
#5449 = VECTOR('',#5450,1.);
#5450 = DIRECTION('',(0.,-0.608130701454,-0.793836916469));
#5451 = ORIENTED_EDGE('',*,*,#5452,.T.);
#5452 = EDGE_CURVE('',#5445,#4578,#5453,.T.);
#5453 = LINE('',#5454,#5455);
#5454 = CARTESIAN_POINT('',(-2.,1.44884955681,3.189));
#5455 = VECTOR('',#5456,1.);
#5456 = DIRECTION('',(0.,-8.124270456471E-02,-0.996694347809));
#5457 = ORIENTED_EDGE('',*,*,#4577,.T.);
#5458 = PLANE('',#5459);
#5459 = AXIS2_PLACEMENT_3D('',#5460,#5461,#5462);
#5460 = CARTESIAN_POINT('',(-2.,0.89,3.775));
#5461 = DIRECTION('',(1.,0.,0.));
#5462 = DIRECTION('',(0.,0.,-1.));
#5463 = ADVANCED_FACE('',(#5464),#5533,.F.);
#5464 = FACE_BOUND('',#5465,.T.);
#5465 = EDGE_LOOP('',(#5466,#5467,#5468,#5469,#5477,#5485,#5494,#5502,
    #5510,#5518,#5527));
#5466 = ORIENTED_EDGE('',*,*,#5370,.F.);
#5467 = ORIENTED_EDGE('',*,*,#4132,.T.);
#5468 = ORIENTED_EDGE('',*,*,#4593,.F.);
#5469 = ORIENTED_EDGE('',*,*,#5470,.F.);
#5470 = EDGE_CURVE('',#5471,#4586,#5473,.T.);
#5471 = VERTEX_POINT('',#5472);
#5472 = CARTESIAN_POINT('',(-4.,1.44884955681,3.189));
#5473 = LINE('',#5474,#5475);
#5474 = CARTESIAN_POINT('',(-4.,1.44884955681,3.189));
#5475 = VECTOR('',#5476,1.);
#5476 = DIRECTION('',(0.,-8.124270456471E-02,-0.996694347809));
#5477 = ORIENTED_EDGE('',*,*,#5478,.F.);
#5478 = EDGE_CURVE('',#5479,#5471,#5481,.T.);
#5479 = VERTEX_POINT('',#5480);
#5480 = CARTESIAN_POINT('',(-4.,1.525069533175,3.288495438837));
#5481 = LINE('',#5482,#5483);
#5482 = CARTESIAN_POINT('',(-4.,1.525069533175,3.288495438837));
#5483 = VECTOR('',#5484,1.);
#5484 = DIRECTION('',(0.,-0.608130701454,-0.793836916469));
#5485 = ORIENTED_EDGE('',*,*,#5486,.T.);
#5486 = EDGE_CURVE('',#5479,#5487,#5489,.T.);
#5487 = VERTEX_POINT('',#5488);
#5488 = CARTESIAN_POINT('',(-4.,1.390516518147,4.399085903592));
#5489 = CIRCLE('',#5490,0.8);
#5490 = AXIS2_PLACEMENT_3D('',#5491,#5492,#5493);
#5491 = CARTESIAN_POINT('',(-4.,0.89,3.775));
#5492 = DIRECTION('',(1.,0.,0.));
#5493 = DIRECTION('',(0.,0.,-1.));
#5494 = ORIENTED_EDGE('',*,*,#5495,.F.);
#5495 = EDGE_CURVE('',#5496,#5487,#5498,.T.);
#5496 = VERTEX_POINT('',#5497);
#5497 = CARTESIAN_POINT('',(-4.,1.14,4.6));
#5498 = LINE('',#5499,#5500);
#5499 = CARTESIAN_POINT('',(-4.,1.14,4.6));
#5500 = VECTOR('',#5501,1.);
#5501 = DIRECTION('',(0.,0.78010737949,-0.625645647684));
#5502 = ORIENTED_EDGE('',*,*,#5503,.F.);
#5503 = EDGE_CURVE('',#5504,#5496,#5506,.T.);
#5504 = VERTEX_POINT('',#5505);
#5505 = CARTESIAN_POINT('',(-4.,1.340206607259,4.849634361437));
#5506 = LINE('',#5507,#5508);
#5507 = CARTESIAN_POINT('',(-4.,1.340206607259,4.849634361437));
#5508 = VECTOR('',#5509,1.);
#5509 = DIRECTION('',(0.,-0.625645647684,-0.78010737949));
#5510 = ORIENTED_EDGE('',*,*,#5511,.F.);
#5511 = EDGE_CURVE('',#5512,#5504,#5514,.T.);
#5512 = VERTEX_POINT('',#5513);
#5513 = CARTESIAN_POINT('',(-4.,1.590723125406,4.648720265029));
#5514 = LINE('',#5515,#5516);
#5515 = CARTESIAN_POINT('',(-4.,1.590723125406,4.648720265029));
#5516 = VECTOR('',#5517,1.);
#5517 = DIRECTION('',(0.,-0.78010737949,0.625645647684));
#5518 = ORIENTED_EDGE('',*,*,#5519,.F.);
#5519 = EDGE_CURVE('',#5520,#5512,#5522,.T.);
#5520 = VERTEX_POINT('',#5521);
#5521 = CARTESIAN_POINT('',(-4.,1.779097346445,3.093893614371));
#5522 = CIRCLE('',#5523,1.12);
#5523 = AXIS2_PLACEMENT_3D('',#5524,#5525,#5526);
#5524 = CARTESIAN_POINT('',(-4.,0.89,3.775));
#5525 = DIRECTION('',(1.,0.,0.));
#5526 = DIRECTION('',(0.,0.,-1.));
#5527 = ORIENTED_EDGE('',*,*,#5528,.F.);
#5528 = EDGE_CURVE('',#5371,#5520,#5529,.T.);
#5529 = LINE('',#5530,#5531);
#5530 = CARTESIAN_POINT('',(-4.,1.760141584075,3.069149288994));
#5531 = VECTOR('',#5532,1.);
#5532 = DIRECTION('',(0.,0.608130701454,0.793836916469));
#5533 = PLANE('',#5534);
#5534 = AXIS2_PLACEMENT_3D('',#5535,#5536,#5537);
#5535 = CARTESIAN_POINT('',(-4.,0.89,3.775));
#5536 = DIRECTION('',(1.,0.,0.));
#5537 = DIRECTION('',(0.,0.,-1.));
#5538 = ADVANCED_FACE('',(#5539),#5555,.F.);
#5539 = FACE_BOUND('',#5540,.T.);
#5540 = EDGE_LOOP('',(#5541,#5542,#5548,#5549));
#5541 = ORIENTED_EDGE('',*,*,#5511,.T.);
#5542 = ORIENTED_EDGE('',*,*,#5543,.F.);
#5543 = EDGE_CURVE('',#5412,#5504,#5544,.T.);
#5544 = LINE('',#5545,#5546);
#5545 = CARTESIAN_POINT('',(-2.,1.340206607259,4.849634361437));
#5546 = VECTOR('',#5547,1.);
#5547 = DIRECTION('',(-1.,0.,0.));
#5548 = ORIENTED_EDGE('',*,*,#5411,.F.);
#5549 = ORIENTED_EDGE('',*,*,#5550,.T.);
#5550 = EDGE_CURVE('',#5403,#5512,#5551,.T.);
#5551 = LINE('',#5552,#5553);
#5552 = CARTESIAN_POINT('',(-2.,1.590723125406,4.648720265029));
#5553 = VECTOR('',#5554,1.);
#5554 = DIRECTION('',(-1.,0.,0.));
#5555 = PLANE('',#5556);
#5556 = AXIS2_PLACEMENT_3D('',#5557,#5558,#5559);
#5557 = CARTESIAN_POINT('',(-2.,1.590723125406,4.648720265029));
#5558 = DIRECTION('',(0.,-0.625645647684,-0.78010737949));
#5559 = DIRECTION('',(0.,0.78010737949,-0.625645647684));
#5560 = ADVANCED_FACE('',(#5561),#5572,.F.);
#5561 = FACE_BOUND('',#5562,.T.);
#5562 = EDGE_LOOP('',(#5563,#5564,#5570,#5571));
#5563 = ORIENTED_EDGE('',*,*,#5503,.T.);
#5564 = ORIENTED_EDGE('',*,*,#5565,.F.);
#5565 = EDGE_CURVE('',#5420,#5496,#5566,.T.);
#5566 = LINE('',#5567,#5568);
#5567 = CARTESIAN_POINT('',(-2.,1.14,4.6));
#5568 = VECTOR('',#5569,1.);
#5569 = DIRECTION('',(-1.,0.,0.));
#5570 = ORIENTED_EDGE('',*,*,#5419,.F.);
#5571 = ORIENTED_EDGE('',*,*,#5543,.T.);
#5572 = PLANE('',#5573);
#5573 = AXIS2_PLACEMENT_3D('',#5574,#5575,#5576);
#5574 = CARTESIAN_POINT('',(-2.,1.340206607259,4.849634361437));
#5575 = DIRECTION('',(0.,0.78010737949,-0.625645647684));
#5576 = DIRECTION('',(0.,0.625645647684,0.78010737949));
#5577 = ADVANCED_FACE('',(#5578),#5589,.F.);
#5578 = FACE_BOUND('',#5579,.T.);
#5579 = EDGE_LOOP('',(#5580,#5581,#5587,#5588));
#5580 = ORIENTED_EDGE('',*,*,#5495,.T.);
#5581 = ORIENTED_EDGE('',*,*,#5582,.F.);
#5582 = EDGE_CURVE('',#5428,#5487,#5583,.T.);
#5583 = LINE('',#5584,#5585);
#5584 = CARTESIAN_POINT('',(-2.,1.390516518147,4.399085903592));
#5585 = VECTOR('',#5586,1.);
#5586 = DIRECTION('',(-1.,0.,0.));
#5587 = ORIENTED_EDGE('',*,*,#5427,.F.);
#5588 = ORIENTED_EDGE('',*,*,#5565,.T.);
#5589 = PLANE('',#5590);
#5590 = AXIS2_PLACEMENT_3D('',#5591,#5592,#5593);
#5591 = CARTESIAN_POINT('',(-2.,1.14,4.6));
#5592 = DIRECTION('',(0.,0.625645647684,0.78010737949));
#5593 = DIRECTION('',(0.,-0.78010737949,0.625645647684));
#5594 = ADVANCED_FACE('',(#5595),#5606,.F.);
#5595 = FACE_BOUND('',#5596,.F.);
#5596 = EDGE_LOOP('',(#5597,#5598,#5599,#5605));
#5597 = ORIENTED_EDGE('',*,*,#5582,.F.);
#5598 = ORIENTED_EDGE('',*,*,#5435,.F.);
#5599 = ORIENTED_EDGE('',*,*,#5600,.T.);
#5600 = EDGE_CURVE('',#5436,#5479,#5601,.T.);
#5601 = LINE('',#5602,#5603);
#5602 = CARTESIAN_POINT('',(-2.,1.525069533175,3.288495438837));
#5603 = VECTOR('',#5604,1.);
#5604 = DIRECTION('',(-1.,0.,0.));
#5605 = ORIENTED_EDGE('',*,*,#5486,.T.);
#5606 = CYLINDRICAL_SURFACE('',#5607,0.8);
#5607 = AXIS2_PLACEMENT_3D('',#5608,#5609,#5610);
#5608 = CARTESIAN_POINT('',(-2.,0.89,3.775));
#5609 = DIRECTION('',(-1.,0.,0.));
#5610 = DIRECTION('',(0.,0.,1.));
#5611 = ADVANCED_FACE('',(#5612),#5623,.F.);
#5612 = FACE_BOUND('',#5613,.T.);
#5613 = EDGE_LOOP('',(#5614,#5615,#5621,#5622));
#5614 = ORIENTED_EDGE('',*,*,#5478,.T.);
#5615 = ORIENTED_EDGE('',*,*,#5616,.F.);
#5616 = EDGE_CURVE('',#5445,#5471,#5617,.T.);
#5617 = LINE('',#5618,#5619);
#5618 = CARTESIAN_POINT('',(-2.,1.44884955681,3.189));
#5619 = VECTOR('',#5620,1.);
#5620 = DIRECTION('',(-1.,0.,0.));
#5621 = ORIENTED_EDGE('',*,*,#5444,.F.);
#5622 = ORIENTED_EDGE('',*,*,#5600,.T.);
#5623 = PLANE('',#5624);
#5624 = AXIS2_PLACEMENT_3D('',#5625,#5626,#5627);
#5625 = CARTESIAN_POINT('',(-2.,1.525069533175,3.288495438837));
#5626 = DIRECTION('',(0.,0.793836916469,-0.608130701454));
#5627 = DIRECTION('',(0.,0.608130701454,0.793836916469));
#5628 = ADVANCED_FACE('',(#5629),#5635,.F.);
#5629 = FACE_BOUND('',#5630,.T.);
#5630 = EDGE_LOOP('',(#5631,#5632,#5633,#5634));
#5631 = ORIENTED_EDGE('',*,*,#5470,.T.);
#5632 = ORIENTED_EDGE('',*,*,#4585,.F.);
#5633 = ORIENTED_EDGE('',*,*,#5452,.F.);
#5634 = ORIENTED_EDGE('',*,*,#5616,.T.);
#5635 = PLANE('',#5636);
#5636 = AXIS2_PLACEMENT_3D('',#5637,#5638,#5639);
#5637 = CARTESIAN_POINT('',(-2.,1.44884955681,3.189));
#5638 = DIRECTION('',(0.,0.996694347809,-8.124270456471E-02));
#5639 = DIRECTION('',(0.,8.124270456471E-02,0.996694347809));
#5640 = ADVANCED_FACE('',(#5641),#5652,.F.);
#5641 = FACE_BOUND('',#5642,.T.);
#5642 = EDGE_LOOP('',(#5643,#5644,#5650,#5651));
#5643 = ORIENTED_EDGE('',*,*,#5528,.T.);
#5644 = ORIENTED_EDGE('',*,*,#5645,.F.);
#5645 = EDGE_CURVE('',#5395,#5520,#5646,.T.);
#5646 = LINE('',#5647,#5648);
#5647 = CARTESIAN_POINT('',(-2.,1.779097346445,3.093893614371));
#5648 = VECTOR('',#5649,1.);
#5649 = DIRECTION('',(-1.,0.,0.));
#5650 = ORIENTED_EDGE('',*,*,#5394,.F.);
#5651 = ORIENTED_EDGE('',*,*,#5378,.T.);
#5652 = PLANE('',#5653);
#5653 = AXIS2_PLACEMENT_3D('',#5654,#5655,#5656);
#5654 = CARTESIAN_POINT('',(-2.,1.760141584075,3.069149288994));
#5655 = DIRECTION('',(0.,-0.793836916469,0.608130701454));
#5656 = DIRECTION('',(0.,-0.608130701454,-0.793836916469));
#5657 = ADVANCED_FACE('',(#5658),#5664,.T.);
#5658 = FACE_BOUND('',#5659,.T.);
#5659 = EDGE_LOOP('',(#5660,#5661,#5662,#5663));
#5660 = ORIENTED_EDGE('',*,*,#5519,.T.);
#5661 = ORIENTED_EDGE('',*,*,#5550,.F.);
#5662 = ORIENTED_EDGE('',*,*,#5402,.F.);
#5663 = ORIENTED_EDGE('',*,*,#5645,.T.);
#5664 = CYLINDRICAL_SURFACE('',#5665,1.12);
#5665 = AXIS2_PLACEMENT_3D('',#5666,#5667,#5668);
#5666 = CARTESIAN_POINT('',(-2.,0.89,3.775));
#5667 = DIRECTION('',(-1.,0.,0.));
#5668 = DIRECTION('',(0.,0.,1.));
#5669 = ADVANCED_FACE('',(#5670),#5695,.F.);
#5670 = FACE_BOUND('',#5671,.T.);
#5671 = EDGE_LOOP('',(#5672,#5680,#5681,#5689));
#5672 = ORIENTED_EDGE('',*,*,#5673,.F.);
#5673 = EDGE_CURVE('',#4009,#5674,#5676,.T.);
#5674 = VERTEX_POINT('',#5675);
#5675 = CARTESIAN_POINT('',(4.,1.760141584075,3.069149288994));
#5676 = LINE('',#5677,#5678);
#5677 = CARTESIAN_POINT('',(4.,1.458942191299,-0.625997665461));
#5678 = VECTOR('',#5679,1.);
#5679 = DIRECTION('',(0.,8.124270456471E-02,0.996694347809));
#5680 = ORIENTED_EDGE('',*,*,#4008,.T.);
#5681 = ORIENTED_EDGE('',*,*,#5682,.T.);
#5682 = EDGE_CURVE('',#4011,#5683,#5685,.T.);
#5683 = VERTEX_POINT('',#5684);
#5684 = CARTESIAN_POINT('',(2.,1.760141584075,3.069149288994));
#5685 = LINE('',#5686,#5687);
#5686 = CARTESIAN_POINT('',(2.,1.458942191299,-0.625997665461));
#5687 = VECTOR('',#5688,1.);
#5688 = DIRECTION('',(0.,8.124270456471E-02,0.996694347809));
#5689 = ORIENTED_EDGE('',*,*,#5690,.F.);
#5690 = EDGE_CURVE('',#5674,#5683,#5691,.T.);
#5691 = LINE('',#5692,#5693);
#5692 = CARTESIAN_POINT('',(4.,1.760141584075,3.069149288994));
#5693 = VECTOR('',#5694,1.);
#5694 = DIRECTION('',(-1.,0.,0.));
#5695 = PLANE('',#5696);
#5696 = AXIS2_PLACEMENT_3D('',#5697,#5698,#5699);
#5697 = CARTESIAN_POINT('',(4.,1.458942191299,-0.625997665461));
#5698 = DIRECTION('',(0.,-0.996694347809,8.124270456471E-02));
#5699 = DIRECTION('',(0.,-8.124270456471E-02,-0.996694347809));
#5700 = ADVANCED_FACE('',(#5701),#5770,.T.);
#5701 = FACE_BOUND('',#5702,.T.);
#5702 = EDGE_LOOP('',(#5703,#5704,#5705,#5713,#5722,#5730,#5738,#5746,
    #5755,#5763,#5769));
#5703 = ORIENTED_EDGE('',*,*,#4018,.F.);
#5704 = ORIENTED_EDGE('',*,*,#5673,.T.);
#5705 = ORIENTED_EDGE('',*,*,#5706,.T.);
#5706 = EDGE_CURVE('',#5674,#5707,#5709,.T.);
#5707 = VERTEX_POINT('',#5708);
#5708 = CARTESIAN_POINT('',(4.,1.779097346445,3.093893614371));
#5709 = LINE('',#5710,#5711);
#5710 = CARTESIAN_POINT('',(4.,1.760141584075,3.069149288994));
#5711 = VECTOR('',#5712,1.);
#5712 = DIRECTION('',(0.,0.608130701454,0.793836916469));
#5713 = ORIENTED_EDGE('',*,*,#5714,.T.);
#5714 = EDGE_CURVE('',#5707,#5715,#5717,.T.);
#5715 = VERTEX_POINT('',#5716);
#5716 = CARTESIAN_POINT('',(4.,1.590723125406,4.648720265029));
#5717 = CIRCLE('',#5718,1.12);
#5718 = AXIS2_PLACEMENT_3D('',#5719,#5720,#5721);
#5719 = CARTESIAN_POINT('',(4.,0.89,3.775));
#5720 = DIRECTION('',(1.,0.,0.));
#5721 = DIRECTION('',(0.,0.,-1.));
#5722 = ORIENTED_EDGE('',*,*,#5723,.T.);
#5723 = EDGE_CURVE('',#5715,#5724,#5726,.T.);
#5724 = VERTEX_POINT('',#5725);
#5725 = CARTESIAN_POINT('',(4.,1.340206607259,4.849634361437));
#5726 = LINE('',#5727,#5728);
#5727 = CARTESIAN_POINT('',(4.,1.590723125406,4.648720265029));
#5728 = VECTOR('',#5729,1.);
#5729 = DIRECTION('',(0.,-0.78010737949,0.625645647684));
#5730 = ORIENTED_EDGE('',*,*,#5731,.T.);
#5731 = EDGE_CURVE('',#5724,#5732,#5734,.T.);
#5732 = VERTEX_POINT('',#5733);
#5733 = CARTESIAN_POINT('',(4.,1.14,4.6));
#5734 = LINE('',#5735,#5736);
#5735 = CARTESIAN_POINT('',(4.,1.340206607259,4.849634361437));
#5736 = VECTOR('',#5737,1.);
#5737 = DIRECTION('',(0.,-0.625645647684,-0.78010737949));
#5738 = ORIENTED_EDGE('',*,*,#5739,.T.);
#5739 = EDGE_CURVE('',#5732,#5740,#5742,.T.);
#5740 = VERTEX_POINT('',#5741);
#5741 = CARTESIAN_POINT('',(4.,1.390516518147,4.399085903592));
#5742 = LINE('',#5743,#5744);
#5743 = CARTESIAN_POINT('',(4.,1.14,4.6));
#5744 = VECTOR('',#5745,1.);
#5745 = DIRECTION('',(0.,0.78010737949,-0.625645647684));
#5746 = ORIENTED_EDGE('',*,*,#5747,.F.);
#5747 = EDGE_CURVE('',#5748,#5740,#5750,.T.);
#5748 = VERTEX_POINT('',#5749);
#5749 = CARTESIAN_POINT('',(4.,1.525069533175,3.288495438837));
#5750 = CIRCLE('',#5751,0.8);
#5751 = AXIS2_PLACEMENT_3D('',#5752,#5753,#5754);
#5752 = CARTESIAN_POINT('',(4.,0.89,3.775));
#5753 = DIRECTION('',(1.,0.,0.));
#5754 = DIRECTION('',(0.,0.,-1.));
#5755 = ORIENTED_EDGE('',*,*,#5756,.T.);
#5756 = EDGE_CURVE('',#5748,#5757,#5759,.T.);
#5757 = VERTEX_POINT('',#5758);
#5758 = CARTESIAN_POINT('',(4.,1.44884955681,3.189));
#5759 = LINE('',#5760,#5761);
#5760 = CARTESIAN_POINT('',(4.,1.525069533175,3.288495438837));
#5761 = VECTOR('',#5762,1.);
#5762 = DIRECTION('',(0.,-0.608130701454,-0.793836916469));
#5763 = ORIENTED_EDGE('',*,*,#5764,.T.);
#5764 = EDGE_CURVE('',#5757,#4669,#5765,.T.);
#5765 = LINE('',#5766,#5767);
#5766 = CARTESIAN_POINT('',(4.,1.44884955681,3.189));
#5767 = VECTOR('',#5768,1.);
#5768 = DIRECTION('',(0.,-8.124270456471E-02,-0.996694347809));
#5769 = ORIENTED_EDGE('',*,*,#4668,.T.);
#5770 = PLANE('',#5771);
#5771 = AXIS2_PLACEMENT_3D('',#5772,#5773,#5774);
#5772 = CARTESIAN_POINT('',(4.,0.89,3.775));
#5773 = DIRECTION('',(1.,0.,0.));
#5774 = DIRECTION('',(0.,0.,-1.));
#5775 = ADVANCED_FACE('',(#5776),#5845,.F.);
#5776 = FACE_BOUND('',#5777,.T.);
#5777 = EDGE_LOOP('',(#5778,#5779,#5780,#5781,#5789,#5797,#5806,#5814,
    #5822,#5830,#5839));
#5778 = ORIENTED_EDGE('',*,*,#5682,.F.);
#5779 = ORIENTED_EDGE('',*,*,#4066,.T.);
#5780 = ORIENTED_EDGE('',*,*,#4684,.F.);
#5781 = ORIENTED_EDGE('',*,*,#5782,.F.);
#5782 = EDGE_CURVE('',#5783,#4677,#5785,.T.);
#5783 = VERTEX_POINT('',#5784);
#5784 = CARTESIAN_POINT('',(2.,1.44884955681,3.189));
#5785 = LINE('',#5786,#5787);
#5786 = CARTESIAN_POINT('',(2.,1.44884955681,3.189));
#5787 = VECTOR('',#5788,1.);
#5788 = DIRECTION('',(0.,-8.124270456471E-02,-0.996694347809));
#5789 = ORIENTED_EDGE('',*,*,#5790,.F.);
#5790 = EDGE_CURVE('',#5791,#5783,#5793,.T.);
#5791 = VERTEX_POINT('',#5792);
#5792 = CARTESIAN_POINT('',(2.,1.525069533175,3.288495438837));
#5793 = LINE('',#5794,#5795);
#5794 = CARTESIAN_POINT('',(2.,1.525069533175,3.288495438837));
#5795 = VECTOR('',#5796,1.);
#5796 = DIRECTION('',(0.,-0.608130701454,-0.793836916469));
#5797 = ORIENTED_EDGE('',*,*,#5798,.T.);
#5798 = EDGE_CURVE('',#5791,#5799,#5801,.T.);
#5799 = VERTEX_POINT('',#5800);
#5800 = CARTESIAN_POINT('',(2.,1.390516518147,4.399085903592));
#5801 = CIRCLE('',#5802,0.8);
#5802 = AXIS2_PLACEMENT_3D('',#5803,#5804,#5805);
#5803 = CARTESIAN_POINT('',(2.,0.89,3.775));
#5804 = DIRECTION('',(1.,0.,0.));
#5805 = DIRECTION('',(0.,0.,-1.));
#5806 = ORIENTED_EDGE('',*,*,#5807,.F.);
#5807 = EDGE_CURVE('',#5808,#5799,#5810,.T.);
#5808 = VERTEX_POINT('',#5809);
#5809 = CARTESIAN_POINT('',(2.,1.14,4.6));
#5810 = LINE('',#5811,#5812);
#5811 = CARTESIAN_POINT('',(2.,1.14,4.6));
#5812 = VECTOR('',#5813,1.);
#5813 = DIRECTION('',(0.,0.78010737949,-0.625645647684));
#5814 = ORIENTED_EDGE('',*,*,#5815,.F.);
#5815 = EDGE_CURVE('',#5816,#5808,#5818,.T.);
#5816 = VERTEX_POINT('',#5817);
#5817 = CARTESIAN_POINT('',(2.,1.340206607259,4.849634361437));
#5818 = LINE('',#5819,#5820);
#5819 = CARTESIAN_POINT('',(2.,1.340206607259,4.849634361437));
#5820 = VECTOR('',#5821,1.);
#5821 = DIRECTION('',(0.,-0.625645647684,-0.78010737949));
#5822 = ORIENTED_EDGE('',*,*,#5823,.F.);
#5823 = EDGE_CURVE('',#5824,#5816,#5826,.T.);
#5824 = VERTEX_POINT('',#5825);
#5825 = CARTESIAN_POINT('',(2.,1.590723125406,4.648720265029));
#5826 = LINE('',#5827,#5828);
#5827 = CARTESIAN_POINT('',(2.,1.590723125406,4.648720265029));
#5828 = VECTOR('',#5829,1.);
#5829 = DIRECTION('',(0.,-0.78010737949,0.625645647684));
#5830 = ORIENTED_EDGE('',*,*,#5831,.F.);
#5831 = EDGE_CURVE('',#5832,#5824,#5834,.T.);
#5832 = VERTEX_POINT('',#5833);
#5833 = CARTESIAN_POINT('',(2.,1.779097346445,3.093893614371));
#5834 = CIRCLE('',#5835,1.12);
#5835 = AXIS2_PLACEMENT_3D('',#5836,#5837,#5838);
#5836 = CARTESIAN_POINT('',(2.,0.89,3.775));
#5837 = DIRECTION('',(1.,0.,0.));
#5838 = DIRECTION('',(0.,0.,-1.));
#5839 = ORIENTED_EDGE('',*,*,#5840,.F.);
#5840 = EDGE_CURVE('',#5683,#5832,#5841,.T.);
#5841 = LINE('',#5842,#5843);
#5842 = CARTESIAN_POINT('',(2.,1.760141584075,3.069149288994));
#5843 = VECTOR('',#5844,1.);
#5844 = DIRECTION('',(0.,0.608130701454,0.793836916469));
#5845 = PLANE('',#5846);
#5846 = AXIS2_PLACEMENT_3D('',#5847,#5848,#5849);
#5847 = CARTESIAN_POINT('',(2.,0.89,3.775));
#5848 = DIRECTION('',(1.,0.,0.));
#5849 = DIRECTION('',(0.,0.,-1.));
#5850 = ADVANCED_FACE('',(#5851),#5867,.F.);
#5851 = FACE_BOUND('',#5852,.T.);
#5852 = EDGE_LOOP('',(#5853,#5854,#5860,#5861));
#5853 = ORIENTED_EDGE('',*,*,#5823,.T.);
#5854 = ORIENTED_EDGE('',*,*,#5855,.F.);
#5855 = EDGE_CURVE('',#5724,#5816,#5856,.T.);
#5856 = LINE('',#5857,#5858);
#5857 = CARTESIAN_POINT('',(4.,1.340206607259,4.849634361437));
#5858 = VECTOR('',#5859,1.);
#5859 = DIRECTION('',(-1.,0.,0.));
#5860 = ORIENTED_EDGE('',*,*,#5723,.F.);
#5861 = ORIENTED_EDGE('',*,*,#5862,.T.);
#5862 = EDGE_CURVE('',#5715,#5824,#5863,.T.);
#5863 = LINE('',#5864,#5865);
#5864 = CARTESIAN_POINT('',(4.,1.590723125406,4.648720265029));
#5865 = VECTOR('',#5866,1.);
#5866 = DIRECTION('',(-1.,0.,0.));
#5867 = PLANE('',#5868);
#5868 = AXIS2_PLACEMENT_3D('',#5869,#5870,#5871);
#5869 = CARTESIAN_POINT('',(4.,1.590723125406,4.648720265029));
#5870 = DIRECTION('',(0.,-0.625645647684,-0.78010737949));
#5871 = DIRECTION('',(0.,0.78010737949,-0.625645647684));
#5872 = ADVANCED_FACE('',(#5873),#5884,.F.);
#5873 = FACE_BOUND('',#5874,.T.);
#5874 = EDGE_LOOP('',(#5875,#5876,#5882,#5883));
#5875 = ORIENTED_EDGE('',*,*,#5815,.T.);
#5876 = ORIENTED_EDGE('',*,*,#5877,.F.);
#5877 = EDGE_CURVE('',#5732,#5808,#5878,.T.);
#5878 = LINE('',#5879,#5880);
#5879 = CARTESIAN_POINT('',(4.,1.14,4.6));
#5880 = VECTOR('',#5881,1.);
#5881 = DIRECTION('',(-1.,0.,0.));
#5882 = ORIENTED_EDGE('',*,*,#5731,.F.);
#5883 = ORIENTED_EDGE('',*,*,#5855,.T.);
#5884 = PLANE('',#5885);
#5885 = AXIS2_PLACEMENT_3D('',#5886,#5887,#5888);
#5886 = CARTESIAN_POINT('',(4.,1.340206607259,4.849634361437));
#5887 = DIRECTION('',(0.,0.78010737949,-0.625645647684));
#5888 = DIRECTION('',(0.,0.625645647684,0.78010737949));
#5889 = ADVANCED_FACE('',(#5890),#5901,.F.);
#5890 = FACE_BOUND('',#5891,.T.);
#5891 = EDGE_LOOP('',(#5892,#5893,#5899,#5900));
#5892 = ORIENTED_EDGE('',*,*,#5807,.T.);
#5893 = ORIENTED_EDGE('',*,*,#5894,.F.);
#5894 = EDGE_CURVE('',#5740,#5799,#5895,.T.);
#5895 = LINE('',#5896,#5897);
#5896 = CARTESIAN_POINT('',(4.,1.390516518147,4.399085903592));
#5897 = VECTOR('',#5898,1.);
#5898 = DIRECTION('',(-1.,0.,0.));
#5899 = ORIENTED_EDGE('',*,*,#5739,.F.);
#5900 = ORIENTED_EDGE('',*,*,#5877,.T.);
#5901 = PLANE('',#5902);
#5902 = AXIS2_PLACEMENT_3D('',#5903,#5904,#5905);
#5903 = CARTESIAN_POINT('',(4.,1.14,4.6));
#5904 = DIRECTION('',(0.,0.625645647684,0.78010737949));
#5905 = DIRECTION('',(0.,-0.78010737949,0.625645647684));
#5906 = ADVANCED_FACE('',(#5907),#5918,.F.);
#5907 = FACE_BOUND('',#5908,.F.);
#5908 = EDGE_LOOP('',(#5909,#5910,#5911,#5917));
#5909 = ORIENTED_EDGE('',*,*,#5894,.F.);
#5910 = ORIENTED_EDGE('',*,*,#5747,.F.);
#5911 = ORIENTED_EDGE('',*,*,#5912,.T.);
#5912 = EDGE_CURVE('',#5748,#5791,#5913,.T.);
#5913 = LINE('',#5914,#5915);
#5914 = CARTESIAN_POINT('',(4.,1.525069533175,3.288495438837));
#5915 = VECTOR('',#5916,1.);
#5916 = DIRECTION('',(-1.,0.,0.));
#5917 = ORIENTED_EDGE('',*,*,#5798,.T.);
#5918 = CYLINDRICAL_SURFACE('',#5919,0.8);
#5919 = AXIS2_PLACEMENT_3D('',#5920,#5921,#5922);
#5920 = CARTESIAN_POINT('',(4.,0.89,3.775));
#5921 = DIRECTION('',(-1.,0.,0.));
#5922 = DIRECTION('',(0.,0.,1.));
#5923 = ADVANCED_FACE('',(#5924),#5935,.F.);
#5924 = FACE_BOUND('',#5925,.T.);
#5925 = EDGE_LOOP('',(#5926,#5927,#5933,#5934));
#5926 = ORIENTED_EDGE('',*,*,#5790,.T.);
#5927 = ORIENTED_EDGE('',*,*,#5928,.F.);
#5928 = EDGE_CURVE('',#5757,#5783,#5929,.T.);
#5929 = LINE('',#5930,#5931);
#5930 = CARTESIAN_POINT('',(4.,1.44884955681,3.189));
#5931 = VECTOR('',#5932,1.);
#5932 = DIRECTION('',(-1.,0.,0.));
#5933 = ORIENTED_EDGE('',*,*,#5756,.F.);
#5934 = ORIENTED_EDGE('',*,*,#5912,.T.);
#5935 = PLANE('',#5936);
#5936 = AXIS2_PLACEMENT_3D('',#5937,#5938,#5939);
#5937 = CARTESIAN_POINT('',(4.,1.525069533175,3.288495438837));
#5938 = DIRECTION('',(0.,0.793836916469,-0.608130701454));
#5939 = DIRECTION('',(0.,0.608130701454,0.793836916469));
#5940 = ADVANCED_FACE('',(#5941),#5947,.F.);
#5941 = FACE_BOUND('',#5942,.T.);
#5942 = EDGE_LOOP('',(#5943,#5944,#5945,#5946));
#5943 = ORIENTED_EDGE('',*,*,#5782,.T.);
#5944 = ORIENTED_EDGE('',*,*,#4676,.F.);
#5945 = ORIENTED_EDGE('',*,*,#5764,.F.);
#5946 = ORIENTED_EDGE('',*,*,#5928,.T.);
#5947 = PLANE('',#5948);
#5948 = AXIS2_PLACEMENT_3D('',#5949,#5950,#5951);
#5949 = CARTESIAN_POINT('',(4.,1.44884955681,3.189));
#5950 = DIRECTION('',(0.,0.996694347809,-8.124270456471E-02));
#5951 = DIRECTION('',(0.,8.124270456471E-02,0.996694347809));
#5952 = ADVANCED_FACE('',(#5953),#5964,.F.);
#5953 = FACE_BOUND('',#5954,.T.);
#5954 = EDGE_LOOP('',(#5955,#5956,#5962,#5963));
#5955 = ORIENTED_EDGE('',*,*,#5840,.T.);
#5956 = ORIENTED_EDGE('',*,*,#5957,.F.);
#5957 = EDGE_CURVE('',#5707,#5832,#5958,.T.);
#5958 = LINE('',#5959,#5960);
#5959 = CARTESIAN_POINT('',(4.,1.779097346445,3.093893614371));
#5960 = VECTOR('',#5961,1.);
#5961 = DIRECTION('',(-1.,0.,0.));
#5962 = ORIENTED_EDGE('',*,*,#5706,.F.);
#5963 = ORIENTED_EDGE('',*,*,#5690,.T.);
#5964 = PLANE('',#5965);
#5965 = AXIS2_PLACEMENT_3D('',#5966,#5967,#5968);
#5966 = CARTESIAN_POINT('',(4.,1.760141584075,3.069149288994));
#5967 = DIRECTION('',(0.,-0.793836916469,0.608130701454));
#5968 = DIRECTION('',(0.,-0.608130701454,-0.793836916469));
#5969 = ADVANCED_FACE('',(#5970),#5976,.T.);
#5970 = FACE_BOUND('',#5971,.T.);
#5971 = EDGE_LOOP('',(#5972,#5973,#5974,#5975));
#5972 = ORIENTED_EDGE('',*,*,#5831,.T.);
#5973 = ORIENTED_EDGE('',*,*,#5862,.F.);
#5974 = ORIENTED_EDGE('',*,*,#5714,.F.);
#5975 = ORIENTED_EDGE('',*,*,#5957,.T.);
#5976 = CYLINDRICAL_SURFACE('',#5977,1.12);
#5977 = AXIS2_PLACEMENT_3D('',#5978,#5979,#5980);
#5978 = CARTESIAN_POINT('',(4.,0.89,3.775));
#5979 = DIRECTION('',(-1.,0.,0.));
#5980 = DIRECTION('',(0.,0.,1.));
#5981 = ADVANCED_FACE('',(#5982),#5998,.T.);
#5982 = FACE_BOUND('',#5983,.T.);
#5983 = EDGE_LOOP('',(#5984,#5990,#5991,#5997));
#5984 = ORIENTED_EDGE('',*,*,#5985,.F.);
#5985 = EDGE_CURVE('',#3944,#1805,#5986,.T.);
#5986 = LINE('',#5987,#5988);
#5987 = CARTESIAN_POINT('',(-6.25,2.81,-0.4));
#5988 = VECTOR('',#5989,1.);
#5989 = DIRECTION('',(-1.,0.,0.));
#5990 = ORIENTED_EDGE('',*,*,#3943,.F.);
#5991 = ORIENTED_EDGE('',*,*,#5992,.T.);
#5992 = EDGE_CURVE('',#3936,#1803,#5993,.T.);
#5993 = LINE('',#5994,#5995);
#5994 = CARTESIAN_POINT('',(-6.25,5.19,-0.4));
#5995 = VECTOR('',#5996,1.);
#5996 = DIRECTION('',(-1.,0.,0.));
#5997 = ORIENTED_EDGE('',*,*,#1802,.T.);
#5998 = PLANE('',#5999);
#5999 = AXIS2_PLACEMENT_3D('',#6000,#6001,#6002);
#6000 = CARTESIAN_POINT('',(-6.25,5.19,-0.4));
#6001 = DIRECTION('',(0.,0.,1.));
#6002 = DIRECTION('',(1.,0.,-0.));
#6003 = ADVANCED_FACE('',(#6004),#6043,.T.);
#6004 = FACE_BOUND('',#6005,.T.);
#6005 = EDGE_LOOP('',(#6006,#6014,#6015,#6021,#6022,#6028,#6029,#6037));
#6006 = ORIENTED_EDGE('',*,*,#6007,.F.);
#6007 = EDGE_CURVE('',#1821,#6008,#6010,.T.);
#6008 = VERTEX_POINT('',#6009);
#6009 = CARTESIAN_POINT('',(-6.277942474475,4.875,5.25));
#6010 = LINE('',#6011,#6012);
#6011 = CARTESIAN_POINT('',(-6.6,4.875,5.25));
#6012 = VECTOR('',#6013,1.);
#6013 = DIRECTION('',(1.,0.,0.));
#6014 = ORIENTED_EDGE('',*,*,#1820,.F.);
#6015 = ORIENTED_EDGE('',*,*,#6016,.T.);
#6016 = EDGE_CURVE('',#1813,#3926,#6017,.T.);
#6017 = LINE('',#6018,#6019);
#6018 = CARTESIAN_POINT('',(-6.6,5.19,5.25));
#6019 = VECTOR('',#6020,1.);
#6020 = DIRECTION('',(1.,0.,0.));
#6021 = ORIENTED_EDGE('',*,*,#3925,.T.);
#6022 = ORIENTED_EDGE('',*,*,#6023,.F.);
#6023 = EDGE_CURVE('',#1837,#3928,#6024,.T.);
#6024 = LINE('',#6025,#6026);
#6025 = CARTESIAN_POINT('',(-6.6,2.81,5.25));
#6026 = VECTOR('',#6027,1.);
#6027 = DIRECTION('',(1.,0.,0.));
#6028 = ORIENTED_EDGE('',*,*,#1836,.F.);
#6029 = ORIENTED_EDGE('',*,*,#6030,.T.);
#6030 = EDGE_CURVE('',#1829,#6031,#6033,.T.);
#6031 = VERTEX_POINT('',#6032);
#6032 = CARTESIAN_POINT('',(-6.277942474475,3.125,5.25));
#6033 = LINE('',#6034,#6035);
#6034 = CARTESIAN_POINT('',(-6.6,3.125,5.25));
#6035 = VECTOR('',#6036,1.);
#6036 = DIRECTION('',(1.,0.,0.));
#6037 = ORIENTED_EDGE('',*,*,#6038,.T.);
#6038 = EDGE_CURVE('',#6031,#6008,#6039,.T.);
#6039 = LINE('',#6040,#6041);
#6040 = CARTESIAN_POINT('',(-6.277942474475,5.19,5.25));
#6041 = VECTOR('',#6042,1.);
#6042 = DIRECTION('',(0.,1.,0.));
#6043 = PLANE('',#6044);
#6044 = AXIS2_PLACEMENT_3D('',#6045,#6046,#6047);
#6045 = CARTESIAN_POINT('',(-6.6,5.19,5.25));
#6046 = DIRECTION('',(0.,0.,-1.));
#6047 = DIRECTION('',(-1.,0.,0.));
#6048 = ADVANCED_FACE('',(#6049),#6055,.F.);
#6049 = FACE_BOUND('',#6050,.T.);
#6050 = EDGE_LOOP('',(#6051,#6052,#6053,#6054));
#6051 = ORIENTED_EDGE('',*,*,#5992,.F.);
#6052 = ORIENTED_EDGE('',*,*,#3935,.F.);
#6053 = ORIENTED_EDGE('',*,*,#6016,.F.);
#6054 = ORIENTED_EDGE('',*,*,#1812,.F.);
#6055 = PLANE('',#6056);
#6056 = AXIS2_PLACEMENT_3D('',#6057,#6058,#6059);
#6057 = CARTESIAN_POINT('',(0.,5.19,0.));
#6058 = DIRECTION('',(0.,1.,0.));
#6059 = DIRECTION('',(0.,-0.,1.));
#6060 = ADVANCED_FACE('',(#6061),#6067,.T.);
#6061 = FACE_BOUND('',#6062,.T.);
#6062 = EDGE_LOOP('',(#6063,#6064,#6065,#6066));
#6063 = ORIENTED_EDGE('',*,*,#5985,.T.);
#6064 = ORIENTED_EDGE('',*,*,#1844,.T.);
#6065 = ORIENTED_EDGE('',*,*,#6023,.T.);
#6066 = ORIENTED_EDGE('',*,*,#3951,.T.);
#6067 = PLANE('',#6068);
#6068 = AXIS2_PLACEMENT_3D('',#6069,#6070,#6071);
#6069 = CARTESIAN_POINT('',(0.,2.81,0.));
#6070 = DIRECTION('',(0.,1.,0.));
#6071 = DIRECTION('',(0.,-0.,1.));
#6072 = ADVANCED_FACE('',(#6073),#6089,.T.);
#6073 = FACE_BOUND('',#6074,.T.);
#6074 = EDGE_LOOP('',(#6075,#6081,#6082,#6088));
#6075 = ORIENTED_EDGE('',*,*,#6076,.F.);
#6076 = EDGE_CURVE('',#1660,#4192,#6077,.T.);
#6077 = LINE('',#6078,#6079);
#6078 = CARTESIAN_POINT('',(6.6,2.81,-0.4));
#6079 = VECTOR('',#6080,1.);
#6080 = DIRECTION('',(-1.,0.,0.));
#6081 = ORIENTED_EDGE('',*,*,#1659,.F.);
#6082 = ORIENTED_EDGE('',*,*,#6083,.T.);
#6083 = EDGE_CURVE('',#1652,#4190,#6084,.T.);
#6084 = LINE('',#6085,#6086);
#6085 = CARTESIAN_POINT('',(6.6,5.19,-0.4));
#6086 = VECTOR('',#6087,1.);
#6087 = DIRECTION('',(-1.,0.,0.));
#6088 = ORIENTED_EDGE('',*,*,#4189,.T.);
#6089 = PLANE('',#6090);
#6090 = AXIS2_PLACEMENT_3D('',#6091,#6092,#6093);
#6091 = CARTESIAN_POINT('',(6.6,5.19,-0.4));
#6092 = DIRECTION('',(0.,0.,1.));
#6093 = DIRECTION('',(1.,0.,-0.));
#6094 = ADVANCED_FACE('',(#6095),#6134,.T.);
#6095 = FACE_BOUND('',#6096,.T.);
#6096 = EDGE_LOOP('',(#6097,#6105,#6113,#6119,#6120,#6126,#6127,#6133));
#6097 = ORIENTED_EDGE('',*,*,#6098,.F.);
#6098 = EDGE_CURVE('',#6099,#1644,#6101,.T.);
#6099 = VERTEX_POINT('',#6100);
#6100 = CARTESIAN_POINT('',(6.277942474475,4.875,5.25));
#6101 = LINE('',#6102,#6103);
#6102 = CARTESIAN_POINT('',(6.25,4.875,5.25));
#6103 = VECTOR('',#6104,1.);
#6104 = DIRECTION('',(1.,0.,0.));
#6105 = ORIENTED_EDGE('',*,*,#6106,.T.);
#6106 = EDGE_CURVE('',#6099,#6107,#6109,.T.);
#6107 = VERTEX_POINT('',#6108);
#6108 = CARTESIAN_POINT('',(6.277942474475,3.125,5.25));
#6109 = LINE('',#6110,#6111);
#6110 = CARTESIAN_POINT('',(6.277942474475,5.19,5.25));
#6111 = VECTOR('',#6112,1.);
#6112 = DIRECTION('',(0.,-1.,0.));
#6113 = ORIENTED_EDGE('',*,*,#6114,.T.);
#6114 = EDGE_CURVE('',#6107,#1676,#6115,.T.);
#6115 = LINE('',#6116,#6117);
#6116 = CARTESIAN_POINT('',(6.25,3.125,5.25));
#6117 = VECTOR('',#6118,1.);
#6118 = DIRECTION('',(1.,0.,0.));
#6119 = ORIENTED_EDGE('',*,*,#1675,.T.);
#6120 = ORIENTED_EDGE('',*,*,#6121,.F.);
#6121 = EDGE_CURVE('',#4208,#1668,#6122,.T.);
#6122 = LINE('',#6123,#6124);
#6123 = CARTESIAN_POINT('',(6.25,2.81,5.25));
#6124 = VECTOR('',#6125,1.);
#6125 = DIRECTION('',(1.,0.,0.));
#6126 = ORIENTED_EDGE('',*,*,#4207,.F.);
#6127 = ORIENTED_EDGE('',*,*,#6128,.T.);
#6128 = EDGE_CURVE('',#4200,#1642,#6129,.T.);
#6129 = LINE('',#6130,#6131);
#6130 = CARTESIAN_POINT('',(6.25,5.19,5.25));
#6131 = VECTOR('',#6132,1.);
#6132 = DIRECTION('',(1.,0.,0.));
#6133 = ORIENTED_EDGE('',*,*,#1641,.T.);
#6134 = PLANE('',#6135);
#6135 = AXIS2_PLACEMENT_3D('',#6136,#6137,#6138);
#6136 = CARTESIAN_POINT('',(6.25,5.19,5.25));
#6137 = DIRECTION('',(0.,0.,-1.));
#6138 = DIRECTION('',(-1.,0.,0.));
#6139 = ADVANCED_FACE('',(#6140),#6146,.F.);
#6140 = FACE_BOUND('',#6141,.T.);
#6141 = EDGE_LOOP('',(#6142,#6143,#6144,#6145));
#6142 = ORIENTED_EDGE('',*,*,#6083,.F.);
#6143 = ORIENTED_EDGE('',*,*,#1651,.F.);
#6144 = ORIENTED_EDGE('',*,*,#6128,.F.);
#6145 = ORIENTED_EDGE('',*,*,#4199,.F.);
#6146 = PLANE('',#6147);
#6147 = AXIS2_PLACEMENT_3D('',#6148,#6149,#6150);
#6148 = CARTESIAN_POINT('',(0.,5.19,0.));
#6149 = DIRECTION('',(0.,1.,0.));
#6150 = DIRECTION('',(0.,-0.,1.));
#6151 = ADVANCED_FACE('',(#6152),#6158,.T.);
#6152 = FACE_BOUND('',#6153,.T.);
#6153 = EDGE_LOOP('',(#6154,#6155,#6156,#6157));
#6154 = ORIENTED_EDGE('',*,*,#6076,.T.);
#6155 = ORIENTED_EDGE('',*,*,#4215,.T.);
#6156 = ORIENTED_EDGE('',*,*,#6121,.T.);
#6157 = ORIENTED_EDGE('',*,*,#1667,.T.);
#6158 = PLANE('',#6159);
#6159 = AXIS2_PLACEMENT_3D('',#6160,#6161,#6162);
#6160 = CARTESIAN_POINT('',(0.,2.81,0.));
#6161 = DIRECTION('',(0.,1.,0.));
#6162 = DIRECTION('',(0.,-0.,1.));
#6163 = ADVANCED_FACE('',(#6164),#6189,.F.);
#6164 = FACE_BOUND('',#6165,.T.);
#6165 = EDGE_LOOP('',(#6166,#6174,#6175,#6183));
#6166 = ORIENTED_EDGE('',*,*,#6167,.T.);
#6167 = EDGE_CURVE('',#6168,#1829,#6170,.T.);
#6168 = VERTEX_POINT('',#6169);
#6169 = CARTESIAN_POINT('',(-6.192788074281,3.125,1.664820697767));
#6170 = LINE('',#6171,#6172);
#6171 = CARTESIAN_POINT('',(-6.192788074281,3.125,1.664820697767));
#6172 = VECTOR('',#6173,1.);
#6173 = DIRECTION('',(-0.112856384873,0.,0.99361131052));
#6174 = ORIENTED_EDGE('',*,*,#1828,.F.);
#6175 = ORIENTED_EDGE('',*,*,#6176,.F.);
#6176 = EDGE_CURVE('',#6177,#1821,#6179,.T.);
#6177 = VERTEX_POINT('',#6178);
#6178 = CARTESIAN_POINT('',(-6.192788074281,4.875,1.664820697767));
#6179 = LINE('',#6180,#6181);
#6180 = CARTESIAN_POINT('',(-6.192788074281,4.875,1.664820697767));
#6181 = VECTOR('',#6182,1.);
#6182 = DIRECTION('',(-0.112856384873,0.,0.99361131052));
#6183 = ORIENTED_EDGE('',*,*,#6184,.T.);
#6184 = EDGE_CURVE('',#6177,#6168,#6185,.T.);
#6185 = LINE('',#6186,#6187);
#6186 = CARTESIAN_POINT('',(-6.192788074281,4.875,1.664820697767));
#6187 = VECTOR('',#6188,1.);
#6188 = DIRECTION('',(0.,-1.,0.));
#6189 = PLANE('',#6190);
#6190 = AXIS2_PLACEMENT_3D('',#6191,#6192,#6193);
#6191 = CARTESIAN_POINT('',(-6.192788074281,4.875,1.664820697767));
#6192 = DIRECTION('',(0.99361131052,0.,0.112856384873));
#6193 = DIRECTION('',(0.112856384873,0.,-0.99361131052));
#6194 = ADVANCED_FACE('',(#6195),#6220,.F.);
#6195 = FACE_BOUND('',#6196,.T.);
#6196 = EDGE_LOOP('',(#6197,#6198,#6206,#6214));
#6197 = ORIENTED_EDGE('',*,*,#6038,.F.);
#6198 = ORIENTED_EDGE('',*,*,#6199,.T.);
#6199 = EDGE_CURVE('',#6031,#6200,#6202,.T.);
#6200 = VERTEX_POINT('',#6201);
#6201 = CARTESIAN_POINT('',(-5.874555505389,3.125,1.698496419149));
#6202 = LINE('',#6203,#6204);
#6203 = CARTESIAN_POINT('',(-6.282044380634,3.125,5.28611404316));
#6204 = VECTOR('',#6205,1.);
#6205 = DIRECTION('',(0.112856384873,0.,-0.99361131052));
#6206 = ORIENTED_EDGE('',*,*,#6207,.F.);
#6207 = EDGE_CURVE('',#6208,#6200,#6210,.T.);
#6208 = VERTEX_POINT('',#6209);
#6209 = CARTESIAN_POINT('',(-5.874555505389,4.875,1.698496419149));
#6210 = LINE('',#6211,#6212);
#6211 = CARTESIAN_POINT('',(-5.874555505389,4.875,1.698496419149));
#6212 = VECTOR('',#6213,1.);
#6213 = DIRECTION('',(0.,-1.,0.));
#6214 = ORIENTED_EDGE('',*,*,#6215,.F.);
#6215 = EDGE_CURVE('',#6008,#6208,#6216,.T.);
#6216 = LINE('',#6217,#6218);
#6217 = CARTESIAN_POINT('',(-6.282044380634,4.875,5.28611404316));
#6218 = VECTOR('',#6219,1.);
#6219 = DIRECTION('',(0.112856384873,0.,-0.99361131052));
#6220 = PLANE('',#6221);
#6221 = AXIS2_PLACEMENT_3D('',#6222,#6223,#6224);
#6222 = CARTESIAN_POINT('',(-6.282044380634,4.875,5.28611404316));
#6223 = DIRECTION('',(-0.99361131052,0.,-0.112856384873));
#6224 = DIRECTION('',(-0.112856384873,0.,0.99361131052));
#6225 = ADVANCED_FACE('',(#6226),#6253,.T.);
#6226 = FACE_BOUND('',#6227,.T.);
#6227 = EDGE_LOOP('',(#6228,#6237,#6245,#6252));
#6228 = ORIENTED_EDGE('',*,*,#6229,.T.);
#6229 = EDGE_CURVE('',#6200,#6230,#6232,.T.);
#6230 = VERTEX_POINT('',#6231);
#6231 = CARTESIAN_POINT('',(-5.88007431614,3.125,0.848916624061));
#6232 = CIRCLE('',#6233,4.07);
#6233 = AXIS2_PLACEMENT_3D('',#6234,#6235,#6236);
#6234 = CARTESIAN_POINT('',(-9.925,3.125,1.3));
#6235 = DIRECTION('',(-0.,1.,0.));
#6236 = DIRECTION('',(1.,0.,0.));
#6237 = ORIENTED_EDGE('',*,*,#6238,.F.);
#6238 = EDGE_CURVE('',#6239,#6230,#6241,.T.);
#6239 = VERTEX_POINT('',#6240);
#6240 = CARTESIAN_POINT('',(-5.88007431614,4.875,0.848916624061));
#6241 = LINE('',#6242,#6243);
#6242 = CARTESIAN_POINT('',(-5.88007431614,4.875,0.848916624061));
#6243 = VECTOR('',#6244,1.);
#6244 = DIRECTION('',(0.,-1.,0.));
#6245 = ORIENTED_EDGE('',*,*,#6246,.F.);
#6246 = EDGE_CURVE('',#6208,#6239,#6247,.T.);
#6247 = CIRCLE('',#6248,4.07);
#6248 = AXIS2_PLACEMENT_3D('',#6249,#6250,#6251);
#6249 = CARTESIAN_POINT('',(-9.925,4.875,1.3));
#6250 = DIRECTION('',(-0.,1.,0.));
#6251 = DIRECTION('',(1.,0.,0.));
#6252 = ORIENTED_EDGE('',*,*,#6207,.T.);
#6253 = CYLINDRICAL_SURFACE('',#6254,4.07);
#6254 = AXIS2_PLACEMENT_3D('',#6255,#6256,#6257);
#6255 = CARTESIAN_POINT('',(-9.925,4.875,1.3));
#6256 = DIRECTION('',(0.,-1.,0.));
#6257 = DIRECTION('',(0.,0.,-1.));
#6258 = ADVANCED_FACE('',(#6259),#6284,.F.);
#6259 = FACE_BOUND('',#6260,.T.);
#6260 = EDGE_LOOP('',(#6261,#6269,#6277,#6283));
#6261 = ORIENTED_EDGE('',*,*,#6262,.T.);
#6262 = EDGE_CURVE('',#6230,#6263,#6265,.T.);
#6263 = VERTEX_POINT('',#6264);
#6264 = CARTESIAN_POINT('',(-5.961971445004,3.125,0.114533985184));
#6265 = LINE('',#6266,#6267);
#6266 = CARTESIAN_POINT('',(-5.88007431614,3.125,0.848916624061));
#6267 = VECTOR('',#6268,1.);
#6268 = DIRECTION('',(-0.110831296299,0.,-0.993839234364));
#6269 = ORIENTED_EDGE('',*,*,#6270,.F.);
#6270 = EDGE_CURVE('',#6271,#6263,#6273,.T.);
#6271 = VERTEX_POINT('',#6272);
#6272 = CARTESIAN_POINT('',(-5.961971445004,4.875,0.114533985184));
#6273 = LINE('',#6274,#6275);
#6274 = CARTESIAN_POINT('',(-5.961971445004,4.875,0.114533985184));
#6275 = VECTOR('',#6276,1.);
#6276 = DIRECTION('',(0.,-1.,0.));
#6277 = ORIENTED_EDGE('',*,*,#6278,.F.);
#6278 = EDGE_CURVE('',#6239,#6271,#6279,.T.);
#6279 = LINE('',#6280,#6281);
#6280 = CARTESIAN_POINT('',(-5.88007431614,4.875,0.848916624061));
#6281 = VECTOR('',#6282,1.);
#6282 = DIRECTION('',(-0.110831296299,0.,-0.993839234364));
#6283 = ORIENTED_EDGE('',*,*,#6238,.T.);
#6284 = PLANE('',#6285);
#6285 = AXIS2_PLACEMENT_3D('',#6286,#6287,#6288);
#6286 = CARTESIAN_POINT('',(-5.88007431614,4.875,0.848916624061));
#6287 = DIRECTION('',(-0.993839234364,0.,0.110831296299));
#6288 = DIRECTION('',(0.110831296299,0.,0.993839234364));
#6289 = ADVANCED_FACE('',(#6290),#6315,.F.);
#6290 = FACE_BOUND('',#6291,.T.);
#6291 = EDGE_LOOP('',(#6292,#6300,#6308,#6314));
#6292 = ORIENTED_EDGE('',*,*,#6293,.T.);
#6293 = EDGE_CURVE('',#6263,#6294,#6296,.T.);
#6294 = VERTEX_POINT('',#6295);
#6295 = CARTESIAN_POINT('',(-6.28,3.125,0.15));
#6296 = LINE('',#6297,#6298);
#6297 = CARTESIAN_POINT('',(-5.961971445004,3.125,0.114533985184));
#6298 = VECTOR('',#6299,1.);
#6299 = DIRECTION('',(-0.993839234364,0.,0.110831296299));
#6300 = ORIENTED_EDGE('',*,*,#6301,.F.);
#6301 = EDGE_CURVE('',#6302,#6294,#6304,.T.);
#6302 = VERTEX_POINT('',#6303);
#6303 = CARTESIAN_POINT('',(-6.28,4.875,0.15));
#6304 = LINE('',#6305,#6306);
#6305 = CARTESIAN_POINT('',(-6.28,4.875,0.15));
#6306 = VECTOR('',#6307,1.);
#6307 = DIRECTION('',(0.,-1.,0.));
#6308 = ORIENTED_EDGE('',*,*,#6309,.F.);
#6309 = EDGE_CURVE('',#6271,#6302,#6310,.T.);
#6310 = LINE('',#6311,#6312);
#6311 = CARTESIAN_POINT('',(-5.961971445004,4.875,0.114533985184));
#6312 = VECTOR('',#6313,1.);
#6313 = DIRECTION('',(-0.993839234364,0.,0.110831296299));
#6314 = ORIENTED_EDGE('',*,*,#6270,.T.);
#6315 = PLANE('',#6316);
#6316 = AXIS2_PLACEMENT_3D('',#6317,#6318,#6319);
#6317 = CARTESIAN_POINT('',(-5.961971445004,4.875,0.114533985184));
#6318 = DIRECTION('',(0.110831296299,0.,0.993839234364));
#6319 = DIRECTION('',(0.993839234364,0.,-0.110831296299));
#6320 = ADVANCED_FACE('',(#6321),#6346,.F.);
#6321 = FACE_BOUND('',#6322,.T.);
#6322 = EDGE_LOOP('',(#6323,#6331,#6339,#6345));
#6323 = ORIENTED_EDGE('',*,*,#6324,.T.);
#6324 = EDGE_CURVE('',#6294,#6325,#6327,.T.);
#6325 = VERTEX_POINT('',#6326);
#6326 = CARTESIAN_POINT('',(-6.198102871136,3.125,0.884382638877));
#6327 = LINE('',#6328,#6329);
#6328 = CARTESIAN_POINT('',(-6.28,3.125,0.15));
#6329 = VECTOR('',#6330,1.);
#6330 = DIRECTION('',(0.110831296299,0.,0.993839234364));
#6331 = ORIENTED_EDGE('',*,*,#6332,.F.);
#6332 = EDGE_CURVE('',#6333,#6325,#6335,.T.);
#6333 = VERTEX_POINT('',#6334);
#6334 = CARTESIAN_POINT('',(-6.198102871136,4.875,0.884382638877));
#6335 = LINE('',#6336,#6337);
#6336 = CARTESIAN_POINT('',(-6.198102871136,4.875,0.884382638877));
#6337 = VECTOR('',#6338,1.);
#6338 = DIRECTION('',(0.,-1.,0.));
#6339 = ORIENTED_EDGE('',*,*,#6340,.F.);
#6340 = EDGE_CURVE('',#6302,#6333,#6341,.T.);
#6341 = LINE('',#6342,#6343);
#6342 = CARTESIAN_POINT('',(-6.28,4.875,0.15));
#6343 = VECTOR('',#6344,1.);
#6344 = DIRECTION('',(0.110831296299,0.,0.993839234364));
#6345 = ORIENTED_EDGE('',*,*,#6301,.T.);
#6346 = PLANE('',#6347);
#6347 = AXIS2_PLACEMENT_3D('',#6348,#6349,#6350);
#6348 = CARTESIAN_POINT('',(-6.28,4.875,0.15));
#6349 = DIRECTION('',(0.993839234364,0.,-0.110831296299));
#6350 = DIRECTION('',(-0.110831296299,0.,-0.993839234364));
#6351 = ADVANCED_FACE('',(#6352),#6370,.F.);
#6352 = FACE_BOUND('',#6353,.F.);
#6353 = EDGE_LOOP('',(#6354,#6355,#6362,#6363));
#6354 = ORIENTED_EDGE('',*,*,#6332,.F.);
#6355 = ORIENTED_EDGE('',*,*,#6356,.F.);
#6356 = EDGE_CURVE('',#6177,#6333,#6357,.T.);
#6357 = CIRCLE('',#6358,3.75);
#6358 = AXIS2_PLACEMENT_3D('',#6359,#6360,#6361);
#6359 = CARTESIAN_POINT('',(-9.925,4.875,1.3));
#6360 = DIRECTION('',(-0.,1.,0.));
#6361 = DIRECTION('',(1.,0.,0.));
#6362 = ORIENTED_EDGE('',*,*,#6184,.T.);
#6363 = ORIENTED_EDGE('',*,*,#6364,.T.);
#6364 = EDGE_CURVE('',#6168,#6325,#6365,.T.);
#6365 = CIRCLE('',#6366,3.75);
#6366 = AXIS2_PLACEMENT_3D('',#6367,#6368,#6369);
#6367 = CARTESIAN_POINT('',(-9.925,3.125,1.3));
#6368 = DIRECTION('',(-0.,1.,0.));
#6369 = DIRECTION('',(1.,0.,0.));
#6370 = CYLINDRICAL_SURFACE('',#6371,3.75);
#6371 = AXIS2_PLACEMENT_3D('',#6372,#6373,#6374);
#6372 = CARTESIAN_POINT('',(-9.925,4.875,1.3));
#6373 = DIRECTION('',(0.,-1.,0.));
#6374 = DIRECTION('',(0.,0.,-1.));
#6375 = ADVANCED_FACE('',(#6376),#6386,.T.);
#6376 = FACE_BOUND('',#6377,.T.);
#6377 = EDGE_LOOP('',(#6378,#6379,#6380,#6381,#6382,#6383,#6384,#6385));
#6378 = ORIENTED_EDGE('',*,*,#6176,.T.);
#6379 = ORIENTED_EDGE('',*,*,#6007,.T.);
#6380 = ORIENTED_EDGE('',*,*,#6215,.T.);
#6381 = ORIENTED_EDGE('',*,*,#6246,.T.);
#6382 = ORIENTED_EDGE('',*,*,#6278,.T.);
#6383 = ORIENTED_EDGE('',*,*,#6309,.T.);
#6384 = ORIENTED_EDGE('',*,*,#6340,.T.);
#6385 = ORIENTED_EDGE('',*,*,#6356,.F.);
#6386 = PLANE('',#6387);
#6387 = AXIS2_PLACEMENT_3D('',#6388,#6389,#6390);
#6388 = CARTESIAN_POINT('',(-9.925,4.875,1.3));
#6389 = DIRECTION('',(0.,1.,0.));
#6390 = DIRECTION('',(0.,-0.,1.));
#6391 = ADVANCED_FACE('',(#6392),#6402,.F.);
#6392 = FACE_BOUND('',#6393,.T.);
#6393 = EDGE_LOOP('',(#6394,#6395,#6396,#6397,#6398,#6399,#6400,#6401));
#6394 = ORIENTED_EDGE('',*,*,#6030,.F.);
#6395 = ORIENTED_EDGE('',*,*,#6167,.F.);
#6396 = ORIENTED_EDGE('',*,*,#6364,.T.);
#6397 = ORIENTED_EDGE('',*,*,#6324,.F.);
#6398 = ORIENTED_EDGE('',*,*,#6293,.F.);
#6399 = ORIENTED_EDGE('',*,*,#6262,.F.);
#6400 = ORIENTED_EDGE('',*,*,#6229,.F.);
#6401 = ORIENTED_EDGE('',*,*,#6199,.F.);
#6402 = PLANE('',#6403);
#6403 = AXIS2_PLACEMENT_3D('',#6404,#6405,#6406);
#6404 = CARTESIAN_POINT('',(-9.925,3.125,1.3));
#6405 = DIRECTION('',(0.,1.,0.));
#6406 = DIRECTION('',(0.,-0.,1.));
#6407 = ADVANCED_FACE('',(#6408),#6442,.F.);
#6408 = FACE_BOUND('',#6409,.T.);
#6409 = EDGE_LOOP('',(#6410,#6420,#6428,#6436));
#6410 = ORIENTED_EDGE('',*,*,#6411,.T.);
#6411 = EDGE_CURVE('',#6412,#6414,#6416,.T.);
#6412 = VERTEX_POINT('',#6413);
#6413 = CARTESIAN_POINT('',(5.961971445004,3.125,0.114533985184));
#6414 = VERTEX_POINT('',#6415);
#6415 = CARTESIAN_POINT('',(5.88007431614,3.125,0.848916624061));
#6416 = LINE('',#6417,#6418);
#6417 = CARTESIAN_POINT('',(5.961971445004,3.125,0.114533985184));
#6418 = VECTOR('',#6419,1.);
#6419 = DIRECTION('',(-0.110831296299,0.,0.993839234364));
#6420 = ORIENTED_EDGE('',*,*,#6421,.F.);
#6421 = EDGE_CURVE('',#6422,#6414,#6424,.T.);
#6422 = VERTEX_POINT('',#6423);
#6423 = CARTESIAN_POINT('',(5.88007431614,4.875,0.848916624061));
#6424 = LINE('',#6425,#6426);
#6425 = CARTESIAN_POINT('',(5.88007431614,4.875,0.848916624061));
#6426 = VECTOR('',#6427,1.);
#6427 = DIRECTION('',(0.,-1.,0.));
#6428 = ORIENTED_EDGE('',*,*,#6429,.F.);
#6429 = EDGE_CURVE('',#6430,#6422,#6432,.T.);
#6430 = VERTEX_POINT('',#6431);
#6431 = CARTESIAN_POINT('',(5.961971445004,4.875,0.114533985184));
#6432 = LINE('',#6433,#6434);
#6433 = CARTESIAN_POINT('',(5.961971445004,4.875,0.114533985184));
#6434 = VECTOR('',#6435,1.);
#6435 = DIRECTION('',(-0.110831296299,0.,0.993839234364));
#6436 = ORIENTED_EDGE('',*,*,#6437,.T.);
#6437 = EDGE_CURVE('',#6430,#6412,#6438,.T.);
#6438 = LINE('',#6439,#6440);
#6439 = CARTESIAN_POINT('',(5.961971445004,4.875,0.114533985184));
#6440 = VECTOR('',#6441,1.);
#6441 = DIRECTION('',(0.,-1.,0.));
#6442 = PLANE('',#6443);
#6443 = AXIS2_PLACEMENT_3D('',#6444,#6445,#6446);
#6444 = CARTESIAN_POINT('',(5.961971445004,4.875,0.114533985184));
#6445 = DIRECTION('',(0.993839234364,0.,0.110831296299));
#6446 = DIRECTION('',(0.110831296299,0.,-0.993839234364));
#6447 = ADVANCED_FACE('',(#6448),#6475,.T.);
#6448 = FACE_BOUND('',#6449,.T.);
#6449 = EDGE_LOOP('',(#6450,#6459,#6467,#6474));
#6450 = ORIENTED_EDGE('',*,*,#6451,.T.);
#6451 = EDGE_CURVE('',#6414,#6452,#6454,.T.);
#6452 = VERTEX_POINT('',#6453);
#6453 = CARTESIAN_POINT('',(5.874555505389,3.125,1.698496419149));
#6454 = CIRCLE('',#6455,4.07);
#6455 = AXIS2_PLACEMENT_3D('',#6456,#6457,#6458);
#6456 = CARTESIAN_POINT('',(9.925,3.125,1.3));
#6457 = DIRECTION('',(-0.,1.,0.));
#6458 = DIRECTION('',(1.,0.,0.));
#6459 = ORIENTED_EDGE('',*,*,#6460,.F.);
#6460 = EDGE_CURVE('',#6461,#6452,#6463,.T.);
#6461 = VERTEX_POINT('',#6462);
#6462 = CARTESIAN_POINT('',(5.874555505389,4.875,1.698496419149));
#6463 = LINE('',#6464,#6465);
#6464 = CARTESIAN_POINT('',(5.874555505389,4.875,1.698496419149));
#6465 = VECTOR('',#6466,1.);
#6466 = DIRECTION('',(0.,-1.,0.));
#6467 = ORIENTED_EDGE('',*,*,#6468,.F.);
#6468 = EDGE_CURVE('',#6422,#6461,#6469,.T.);
#6469 = CIRCLE('',#6470,4.07);
#6470 = AXIS2_PLACEMENT_3D('',#6471,#6472,#6473);
#6471 = CARTESIAN_POINT('',(9.925,4.875,1.3));
#6472 = DIRECTION('',(-0.,1.,0.));
#6473 = DIRECTION('',(1.,0.,0.));
#6474 = ORIENTED_EDGE('',*,*,#6421,.T.);
#6475 = CYLINDRICAL_SURFACE('',#6476,4.07);
#6476 = AXIS2_PLACEMENT_3D('',#6477,#6478,#6479);
#6477 = CARTESIAN_POINT('',(9.925,4.875,1.3));
#6478 = DIRECTION('',(0.,-1.,0.));
#6479 = DIRECTION('',(0.,0.,-1.));
#6480 = ADVANCED_FACE('',(#6481),#6497,.F.);
#6481 = FACE_BOUND('',#6482,.T.);
#6482 = EDGE_LOOP('',(#6483,#6484,#6490,#6491));
#6483 = ORIENTED_EDGE('',*,*,#6106,.F.);
#6484 = ORIENTED_EDGE('',*,*,#6485,.F.);
#6485 = EDGE_CURVE('',#6461,#6099,#6486,.T.);
#6486 = LINE('',#6487,#6488);
#6487 = CARTESIAN_POINT('',(5.874555505389,4.875,1.698496419149));
#6488 = VECTOR('',#6489,1.);
#6489 = DIRECTION('',(0.112856384873,0.,0.99361131052));
#6490 = ORIENTED_EDGE('',*,*,#6460,.T.);
#6491 = ORIENTED_EDGE('',*,*,#6492,.T.);
#6492 = EDGE_CURVE('',#6452,#6107,#6493,.T.);
#6493 = LINE('',#6494,#6495);
#6494 = CARTESIAN_POINT('',(5.874555505389,3.125,1.698496419149));
#6495 = VECTOR('',#6496,1.);
#6496 = DIRECTION('',(0.112856384873,0.,0.99361131052));
#6497 = PLANE('',#6498);
#6498 = AXIS2_PLACEMENT_3D('',#6499,#6500,#6501);
#6499 = CARTESIAN_POINT('',(5.874555505389,4.875,1.698496419149));
#6500 = DIRECTION('',(0.99361131052,0.,-0.112856384873));
#6501 = DIRECTION('',(-0.112856384873,0.,-0.99361131052));
#6502 = ADVANCED_FACE('',(#6503),#6528,.F.);
#6503 = FACE_BOUND('',#6504,.T.);
#6504 = EDGE_LOOP('',(#6505,#6513,#6521,#6527));
#6505 = ORIENTED_EDGE('',*,*,#6506,.T.);
#6506 = EDGE_CURVE('',#1676,#6507,#6509,.T.);
#6507 = VERTEX_POINT('',#6508);
#6508 = CARTESIAN_POINT('',(6.192788074281,3.125,1.664820697767));
#6509 = LINE('',#6510,#6511);
#6510 = CARTESIAN_POINT('',(6.6,3.125,5.25));
#6511 = VECTOR('',#6512,1.);
#6512 = DIRECTION('',(-0.112856384873,0.,-0.99361131052));
#6513 = ORIENTED_EDGE('',*,*,#6514,.F.);
#6514 = EDGE_CURVE('',#6515,#6507,#6517,.T.);
#6515 = VERTEX_POINT('',#6516);
#6516 = CARTESIAN_POINT('',(6.192788074281,4.875,1.664820697767));
#6517 = LINE('',#6518,#6519);
#6518 = CARTESIAN_POINT('',(6.192788074281,4.875,1.664820697767));
#6519 = VECTOR('',#6520,1.);
#6520 = DIRECTION('',(0.,-1.,0.));
#6521 = ORIENTED_EDGE('',*,*,#6522,.F.);
#6522 = EDGE_CURVE('',#1644,#6515,#6523,.T.);
#6523 = LINE('',#6524,#6525);
#6524 = CARTESIAN_POINT('',(6.6,4.875,5.25));
#6525 = VECTOR('',#6526,1.);
#6526 = DIRECTION('',(-0.112856384873,0.,-0.99361131052));
#6527 = ORIENTED_EDGE('',*,*,#1683,.T.);
#6528 = PLANE('',#6529);
#6529 = AXIS2_PLACEMENT_3D('',#6530,#6531,#6532);
#6530 = CARTESIAN_POINT('',(6.6,4.875,5.25));
#6531 = DIRECTION('',(-0.99361131052,0.,0.112856384873));
#6532 = DIRECTION('',(0.112856384873,0.,0.99361131052));
#6533 = ADVANCED_FACE('',(#6534),#6561,.F.);
#6534 = FACE_BOUND('',#6535,.F.);
#6535 = EDGE_LOOP('',(#6536,#6537,#6546,#6554));
#6536 = ORIENTED_EDGE('',*,*,#6514,.F.);
#6537 = ORIENTED_EDGE('',*,*,#6538,.F.);
#6538 = EDGE_CURVE('',#6539,#6515,#6541,.T.);
#6539 = VERTEX_POINT('',#6540);
#6540 = CARTESIAN_POINT('',(6.198102871136,4.875,0.884382638877));
#6541 = CIRCLE('',#6542,3.75);
#6542 = AXIS2_PLACEMENT_3D('',#6543,#6544,#6545);
#6543 = CARTESIAN_POINT('',(9.925,4.875,1.3));
#6544 = DIRECTION('',(-0.,1.,0.));
#6545 = DIRECTION('',(1.,0.,0.));
#6546 = ORIENTED_EDGE('',*,*,#6547,.T.);
#6547 = EDGE_CURVE('',#6539,#6548,#6550,.T.);
#6548 = VERTEX_POINT('',#6549);
#6549 = CARTESIAN_POINT('',(6.198102871136,3.125,0.884382638877));
#6550 = LINE('',#6551,#6552);
#6551 = CARTESIAN_POINT('',(6.198102871136,4.875,0.884382638877));
#6552 = VECTOR('',#6553,1.);
#6553 = DIRECTION('',(0.,-1.,0.));
#6554 = ORIENTED_EDGE('',*,*,#6555,.T.);
#6555 = EDGE_CURVE('',#6548,#6507,#6556,.T.);
#6556 = CIRCLE('',#6557,3.75);
#6557 = AXIS2_PLACEMENT_3D('',#6558,#6559,#6560);
#6558 = CARTESIAN_POINT('',(9.925,3.125,1.3));
#6559 = DIRECTION('',(-0.,1.,0.));
#6560 = DIRECTION('',(1.,0.,0.));
#6561 = CYLINDRICAL_SURFACE('',#6562,3.75);
#6562 = AXIS2_PLACEMENT_3D('',#6563,#6564,#6565);
#6563 = CARTESIAN_POINT('',(9.925,4.875,1.3));
#6564 = DIRECTION('',(0.,-1.,0.));
#6565 = DIRECTION('',(0.,0.,-1.));
#6566 = ADVANCED_FACE('',(#6567),#6592,.F.);
#6567 = FACE_BOUND('',#6568,.T.);
#6568 = EDGE_LOOP('',(#6569,#6577,#6585,#6591));
#6569 = ORIENTED_EDGE('',*,*,#6570,.T.);
#6570 = EDGE_CURVE('',#6548,#6571,#6573,.T.);
#6571 = VERTEX_POINT('',#6572);
#6572 = CARTESIAN_POINT('',(6.28,3.125,0.15));
#6573 = LINE('',#6574,#6575);
#6574 = CARTESIAN_POINT('',(6.198102871136,3.125,0.884382638877));
#6575 = VECTOR('',#6576,1.);
#6576 = DIRECTION('',(0.110831296299,0.,-0.993839234364));
#6577 = ORIENTED_EDGE('',*,*,#6578,.F.);
#6578 = EDGE_CURVE('',#6579,#6571,#6581,.T.);
#6579 = VERTEX_POINT('',#6580);
#6580 = CARTESIAN_POINT('',(6.28,4.875,0.15));
#6581 = LINE('',#6582,#6583);
#6582 = CARTESIAN_POINT('',(6.28,4.875,0.15));
#6583 = VECTOR('',#6584,1.);
#6584 = DIRECTION('',(0.,-1.,0.));
#6585 = ORIENTED_EDGE('',*,*,#6586,.F.);
#6586 = EDGE_CURVE('',#6539,#6579,#6587,.T.);
#6587 = LINE('',#6588,#6589);
#6588 = CARTESIAN_POINT('',(6.198102871136,4.875,0.884382638877));
#6589 = VECTOR('',#6590,1.);
#6590 = DIRECTION('',(0.110831296299,0.,-0.993839234364));
#6591 = ORIENTED_EDGE('',*,*,#6547,.T.);
#6592 = PLANE('',#6593);
#6593 = AXIS2_PLACEMENT_3D('',#6594,#6595,#6596);
#6594 = CARTESIAN_POINT('',(6.198102871136,4.875,0.884382638877));
#6595 = DIRECTION('',(-0.993839234364,0.,-0.110831296299));
#6596 = DIRECTION('',(-0.110831296299,0.,0.993839234364));
#6597 = ADVANCED_FACE('',(#6598),#6614,.F.);
#6598 = FACE_BOUND('',#6599,.T.);
#6599 = EDGE_LOOP('',(#6600,#6606,#6607,#6613));
#6600 = ORIENTED_EDGE('',*,*,#6601,.T.);
#6601 = EDGE_CURVE('',#6571,#6412,#6602,.T.);
#6602 = LINE('',#6603,#6604);
#6603 = CARTESIAN_POINT('',(6.28,3.125,0.15));
#6604 = VECTOR('',#6605,1.);
#6605 = DIRECTION('',(-0.993839234364,0.,-0.110831296299));
#6606 = ORIENTED_EDGE('',*,*,#6437,.F.);
#6607 = ORIENTED_EDGE('',*,*,#6608,.F.);
#6608 = EDGE_CURVE('',#6579,#6430,#6609,.T.);
#6609 = LINE('',#6610,#6611);
#6610 = CARTESIAN_POINT('',(6.28,4.875,0.15));
#6611 = VECTOR('',#6612,1.);
#6612 = DIRECTION('',(-0.993839234364,0.,-0.110831296299));
#6613 = ORIENTED_EDGE('',*,*,#6578,.T.);
#6614 = PLANE('',#6615);
#6615 = AXIS2_PLACEMENT_3D('',#6616,#6617,#6618);
#6616 = CARTESIAN_POINT('',(6.28,4.875,0.15));
#6617 = DIRECTION('',(-0.110831296299,0.,0.993839234364));
#6618 = DIRECTION('',(0.993839234364,0.,0.110831296299));
#6619 = ADVANCED_FACE('',(#6620),#6630,.T.);
#6620 = FACE_BOUND('',#6621,.T.);
#6621 = EDGE_LOOP('',(#6622,#6623,#6624,#6625,#6626,#6627,#6628,#6629));
#6622 = ORIENTED_EDGE('',*,*,#6485,.T.);
#6623 = ORIENTED_EDGE('',*,*,#6098,.T.);
#6624 = ORIENTED_EDGE('',*,*,#6522,.T.);
#6625 = ORIENTED_EDGE('',*,*,#6538,.F.);
#6626 = ORIENTED_EDGE('',*,*,#6586,.T.);
#6627 = ORIENTED_EDGE('',*,*,#6608,.T.);
#6628 = ORIENTED_EDGE('',*,*,#6429,.T.);
#6629 = ORIENTED_EDGE('',*,*,#6468,.T.);
#6630 = PLANE('',#6631);
#6631 = AXIS2_PLACEMENT_3D('',#6632,#6633,#6634);
#6632 = CARTESIAN_POINT('',(9.925,4.875,1.3));
#6633 = DIRECTION('',(0.,1.,0.));
#6634 = DIRECTION('',(0.,-0.,1.));
#6635 = ADVANCED_FACE('',(#6636),#6646,.F.);
#6636 = FACE_BOUND('',#6637,.T.);
#6637 = EDGE_LOOP('',(#6638,#6639,#6640,#6641,#6642,#6643,#6644,#6645));
#6638 = ORIENTED_EDGE('',*,*,#6114,.F.);
#6639 = ORIENTED_EDGE('',*,*,#6492,.F.);
#6640 = ORIENTED_EDGE('',*,*,#6451,.F.);
#6641 = ORIENTED_EDGE('',*,*,#6411,.F.);
#6642 = ORIENTED_EDGE('',*,*,#6601,.F.);
#6643 = ORIENTED_EDGE('',*,*,#6570,.F.);
#6644 = ORIENTED_EDGE('',*,*,#6555,.T.);
#6645 = ORIENTED_EDGE('',*,*,#6506,.F.);
#6646 = PLANE('',#6647);
#6647 = AXIS2_PLACEMENT_3D('',#6648,#6649,#6650);
#6648 = CARTESIAN_POINT('',(9.925,3.125,1.3));
#6649 = DIRECTION('',(0.,1.,0.));
#6650 = DIRECTION('',(0.,-0.,1.));
#6651 = ( GEOMETRIC_REPRESENTATION_CONTEXT(3) 
GLOBAL_UNCERTAINTY_ASSIGNED_CONTEXT((#6655)) 
GLOBAL_UNIT_ASSIGNED_CONTEXT((#6652,#6653,#6654)) REPRESENTATION_CONTEXT
('Context #1','3D Context with UNIT and UNCERTAINTY') );
#6652 = ( LENGTH_UNIT() NAMED_UNIT(*) SI_UNIT(.MILLI.,.METRE.) );
#6653 = ( NAMED_UNIT(*) PLANE_ANGLE_UNIT() SI_UNIT($,.RADIAN.) );
#6654 = ( NAMED_UNIT(*) SI_UNIT($,.STERADIAN.) SOLID_ANGLE_UNIT() );
#6655 = UNCERTAINTY_MEASURE_WITH_UNIT(LENGTH_MEASURE(1.E-06),#6652,
  'distance_accuracy_value','confusion accuracy');
#6656 = CONTEXT_DEPENDENT_SHAPE_REPRESENTATION(#6657,#6659);
#6657 = ( REPRESENTATION_RELATIONSHIP('','',#1004,#973) 
REPRESENTATION_RELATIONSHIP_WITH_TRANSFORMATION(#6658) 
SHAPE_REPRESENTATION_RELATIONSHIP() );
#6658 = ITEM_DEFINED_TRANSFORMATION('','',#11,#974);
#6659 = PRODUCT_DEFINITION_SHAPE('Placement','Placement of an item',
  #6660);
#6660 = NEXT_ASSEMBLY_USAGE_OCCURRENCE('2','USB-A-S-TH_S','',#968,#999,$
  );
#6661 = PRODUCT_RELATED_PRODUCT_CATEGORY('part',$,(#1001));
#6662 = SHAPE_DEFINITION_REPRESENTATION(#6663,#6669);
#6663 = PRODUCT_DEFINITION_SHAPE('','',#6664);
#6664 = PRODUCT_DEFINITION('design','',#6665,#6668);
#6665 = PRODUCT_DEFINITION_FORMATION('','',#6666);
#6666 = PRODUCT('USB-A-S-W-TH_B','USB-A-S-W-TH_B','',(#6667));
#6667 = PRODUCT_CONTEXT('',#2,'mechanical');
#6668 = PRODUCT_DEFINITION_CONTEXT('part definition',#2,'design');
#6669 = ADVANCED_BREP_SHAPE_REPRESENTATION('',(#11,#6670),#6886);
#6670 = MANIFOLD_SOLID_BREP('',#6671);
#6671 = CLOSED_SHELL('',(#6672,#6712,#6743,#6774,#6805,#6836,#6858,#6872
    ));
#6672 = ADVANCED_FACE('',(#6673),#6707,.F.);
#6673 = FACE_BOUND('',#6674,.T.);
#6674 = EDGE_LOOP('',(#6675,#6685,#6693,#6701));
#6675 = ORIENTED_EDGE('',*,*,#6676,.T.);
#6676 = EDGE_CURVE('',#6677,#6679,#6681,.T.);
#6677 = VERTEX_POINT('',#6678);
#6678 = CARTESIAN_POINT('',(-5.55,5.86,5.82));
#6679 = VERTEX_POINT('',#6680);
#6680 = CARTESIAN_POINT('',(-5.55,5.426987298108,6.57));
#6681 = LINE('',#6682,#6683);
#6682 = CARTESIAN_POINT('',(-5.55,5.86,5.82));
#6683 = VECTOR('',#6684,1.);
#6684 = DIRECTION('',(0.,-0.5,0.866025403784));
#6685 = ORIENTED_EDGE('',*,*,#6686,.F.);
#6686 = EDGE_CURVE('',#6687,#6679,#6689,.T.);
#6687 = VERTEX_POINT('',#6688);
#6688 = CARTESIAN_POINT('',(5.55,5.426987298108,6.57));
#6689 = LINE('',#6690,#6691);
#6690 = CARTESIAN_POINT('',(5.55,5.426987298108,6.57));
#6691 = VECTOR('',#6692,1.);
#6692 = DIRECTION('',(-1.,0.,0.));
#6693 = ORIENTED_EDGE('',*,*,#6694,.F.);
#6694 = EDGE_CURVE('',#6695,#6687,#6697,.T.);
#6695 = VERTEX_POINT('',#6696);
#6696 = CARTESIAN_POINT('',(5.55,5.86,5.82));
#6697 = LINE('',#6698,#6699);
#6698 = CARTESIAN_POINT('',(5.55,5.86,5.82));
#6699 = VECTOR('',#6700,1.);
#6700 = DIRECTION('',(0.,-0.5,0.866025403784));
#6701 = ORIENTED_EDGE('',*,*,#6702,.T.);
#6702 = EDGE_CURVE('',#6695,#6677,#6703,.T.);
#6703 = LINE('',#6704,#6705);
#6704 = CARTESIAN_POINT('',(5.55,5.86,5.82));
#6705 = VECTOR('',#6706,1.);
#6706 = DIRECTION('',(-1.,0.,0.));
#6707 = PLANE('',#6708);
#6708 = AXIS2_PLACEMENT_3D('',#6709,#6710,#6711);
#6709 = CARTESIAN_POINT('',(5.55,5.86,5.82));
#6710 = DIRECTION('',(0.,-0.866025403784,-0.5));
#6711 = DIRECTION('',(0.,0.5,-0.866025403784));
#6712 = ADVANCED_FACE('',(#6713),#6738,.F.);
#6713 = FACE_BOUND('',#6714,.T.);
#6714 = EDGE_LOOP('',(#6715,#6723,#6731,#6737));
#6715 = ORIENTED_EDGE('',*,*,#6716,.T.);
#6716 = EDGE_CURVE('',#6679,#6717,#6719,.T.);
#6717 = VERTEX_POINT('',#6718);
#6718 = CARTESIAN_POINT('',(-5.55,4.453012701892,6.57));
#6719 = LINE('',#6720,#6721);
#6720 = CARTESIAN_POINT('',(-5.55,5.426987298108,6.57));
#6721 = VECTOR('',#6722,1.);
#6722 = DIRECTION('',(0.,-1.,0.));
#6723 = ORIENTED_EDGE('',*,*,#6724,.F.);
#6724 = EDGE_CURVE('',#6725,#6717,#6727,.T.);
#6725 = VERTEX_POINT('',#6726);
#6726 = CARTESIAN_POINT('',(5.55,4.453012701892,6.57));
#6727 = LINE('',#6728,#6729);
#6728 = CARTESIAN_POINT('',(5.55,4.453012701892,6.57));
#6729 = VECTOR('',#6730,1.);
#6730 = DIRECTION('',(-1.,0.,0.));
#6731 = ORIENTED_EDGE('',*,*,#6732,.F.);
#6732 = EDGE_CURVE('',#6687,#6725,#6733,.T.);
#6733 = LINE('',#6734,#6735);
#6734 = CARTESIAN_POINT('',(5.55,5.426987298108,6.57));
#6735 = VECTOR('',#6736,1.);
#6736 = DIRECTION('',(0.,-1.,0.));
#6737 = ORIENTED_EDGE('',*,*,#6686,.T.);
#6738 = PLANE('',#6739);
#6739 = AXIS2_PLACEMENT_3D('',#6740,#6741,#6742);
#6740 = CARTESIAN_POINT('',(5.55,5.426987298108,6.57));
#6741 = DIRECTION('',(0.,0.,-1.));
#6742 = DIRECTION('',(-1.,0.,0.));
#6743 = ADVANCED_FACE('',(#6744),#6769,.F.);
#6744 = FACE_BOUND('',#6745,.T.);
#6745 = EDGE_LOOP('',(#6746,#6754,#6762,#6768));
#6746 = ORIENTED_EDGE('',*,*,#6747,.T.);
#6747 = EDGE_CURVE('',#6717,#6748,#6750,.T.);
#6748 = VERTEX_POINT('',#6749);
#6749 = CARTESIAN_POINT('',(-5.55,4.02,5.82));
#6750 = LINE('',#6751,#6752);
#6751 = CARTESIAN_POINT('',(-5.55,4.453012701892,6.57));
#6752 = VECTOR('',#6753,1.);
#6753 = DIRECTION('',(0.,-0.5,-0.866025403784));
#6754 = ORIENTED_EDGE('',*,*,#6755,.F.);
#6755 = EDGE_CURVE('',#6756,#6748,#6758,.T.);
#6756 = VERTEX_POINT('',#6757);
#6757 = CARTESIAN_POINT('',(5.55,4.02,5.82));
#6758 = LINE('',#6759,#6760);
#6759 = CARTESIAN_POINT('',(5.55,4.02,5.82));
#6760 = VECTOR('',#6761,1.);
#6761 = DIRECTION('',(-1.,0.,0.));
#6762 = ORIENTED_EDGE('',*,*,#6763,.F.);
#6763 = EDGE_CURVE('',#6725,#6756,#6764,.T.);
#6764 = LINE('',#6765,#6766);
#6765 = CARTESIAN_POINT('',(5.55,4.453012701892,6.57));
#6766 = VECTOR('',#6767,1.);
#6767 = DIRECTION('',(0.,-0.5,-0.866025403784));
#6768 = ORIENTED_EDGE('',*,*,#6724,.T.);
#6769 = PLANE('',#6770);
#6770 = AXIS2_PLACEMENT_3D('',#6771,#6772,#6773);
#6771 = CARTESIAN_POINT('',(5.55,4.453012701892,6.57));
#6772 = DIRECTION('',(0.,0.866025403784,-0.5));
#6773 = DIRECTION('',(0.,0.5,0.866025403784));
#6774 = ADVANCED_FACE('',(#6775),#6800,.F.);
#6775 = FACE_BOUND('',#6776,.T.);
#6776 = EDGE_LOOP('',(#6777,#6785,#6793,#6799));
#6777 = ORIENTED_EDGE('',*,*,#6778,.T.);
#6778 = EDGE_CURVE('',#6748,#6779,#6781,.T.);
#6779 = VERTEX_POINT('',#6780);
#6780 = CARTESIAN_POINT('',(-5.55,4.02,-4.26));
#6781 = LINE('',#6782,#6783);
#6782 = CARTESIAN_POINT('',(-5.55,4.02,5.82));
#6783 = VECTOR('',#6784,1.);
#6784 = DIRECTION('',(0.,0.,-1.));
#6785 = ORIENTED_EDGE('',*,*,#6786,.F.);
#6786 = EDGE_CURVE('',#6787,#6779,#6789,.T.);
#6787 = VERTEX_POINT('',#6788);
#6788 = CARTESIAN_POINT('',(5.55,4.02,-4.26));
#6789 = LINE('',#6790,#6791);
#6790 = CARTESIAN_POINT('',(5.55,4.02,-4.26));
#6791 = VECTOR('',#6792,1.);
#6792 = DIRECTION('',(-1.,0.,0.));
#6793 = ORIENTED_EDGE('',*,*,#6794,.F.);
#6794 = EDGE_CURVE('',#6756,#6787,#6795,.T.);
#6795 = LINE('',#6796,#6797);
#6796 = CARTESIAN_POINT('',(5.55,4.02,5.82));
#6797 = VECTOR('',#6798,1.);
#6798 = DIRECTION('',(0.,0.,-1.));
#6799 = ORIENTED_EDGE('',*,*,#6755,.T.);
#6800 = PLANE('',#6801);
#6801 = AXIS2_PLACEMENT_3D('',#6802,#6803,#6804);
#6802 = CARTESIAN_POINT('',(5.55,4.02,5.82));
#6803 = DIRECTION('',(0.,1.,0.));
#6804 = DIRECTION('',(0.,-0.,1.));
#6805 = ADVANCED_FACE('',(#6806),#6831,.F.);
#6806 = FACE_BOUND('',#6807,.T.);
#6807 = EDGE_LOOP('',(#6808,#6816,#6824,#6830));
#6808 = ORIENTED_EDGE('',*,*,#6809,.T.);
#6809 = EDGE_CURVE('',#6779,#6810,#6812,.T.);
#6810 = VERTEX_POINT('',#6811);
#6811 = CARTESIAN_POINT('',(-5.55,5.86,-4.26));
#6812 = LINE('',#6813,#6814);
#6813 = CARTESIAN_POINT('',(-5.55,4.02,-4.26));
#6814 = VECTOR('',#6815,1.);
#6815 = DIRECTION('',(0.,1.,0.));
#6816 = ORIENTED_EDGE('',*,*,#6817,.F.);
#6817 = EDGE_CURVE('',#6818,#6810,#6820,.T.);
#6818 = VERTEX_POINT('',#6819);
#6819 = CARTESIAN_POINT('',(5.55,5.86,-4.26));
#6820 = LINE('',#6821,#6822);
#6821 = CARTESIAN_POINT('',(5.55,5.86,-4.26));
#6822 = VECTOR('',#6823,1.);
#6823 = DIRECTION('',(-1.,0.,0.));
#6824 = ORIENTED_EDGE('',*,*,#6825,.F.);
#6825 = EDGE_CURVE('',#6787,#6818,#6826,.T.);
#6826 = LINE('',#6827,#6828);
#6827 = CARTESIAN_POINT('',(5.55,4.02,-4.26));
#6828 = VECTOR('',#6829,1.);
#6829 = DIRECTION('',(0.,1.,0.));
#6830 = ORIENTED_EDGE('',*,*,#6786,.T.);
#6831 = PLANE('',#6832);
#6832 = AXIS2_PLACEMENT_3D('',#6833,#6834,#6835);
#6833 = CARTESIAN_POINT('',(5.55,4.02,-4.26));
#6834 = DIRECTION('',(0.,0.,1.));
#6835 = DIRECTION('',(1.,0.,-0.));
#6836 = ADVANCED_FACE('',(#6837),#6853,.F.);
#6837 = FACE_BOUND('',#6838,.T.);
#6838 = EDGE_LOOP('',(#6839,#6845,#6846,#6852));
#6839 = ORIENTED_EDGE('',*,*,#6840,.T.);
#6840 = EDGE_CURVE('',#6810,#6677,#6841,.T.);
#6841 = LINE('',#6842,#6843);
#6842 = CARTESIAN_POINT('',(-5.55,5.86,-4.26));
#6843 = VECTOR('',#6844,1.);
#6844 = DIRECTION('',(0.,0.,1.));
#6845 = ORIENTED_EDGE('',*,*,#6702,.F.);
#6846 = ORIENTED_EDGE('',*,*,#6847,.F.);
#6847 = EDGE_CURVE('',#6818,#6695,#6848,.T.);
#6848 = LINE('',#6849,#6850);
#6849 = CARTESIAN_POINT('',(5.55,5.86,-4.26));
#6850 = VECTOR('',#6851,1.);
#6851 = DIRECTION('',(0.,0.,1.));
#6852 = ORIENTED_EDGE('',*,*,#6817,.T.);
#6853 = PLANE('',#6854);
#6854 = AXIS2_PLACEMENT_3D('',#6855,#6856,#6857);
#6855 = CARTESIAN_POINT('',(5.55,5.86,-4.26));
#6856 = DIRECTION('',(0.,-1.,0.));
#6857 = DIRECTION('',(0.,0.,-1.));
#6858 = ADVANCED_FACE('',(#6859),#6867,.T.);
#6859 = FACE_BOUND('',#6860,.T.);
#6860 = EDGE_LOOP('',(#6861,#6862,#6863,#6864,#6865,#6866));
#6861 = ORIENTED_EDGE('',*,*,#6694,.T.);
#6862 = ORIENTED_EDGE('',*,*,#6732,.T.);
#6863 = ORIENTED_EDGE('',*,*,#6763,.T.);
#6864 = ORIENTED_EDGE('',*,*,#6794,.T.);
#6865 = ORIENTED_EDGE('',*,*,#6825,.T.);
#6866 = ORIENTED_EDGE('',*,*,#6847,.T.);
#6867 = PLANE('',#6868);
#6868 = AXIS2_PLACEMENT_3D('',#6869,#6870,#6871);
#6869 = CARTESIAN_POINT('',(5.55,0.,0.));
#6870 = DIRECTION('',(1.,0.,0.));
#6871 = DIRECTION('',(0.,0.,-1.));
#6872 = ADVANCED_FACE('',(#6873),#6881,.F.);
#6873 = FACE_BOUND('',#6874,.T.);
#6874 = EDGE_LOOP('',(#6875,#6876,#6877,#6878,#6879,#6880));
#6875 = ORIENTED_EDGE('',*,*,#6676,.F.);
#6876 = ORIENTED_EDGE('',*,*,#6840,.F.);
#6877 = ORIENTED_EDGE('',*,*,#6809,.F.);
#6878 = ORIENTED_EDGE('',*,*,#6778,.F.);
#6879 = ORIENTED_EDGE('',*,*,#6747,.F.);
#6880 = ORIENTED_EDGE('',*,*,#6716,.F.);
#6881 = PLANE('',#6882);
#6882 = AXIS2_PLACEMENT_3D('',#6883,#6884,#6885);
#6883 = CARTESIAN_POINT('',(-5.55,0.,0.));
#6884 = DIRECTION('',(1.,0.,0.));
#6885 = DIRECTION('',(0.,0.,-1.));
#6886 = ( GEOMETRIC_REPRESENTATION_CONTEXT(3) 
GLOBAL_UNCERTAINTY_ASSIGNED_CONTEXT((#6890)) 
GLOBAL_UNIT_ASSIGNED_CONTEXT((#6887,#6888,#6889)) REPRESENTATION_CONTEXT
('Context #1','3D Context with UNIT and UNCERTAINTY') );
#6887 = ( LENGTH_UNIT() NAMED_UNIT(*) SI_UNIT(.MILLI.,.METRE.) );
#6888 = ( NAMED_UNIT(*) PLANE_ANGLE_UNIT() SI_UNIT($,.RADIAN.) );
#6889 = ( NAMED_UNIT(*) SI_UNIT($,.STERADIAN.) SOLID_ANGLE_UNIT() );
#6890 = UNCERTAINTY_MEASURE_WITH_UNIT(LENGTH_MEASURE(1.E-07),#6887,
  'distance_accuracy_value','confusion accuracy');
#6891 = CONTEXT_DEPENDENT_SHAPE_REPRESENTATION(#6892,#6894);
#6892 = ( REPRESENTATION_RELATIONSHIP('','',#6669,#973) 
REPRESENTATION_RELATIONSHIP_WITH_TRANSFORMATION(#6893) 
SHAPE_REPRESENTATION_RELATIONSHIP() );
#6893 = ITEM_DEFINED_TRANSFORMATION('','',#11,#978);
#6894 = PRODUCT_DEFINITION_SHAPE('Placement','Placement of an item',
  #6895);
#6895 = NEXT_ASSEMBLY_USAGE_OCCURRENCE('3','USB-A-S-W-TH_B','',#968,
  #6664,$);
#6896 = PRODUCT_RELATED_PRODUCT_CATEGORY('part',$,(#6666));
#6897 = SHAPE_DEFINITION_REPRESENTATION(#6898,#6904);
#6898 = PRODUCT_DEFINITION_SHAPE('','',#6899);
#6899 = PRODUCT_DEFINITION('design','',#6900,#6903);
#6900 = PRODUCT_DEFINITION_FORMATION('','',#6901);
#6901 = PRODUCT('USB-A-S-TH_P','USB-A-S-TH_P','',(#6902));
#6902 = PRODUCT_CONTEXT('',#2,'mechanical');
#6903 = PRODUCT_DEFINITION_CONTEXT('part definition',#2,'design');
#6904 = ADVANCED_BREP_SHAPE_REPRESENTATION('',(#11,#6905),#8721);
#6905 = MANIFOLD_SOLID_BREP('',#6906);
#6906 = CLOSED_SHELL('',(#6907,#6947,#6987,#7027,#7067,#7107,#7147,#7187
    ,#7218,#7249,#7280,#7311,#7344,#7377,#7410,#7443,#7474,#7505,#7536,
    #7567,#7667,#7803,#7834,#7865,#7896,#7927,#7960,#7993,#8026,#8059,
    #8081,#8103,#8125,#8147,#8247,#8278,#8369,#8389,#8409,#8432,#8455,
    #8467,#8490,#8513,#8525,#8547,#8565,#8583,#8600,#8617,#8629,#8646,
    #8663,#8675,#8692,#8709));
#6907 = ADVANCED_FACE('',(#6908),#6942,.F.);
#6908 = FACE_BOUND('',#6909,.T.);
#6909 = EDGE_LOOP('',(#6910,#6920,#6928,#6936));
#6910 = ORIENTED_EDGE('',*,*,#6911,.T.);
#6911 = EDGE_CURVE('',#6912,#6914,#6916,.T.);
#6912 = VERTEX_POINT('',#6913);
#6913 = CARTESIAN_POINT('',(3.825,-3.02,-5.935));
#6914 = VERTEX_POINT('',#6915);
#6915 = CARTESIAN_POINT('',(3.175,-3.02,-5.935));
#6916 = LINE('',#6917,#6918);
#6917 = CARTESIAN_POINT('',(3.825,-3.02,-5.935));
#6918 = VECTOR('',#6919,1.);
#6919 = DIRECTION('',(-1.,0.,0.));
#6920 = ORIENTED_EDGE('',*,*,#6921,.T.);
#6921 = EDGE_CURVE('',#6914,#6922,#6924,.T.);
#6922 = VERTEX_POINT('',#6923);
#6923 = CARTESIAN_POINT('',(3.175,-3.02,-6.185));
#6924 = LINE('',#6925,#6926);
#6925 = CARTESIAN_POINT('',(3.175,-3.02,-5.935));
#6926 = VECTOR('',#6927,1.);
#6927 = DIRECTION('',(0.,-1.734723475977E-15,-1.));
#6928 = ORIENTED_EDGE('',*,*,#6929,.F.);
#6929 = EDGE_CURVE('',#6930,#6922,#6932,.T.);
#6930 = VERTEX_POINT('',#6931);
#6931 = CARTESIAN_POINT('',(3.825,-3.02,-6.185));
#6932 = LINE('',#6933,#6934);
#6933 = CARTESIAN_POINT('',(3.825,-3.02,-6.185));
#6934 = VECTOR('',#6935,1.);
#6935 = DIRECTION('',(-1.,0.,0.));
#6936 = ORIENTED_EDGE('',*,*,#6937,.F.);
#6937 = EDGE_CURVE('',#6912,#6930,#6938,.T.);
#6938 = LINE('',#6939,#6940);
#6939 = CARTESIAN_POINT('',(3.825,-3.02,-5.935));
#6940 = VECTOR('',#6941,1.);
#6941 = DIRECTION('',(0.,-1.734723475977E-15,-1.));
#6942 = PLANE('',#6943);
#6943 = AXIS2_PLACEMENT_3D('',#6944,#6945,#6946);
#6944 = CARTESIAN_POINT('',(3.825,-3.02,-5.935));
#6945 = DIRECTION('',(0.,1.,-1.734723475977E-15));
#6946 = DIRECTION('',(0.,1.734723475977E-15,1.));
#6947 = ADVANCED_FACE('',(#6948),#6982,.F.);
#6948 = FACE_BOUND('',#6949,.T.);
#6949 = EDGE_LOOP('',(#6950,#6960,#6968,#6976));
#6950 = ORIENTED_EDGE('',*,*,#6951,.F.);
#6951 = EDGE_CURVE('',#6952,#6954,#6956,.T.);
#6952 = VERTEX_POINT('',#6953);
#6953 = CARTESIAN_POINT('',(1.325,-3.02,-6.185));
#6954 = VERTEX_POINT('',#6955);
#6955 = CARTESIAN_POINT('',(0.675,-3.02,-6.185));
#6956 = LINE('',#6957,#6958);
#6957 = CARTESIAN_POINT('',(3.825,-3.02,-6.185));
#6958 = VECTOR('',#6959,1.);
#6959 = DIRECTION('',(-1.,0.,0.));
#6960 = ORIENTED_EDGE('',*,*,#6961,.T.);
#6961 = EDGE_CURVE('',#6952,#6962,#6964,.T.);
#6962 = VERTEX_POINT('',#6963);
#6963 = CARTESIAN_POINT('',(1.325,-3.02,-5.935));
#6964 = LINE('',#6965,#6966);
#6965 = CARTESIAN_POINT('',(1.325,-3.02,-5.935));
#6966 = VECTOR('',#6967,1.);
#6967 = DIRECTION('',(0.,1.734723475977E-15,1.));
#6968 = ORIENTED_EDGE('',*,*,#6969,.T.);
#6969 = EDGE_CURVE('',#6962,#6970,#6972,.T.);
#6970 = VERTEX_POINT('',#6971);
#6971 = CARTESIAN_POINT('',(0.675,-3.02,-5.935));
#6972 = LINE('',#6973,#6974);
#6973 = CARTESIAN_POINT('',(3.825,-3.02,-5.935));
#6974 = VECTOR('',#6975,1.);
#6975 = DIRECTION('',(-1.,0.,0.));
#6976 = ORIENTED_EDGE('',*,*,#6977,.T.);
#6977 = EDGE_CURVE('',#6970,#6954,#6978,.T.);
#6978 = LINE('',#6979,#6980);
#6979 = CARTESIAN_POINT('',(0.675,-3.02,-5.935));
#6980 = VECTOR('',#6981,1.);
#6981 = DIRECTION('',(0.,-1.734723475977E-15,-1.));
#6982 = PLANE('',#6983);
#6983 = AXIS2_PLACEMENT_3D('',#6984,#6985,#6986);
#6984 = CARTESIAN_POINT('',(3.825,-3.02,-5.935));
#6985 = DIRECTION('',(0.,1.,-1.734723475977E-15));
#6986 = DIRECTION('',(0.,1.734723475977E-15,1.));
#6987 = ADVANCED_FACE('',(#6988),#7022,.F.);
#6988 = FACE_BOUND('',#6989,.T.);
#6989 = EDGE_LOOP('',(#6990,#7000,#7008,#7016));
#6990 = ORIENTED_EDGE('',*,*,#6991,.F.);
#6991 = EDGE_CURVE('',#6992,#6994,#6996,.T.);
#6992 = VERTEX_POINT('',#6993);
#6993 = CARTESIAN_POINT('',(-0.675,-3.02,-6.185));
#6994 = VERTEX_POINT('',#6995);
#6995 = CARTESIAN_POINT('',(-1.325,-3.02,-6.185));
#6996 = LINE('',#6997,#6998);
#6997 = CARTESIAN_POINT('',(3.825,-3.02,-6.185));
#6998 = VECTOR('',#6999,1.);
#6999 = DIRECTION('',(-1.,0.,0.));
#7000 = ORIENTED_EDGE('',*,*,#7001,.T.);
#7001 = EDGE_CURVE('',#6992,#7002,#7004,.T.);
#7002 = VERTEX_POINT('',#7003);
#7003 = CARTESIAN_POINT('',(-0.675,-3.02,-5.935));
#7004 = LINE('',#7005,#7006);
#7005 = CARTESIAN_POINT('',(-0.675,-3.02,-5.935));
#7006 = VECTOR('',#7007,1.);
#7007 = DIRECTION('',(0.,1.734723475977E-15,1.));
#7008 = ORIENTED_EDGE('',*,*,#7009,.T.);
#7009 = EDGE_CURVE('',#7002,#7010,#7012,.T.);
#7010 = VERTEX_POINT('',#7011);
#7011 = CARTESIAN_POINT('',(-1.325,-3.02,-5.935));
#7012 = LINE('',#7013,#7014);
#7013 = CARTESIAN_POINT('',(3.825,-3.02,-5.935));
#7014 = VECTOR('',#7015,1.);
#7015 = DIRECTION('',(-1.,0.,0.));
#7016 = ORIENTED_EDGE('',*,*,#7017,.T.);
#7017 = EDGE_CURVE('',#7010,#6994,#7018,.T.);
#7018 = LINE('',#7019,#7020);
#7019 = CARTESIAN_POINT('',(-1.325,-3.02,-5.935));
#7020 = VECTOR('',#7021,1.);
#7021 = DIRECTION('',(0.,-1.734723475977E-15,-1.));
#7022 = PLANE('',#7023);
#7023 = AXIS2_PLACEMENT_3D('',#7024,#7025,#7026);
#7024 = CARTESIAN_POINT('',(3.825,-3.02,-5.935));
#7025 = DIRECTION('',(0.,1.,-1.734723475977E-15));
#7026 = DIRECTION('',(0.,1.734723475977E-15,1.));
#7027 = ADVANCED_FACE('',(#7028),#7062,.F.);
#7028 = FACE_BOUND('',#7029,.T.);
#7029 = EDGE_LOOP('',(#7030,#7040,#7048,#7056));
#7030 = ORIENTED_EDGE('',*,*,#7031,.F.);
#7031 = EDGE_CURVE('',#7032,#7034,#7036,.T.);
#7032 = VERTEX_POINT('',#7033);
#7033 = CARTESIAN_POINT('',(3.175,4.22,5.66));
#7034 = VERTEX_POINT('',#7035);
#7035 = CARTESIAN_POINT('',(3.175,4.451244228836,5.541146701223));
#7036 = LINE('',#7037,#7038);
#7037 = CARTESIAN_POINT('',(3.175,4.451244228836,5.541146701223));
#7038 = VECTOR('',#7039,1.);
#7039 = DIRECTION('',(0.,0.889400880137,-0.457128072221));
#7040 = ORIENTED_EDGE('',*,*,#7041,.F.);
#7041 = EDGE_CURVE('',#7042,#7032,#7044,.T.);
#7042 = VERTEX_POINT('',#7043);
#7043 = CARTESIAN_POINT('',(3.825,4.22,5.66));
#7044 = LINE('',#7045,#7046);
#7045 = CARTESIAN_POINT('',(3.825,4.22,5.66));
#7046 = VECTOR('',#7047,1.);
#7047 = DIRECTION('',(-1.,0.,0.));
#7048 = ORIENTED_EDGE('',*,*,#7049,.F.);
#7049 = EDGE_CURVE('',#7050,#7042,#7052,.T.);
#7050 = VERTEX_POINT('',#7051);
#7051 = CARTESIAN_POINT('',(3.825,4.451244228836,5.541146701223));
#7052 = LINE('',#7053,#7054);
#7053 = CARTESIAN_POINT('',(3.825,4.451244228836,5.541146701223));
#7054 = VECTOR('',#7055,1.);
#7055 = DIRECTION('',(0.,-0.889400880137,0.457128072221));
#7056 = ORIENTED_EDGE('',*,*,#7057,.T.);
#7057 = EDGE_CURVE('',#7050,#7034,#7058,.T.);
#7058 = LINE('',#7059,#7060);
#7059 = CARTESIAN_POINT('',(3.825,4.451244228836,5.541146701223));
#7060 = VECTOR('',#7061,1.);
#7061 = DIRECTION('',(-1.,0.,0.));
#7062 = PLANE('',#7063);
#7063 = AXIS2_PLACEMENT_3D('',#7064,#7065,#7066);
#7064 = CARTESIAN_POINT('',(3.825,4.451244228836,5.541146701223));
#7065 = DIRECTION('',(0.,-0.457128072221,-0.889400880137));
#7066 = DIRECTION('',(0.,0.889400880137,-0.457128072221));
#7067 = ADVANCED_FACE('',(#7068),#7102,.F.);
#7068 = FACE_BOUND('',#7069,.T.);
#7069 = EDGE_LOOP('',(#7070,#7080,#7088,#7096));
#7070 = ORIENTED_EDGE('',*,*,#7071,.F.);
#7071 = EDGE_CURVE('',#7072,#7074,#7076,.T.);
#7072 = VERTEX_POINT('',#7073);
#7073 = CARTESIAN_POINT('',(1.325,4.451244228836,5.541146701223));
#7074 = VERTEX_POINT('',#7075);
#7075 = CARTESIAN_POINT('',(1.325,4.22,5.66));
#7076 = LINE('',#7077,#7078);
#7077 = CARTESIAN_POINT('',(1.325,4.451244228836,5.541146701223));
#7078 = VECTOR('',#7079,1.);
#7079 = DIRECTION('',(0.,-0.889400880137,0.457128072221));
#7080 = ORIENTED_EDGE('',*,*,#7081,.T.);
#7081 = EDGE_CURVE('',#7072,#7082,#7084,.T.);
#7082 = VERTEX_POINT('',#7083);
#7083 = CARTESIAN_POINT('',(0.675,4.451244228836,5.541146701223));
#7084 = LINE('',#7085,#7086);
#7085 = CARTESIAN_POINT('',(3.825,4.451244228836,5.541146701223));
#7086 = VECTOR('',#7087,1.);
#7087 = DIRECTION('',(-1.,0.,0.));
#7088 = ORIENTED_EDGE('',*,*,#7089,.F.);
#7089 = EDGE_CURVE('',#7090,#7082,#7092,.T.);
#7090 = VERTEX_POINT('',#7091);
#7091 = CARTESIAN_POINT('',(0.675,4.22,5.66));
#7092 = LINE('',#7093,#7094);
#7093 = CARTESIAN_POINT('',(0.675,4.451244228836,5.541146701223));
#7094 = VECTOR('',#7095,1.);
#7095 = DIRECTION('',(0.,0.889400880137,-0.457128072221));
#7096 = ORIENTED_EDGE('',*,*,#7097,.F.);
#7097 = EDGE_CURVE('',#7074,#7090,#7098,.T.);
#7098 = LINE('',#7099,#7100);
#7099 = CARTESIAN_POINT('',(3.825,4.22,5.66));
#7100 = VECTOR('',#7101,1.);
#7101 = DIRECTION('',(-1.,0.,0.));
#7102 = PLANE('',#7103);
#7103 = AXIS2_PLACEMENT_3D('',#7104,#7105,#7106);
#7104 = CARTESIAN_POINT('',(3.825,4.451244228836,5.541146701223));
#7105 = DIRECTION('',(0.,-0.457128072221,-0.889400880137));
#7106 = DIRECTION('',(0.,0.889400880137,-0.457128072221));
#7107 = ADVANCED_FACE('',(#7108),#7142,.F.);
#7108 = FACE_BOUND('',#7109,.T.);
#7109 = EDGE_LOOP('',(#7110,#7120,#7128,#7136));
#7110 = ORIENTED_EDGE('',*,*,#7111,.F.);
#7111 = EDGE_CURVE('',#7112,#7114,#7116,.T.);
#7112 = VERTEX_POINT('',#7113);
#7113 = CARTESIAN_POINT('',(-0.675,4.451244228836,5.541146701223));
#7114 = VERTEX_POINT('',#7115);
#7115 = CARTESIAN_POINT('',(-0.675,4.22,5.66));
#7116 = LINE('',#7117,#7118);
#7117 = CARTESIAN_POINT('',(-0.675,4.451244228836,5.541146701223));
#7118 = VECTOR('',#7119,1.);
#7119 = DIRECTION('',(0.,-0.889400880137,0.457128072221));
#7120 = ORIENTED_EDGE('',*,*,#7121,.T.);
#7121 = EDGE_CURVE('',#7112,#7122,#7124,.T.);
#7122 = VERTEX_POINT('',#7123);
#7123 = CARTESIAN_POINT('',(-1.325,4.451244228836,5.541146701223));
#7124 = LINE('',#7125,#7126);
#7125 = CARTESIAN_POINT('',(3.825,4.451244228836,5.541146701223));
#7126 = VECTOR('',#7127,1.);
#7127 = DIRECTION('',(-1.,0.,0.));
#7128 = ORIENTED_EDGE('',*,*,#7129,.F.);
#7129 = EDGE_CURVE('',#7130,#7122,#7132,.T.);
#7130 = VERTEX_POINT('',#7131);
#7131 = CARTESIAN_POINT('',(-1.325,4.22,5.66));
#7132 = LINE('',#7133,#7134);
#7133 = CARTESIAN_POINT('',(-1.325,4.451244228836,5.541146701223));
#7134 = VECTOR('',#7135,1.);
#7135 = DIRECTION('',(0.,0.889400880137,-0.457128072221));
#7136 = ORIENTED_EDGE('',*,*,#7137,.F.);
#7137 = EDGE_CURVE('',#7114,#7130,#7138,.T.);
#7138 = LINE('',#7139,#7140);
#7139 = CARTESIAN_POINT('',(3.825,4.22,5.66));
#7140 = VECTOR('',#7141,1.);
#7141 = DIRECTION('',(-1.,0.,0.));
#7142 = PLANE('',#7143);
#7143 = AXIS2_PLACEMENT_3D('',#7144,#7145,#7146);
#7144 = CARTESIAN_POINT('',(3.825,4.451244228836,5.541146701223));
#7145 = DIRECTION('',(0.,-0.457128072221,-0.889400880137));
#7146 = DIRECTION('',(0.,0.889400880137,-0.457128072221));
#7147 = ADVANCED_FACE('',(#7148),#7182,.F.);
#7148 = FACE_BOUND('',#7149,.T.);
#7149 = EDGE_LOOP('',(#7150,#7160,#7168,#7176));
#7150 = ORIENTED_EDGE('',*,*,#7151,.F.);
#7151 = EDGE_CURVE('',#7152,#7154,#7156,.T.);
#7152 = VERTEX_POINT('',#7153);
#7153 = CARTESIAN_POINT('',(-3.175,4.451244228836,5.541146701223));
#7154 = VERTEX_POINT('',#7155);
#7155 = CARTESIAN_POINT('',(-3.175,4.22,5.66));
#7156 = LINE('',#7157,#7158);
#7157 = CARTESIAN_POINT('',(-3.175,4.451244228836,5.541146701223));
#7158 = VECTOR('',#7159,1.);
#7159 = DIRECTION('',(0.,-0.889400880137,0.457128072221));
#7160 = ORIENTED_EDGE('',*,*,#7161,.T.);
#7161 = EDGE_CURVE('',#7152,#7162,#7164,.T.);
#7162 = VERTEX_POINT('',#7163);
#7163 = CARTESIAN_POINT('',(-3.825,4.451244228836,5.541146701223));
#7164 = LINE('',#7165,#7166);
#7165 = CARTESIAN_POINT('',(3.825,4.451244228836,5.541146701223));
#7166 = VECTOR('',#7167,1.);
#7167 = DIRECTION('',(-1.,0.,0.));
#7168 = ORIENTED_EDGE('',*,*,#7169,.T.);
#7169 = EDGE_CURVE('',#7162,#7170,#7172,.T.);
#7170 = VERTEX_POINT('',#7171);
#7171 = CARTESIAN_POINT('',(-3.825,4.22,5.66));
#7172 = LINE('',#7173,#7174);
#7173 = CARTESIAN_POINT('',(-3.825,4.451244228836,5.541146701223));
#7174 = VECTOR('',#7175,1.);
#7175 = DIRECTION('',(0.,-0.889400880137,0.457128072221));
#7176 = ORIENTED_EDGE('',*,*,#7177,.F.);
#7177 = EDGE_CURVE('',#7154,#7170,#7178,.T.);
#7178 = LINE('',#7179,#7180);
#7179 = CARTESIAN_POINT('',(3.825,4.22,5.66));
#7180 = VECTOR('',#7181,1.);
#7181 = DIRECTION('',(-1.,0.,0.));
#7182 = PLANE('',#7183);
#7183 = AXIS2_PLACEMENT_3D('',#7184,#7185,#7186);
#7184 = CARTESIAN_POINT('',(3.825,4.451244228836,5.541146701223));
#7185 = DIRECTION('',(0.,-0.457128072221,-0.889400880137));
#7186 = DIRECTION('',(0.,0.889400880137,-0.457128072221));
#7187 = ADVANCED_FACE('',(#7188),#7213,.F.);
#7188 = FACE_BOUND('',#7189,.T.);
#7189 = EDGE_LOOP('',(#7190,#7198,#7206,#7212));
#7190 = ORIENTED_EDGE('',*,*,#7191,.F.);
#7191 = EDGE_CURVE('',#7192,#7032,#7194,.T.);
#7192 = VERTEX_POINT('',#7193);
#7193 = CARTESIAN_POINT('',(3.175,3.468848019692,4.198538162496));
#7194 = LINE('',#7195,#7196);
#7195 = CARTESIAN_POINT('',(3.175,4.22,5.66));
#7196 = VECTOR('',#7197,1.);
#7197 = DIRECTION('',(0.,0.457128072221,0.889400880137));
#7198 = ORIENTED_EDGE('',*,*,#7199,.F.);
#7199 = EDGE_CURVE('',#7200,#7192,#7202,.T.);
#7200 = VERTEX_POINT('',#7201);
#7201 = CARTESIAN_POINT('',(3.825,3.468848019692,4.198538162496));
#7202 = LINE('',#7203,#7204);
#7203 = CARTESIAN_POINT('',(3.825,3.468848019692,4.198538162496));
#7204 = VECTOR('',#7205,1.);
#7205 = DIRECTION('',(-1.,0.,0.));
#7206 = ORIENTED_EDGE('',*,*,#7207,.F.);
#7207 = EDGE_CURVE('',#7042,#7200,#7208,.T.);
#7208 = LINE('',#7209,#7210);
#7209 = CARTESIAN_POINT('',(3.825,4.22,5.66));
#7210 = VECTOR('',#7211,1.);
#7211 = DIRECTION('',(0.,-0.457128072221,-0.889400880137));
#7212 = ORIENTED_EDGE('',*,*,#7041,.T.);
#7213 = PLANE('',#7214);
#7214 = AXIS2_PLACEMENT_3D('',#7215,#7216,#7217);
#7215 = CARTESIAN_POINT('',(3.825,4.22,5.66));
#7216 = DIRECTION('',(0.,0.889400880137,-0.457128072221));
#7217 = DIRECTION('',(0.,0.457128072221,0.889400880137));
#7218 = ADVANCED_FACE('',(#7219),#7244,.F.);
#7219 = FACE_BOUND('',#7220,.T.);
#7220 = EDGE_LOOP('',(#7221,#7229,#7230,#7238));
#7221 = ORIENTED_EDGE('',*,*,#7222,.F.);
#7222 = EDGE_CURVE('',#7074,#7223,#7225,.T.);
#7223 = VERTEX_POINT('',#7224);
#7224 = CARTESIAN_POINT('',(1.325,3.468848019692,4.198538162496));
#7225 = LINE('',#7226,#7227);
#7226 = CARTESIAN_POINT('',(1.325,4.22,5.66));
#7227 = VECTOR('',#7228,1.);
#7228 = DIRECTION('',(0.,-0.457128072221,-0.889400880137));
#7229 = ORIENTED_EDGE('',*,*,#7097,.T.);
#7230 = ORIENTED_EDGE('',*,*,#7231,.F.);
#7231 = EDGE_CURVE('',#7232,#7090,#7234,.T.);
#7232 = VERTEX_POINT('',#7233);
#7233 = CARTESIAN_POINT('',(0.675,3.468848019692,4.198538162496));
#7234 = LINE('',#7235,#7236);
#7235 = CARTESIAN_POINT('',(0.675,4.22,5.66));
#7236 = VECTOR('',#7237,1.);
#7237 = DIRECTION('',(0.,0.457128072221,0.889400880137));
#7238 = ORIENTED_EDGE('',*,*,#7239,.F.);
#7239 = EDGE_CURVE('',#7223,#7232,#7240,.T.);
#7240 = LINE('',#7241,#7242);
#7241 = CARTESIAN_POINT('',(3.825,3.468848019692,4.198538162496));
#7242 = VECTOR('',#7243,1.);
#7243 = DIRECTION('',(-1.,0.,0.));
#7244 = PLANE('',#7245);
#7245 = AXIS2_PLACEMENT_3D('',#7246,#7247,#7248);
#7246 = CARTESIAN_POINT('',(3.825,4.22,5.66));
#7247 = DIRECTION('',(0.,0.889400880137,-0.457128072221));
#7248 = DIRECTION('',(0.,0.457128072221,0.889400880137));
#7249 = ADVANCED_FACE('',(#7250),#7275,.F.);
#7250 = FACE_BOUND('',#7251,.T.);
#7251 = EDGE_LOOP('',(#7252,#7260,#7261,#7269));
#7252 = ORIENTED_EDGE('',*,*,#7253,.F.);
#7253 = EDGE_CURVE('',#7114,#7254,#7256,.T.);
#7254 = VERTEX_POINT('',#7255);
#7255 = CARTESIAN_POINT('',(-0.675,3.468848019692,4.198538162496));
#7256 = LINE('',#7257,#7258);
#7257 = CARTESIAN_POINT('',(-0.675,4.22,5.66));
#7258 = VECTOR('',#7259,1.);
#7259 = DIRECTION('',(0.,-0.457128072221,-0.889400880137));
#7260 = ORIENTED_EDGE('',*,*,#7137,.T.);
#7261 = ORIENTED_EDGE('',*,*,#7262,.F.);
#7262 = EDGE_CURVE('',#7263,#7130,#7265,.T.);
#7263 = VERTEX_POINT('',#7264);
#7264 = CARTESIAN_POINT('',(-1.325,3.468848019692,4.198538162496));
#7265 = LINE('',#7266,#7267);
#7266 = CARTESIAN_POINT('',(-1.325,4.22,5.66));
#7267 = VECTOR('',#7268,1.);
#7268 = DIRECTION('',(0.,0.457128072221,0.889400880137));
#7269 = ORIENTED_EDGE('',*,*,#7270,.F.);
#7270 = EDGE_CURVE('',#7254,#7263,#7271,.T.);
#7271 = LINE('',#7272,#7273);
#7272 = CARTESIAN_POINT('',(3.825,3.468848019692,4.198538162496));
#7273 = VECTOR('',#7274,1.);
#7274 = DIRECTION('',(-1.,0.,0.));
#7275 = PLANE('',#7276);
#7276 = AXIS2_PLACEMENT_3D('',#7277,#7278,#7279);
#7277 = CARTESIAN_POINT('',(3.825,4.22,5.66));
#7278 = DIRECTION('',(0.,0.889400880137,-0.457128072221));
#7279 = DIRECTION('',(0.,0.457128072221,0.889400880137));
#7280 = ADVANCED_FACE('',(#7281),#7306,.F.);
#7281 = FACE_BOUND('',#7282,.T.);
#7282 = EDGE_LOOP('',(#7283,#7291,#7292,#7300));
#7283 = ORIENTED_EDGE('',*,*,#7284,.F.);
#7284 = EDGE_CURVE('',#7154,#7285,#7287,.T.);
#7285 = VERTEX_POINT('',#7286);
#7286 = CARTESIAN_POINT('',(-3.175,3.468848019692,4.198538162496));
#7287 = LINE('',#7288,#7289);
#7288 = CARTESIAN_POINT('',(-3.175,4.22,5.66));
#7289 = VECTOR('',#7290,1.);
#7290 = DIRECTION('',(0.,-0.457128072221,-0.889400880137));
#7291 = ORIENTED_EDGE('',*,*,#7177,.T.);
#7292 = ORIENTED_EDGE('',*,*,#7293,.T.);
#7293 = EDGE_CURVE('',#7170,#7294,#7296,.T.);
#7294 = VERTEX_POINT('',#7295);
#7295 = CARTESIAN_POINT('',(-3.825,3.468848019692,4.198538162496));
#7296 = LINE('',#7297,#7298);
#7297 = CARTESIAN_POINT('',(-3.825,4.22,5.66));
#7298 = VECTOR('',#7299,1.);
#7299 = DIRECTION('',(0.,-0.457128072221,-0.889400880137));
#7300 = ORIENTED_EDGE('',*,*,#7301,.F.);
#7301 = EDGE_CURVE('',#7285,#7294,#7302,.T.);
#7302 = LINE('',#7303,#7304);
#7303 = CARTESIAN_POINT('',(3.825,3.468848019692,4.198538162496));
#7304 = VECTOR('',#7305,1.);
#7305 = DIRECTION('',(-1.,0.,0.));
#7306 = PLANE('',#7307);
#7307 = AXIS2_PLACEMENT_3D('',#7308,#7309,#7310);
#7308 = CARTESIAN_POINT('',(3.825,4.22,5.66));
#7309 = DIRECTION('',(0.,0.889400880137,-0.457128072221));
#7310 = DIRECTION('',(0.,0.457128072221,0.889400880137));
#7311 = ADVANCED_FACE('',(#7312),#7339,.T.);
#7312 = FACE_BOUND('',#7313,.T.);
#7313 = EDGE_LOOP('',(#7314,#7323,#7331,#7338));
#7314 = ORIENTED_EDGE('',*,*,#7315,.F.);
#7315 = EDGE_CURVE('',#7316,#7192,#7318,.T.);
#7316 = VERTEX_POINT('',#7317);
#7317 = CARTESIAN_POINT('',(3.175,3.468848019692,2.141461837504));
#7318 = CIRCLE('',#7319,2.25);
#7319 = AXIS2_PLACEMENT_3D('',#7320,#7321,#7322);
#7320 = CARTESIAN_POINT('',(3.175,5.47,3.17));
#7321 = DIRECTION('',(-1.,0.,0.));
#7322 = DIRECTION('',(0.,0.,1.));
#7323 = ORIENTED_EDGE('',*,*,#7324,.F.);
#7324 = EDGE_CURVE('',#7325,#7316,#7327,.T.);
#7325 = VERTEX_POINT('',#7326);
#7326 = CARTESIAN_POINT('',(3.825,3.468848019692,2.141461837504));
#7327 = LINE('',#7328,#7329);
#7328 = CARTESIAN_POINT('',(3.825,3.468848019692,2.141461837504));
#7329 = VECTOR('',#7330,1.);
#7330 = DIRECTION('',(-1.,0.,0.));
#7331 = ORIENTED_EDGE('',*,*,#7332,.F.);
#7332 = EDGE_CURVE('',#7200,#7325,#7333,.T.);
#7333 = CIRCLE('',#7334,2.25);
#7334 = AXIS2_PLACEMENT_3D('',#7335,#7336,#7337);
#7335 = CARTESIAN_POINT('',(3.825,5.47,3.17));
#7336 = DIRECTION('',(1.,0.,0.));
#7337 = DIRECTION('',(0.,0.,-1.));
#7338 = ORIENTED_EDGE('',*,*,#7199,.T.);
#7339 = CYLINDRICAL_SURFACE('',#7340,2.25);
#7340 = AXIS2_PLACEMENT_3D('',#7341,#7342,#7343);
#7341 = CARTESIAN_POINT('',(3.825,5.47,3.17));
#7342 = DIRECTION('',(-1.,0.,0.));
#7343 = DIRECTION('',(0.,0.,1.));
#7344 = ADVANCED_FACE('',(#7345),#7372,.T.);
#7345 = FACE_BOUND('',#7346,.T.);
#7346 = EDGE_LOOP('',(#7347,#7356,#7357,#7366));
#7347 = ORIENTED_EDGE('',*,*,#7348,.F.);
#7348 = EDGE_CURVE('',#7223,#7349,#7351,.T.);
#7349 = VERTEX_POINT('',#7350);
#7350 = CARTESIAN_POINT('',(1.325,3.468848019692,2.141461837504));
#7351 = CIRCLE('',#7352,2.25);
#7352 = AXIS2_PLACEMENT_3D('',#7353,#7354,#7355);
#7353 = CARTESIAN_POINT('',(1.325,5.47,3.17));
#7354 = DIRECTION('',(1.,0.,0.));
#7355 = DIRECTION('',(0.,0.,-1.));
#7356 = ORIENTED_EDGE('',*,*,#7239,.T.);
#7357 = ORIENTED_EDGE('',*,*,#7358,.F.);
#7358 = EDGE_CURVE('',#7359,#7232,#7361,.T.);
#7359 = VERTEX_POINT('',#7360);
#7360 = CARTESIAN_POINT('',(0.675,3.468848019692,2.141461837504));
#7361 = CIRCLE('',#7362,2.25);
#7362 = AXIS2_PLACEMENT_3D('',#7363,#7364,#7365);
#7363 = CARTESIAN_POINT('',(0.675,5.47,3.17));
#7364 = DIRECTION('',(-1.,0.,0.));
#7365 = DIRECTION('',(0.,0.,1.));
#7366 = ORIENTED_EDGE('',*,*,#7367,.F.);
#7367 = EDGE_CURVE('',#7349,#7359,#7368,.T.);
#7368 = LINE('',#7369,#7370);
#7369 = CARTESIAN_POINT('',(3.825,3.468848019692,2.141461837504));
#7370 = VECTOR('',#7371,1.);
#7371 = DIRECTION('',(-1.,0.,0.));
#7372 = CYLINDRICAL_SURFACE('',#7373,2.25);
#7373 = AXIS2_PLACEMENT_3D('',#7374,#7375,#7376);
#7374 = CARTESIAN_POINT('',(3.825,5.47,3.17));
#7375 = DIRECTION('',(-1.,0.,0.));
#7376 = DIRECTION('',(0.,0.,1.));
#7377 = ADVANCED_FACE('',(#7378),#7405,.T.);
#7378 = FACE_BOUND('',#7379,.T.);
#7379 = EDGE_LOOP('',(#7380,#7389,#7390,#7399));
#7380 = ORIENTED_EDGE('',*,*,#7381,.F.);
#7381 = EDGE_CURVE('',#7254,#7382,#7384,.T.);
#7382 = VERTEX_POINT('',#7383);
#7383 = CARTESIAN_POINT('',(-0.675,3.468848019692,2.141461837504));
#7384 = CIRCLE('',#7385,2.25);
#7385 = AXIS2_PLACEMENT_3D('',#7386,#7387,#7388);
#7386 = CARTESIAN_POINT('',(-0.675,5.47,3.17));
#7387 = DIRECTION('',(1.,0.,0.));
#7388 = DIRECTION('',(0.,0.,-1.));
#7389 = ORIENTED_EDGE('',*,*,#7270,.T.);
#7390 = ORIENTED_EDGE('',*,*,#7391,.F.);
#7391 = EDGE_CURVE('',#7392,#7263,#7394,.T.);
#7392 = VERTEX_POINT('',#7393);
#7393 = CARTESIAN_POINT('',(-1.325,3.468848019692,2.141461837504));
#7394 = CIRCLE('',#7395,2.25);
#7395 = AXIS2_PLACEMENT_3D('',#7396,#7397,#7398);
#7396 = CARTESIAN_POINT('',(-1.325,5.47,3.17));
#7397 = DIRECTION('',(-1.,0.,0.));
#7398 = DIRECTION('',(0.,0.,1.));
#7399 = ORIENTED_EDGE('',*,*,#7400,.F.);
#7400 = EDGE_CURVE('',#7382,#7392,#7401,.T.);
#7401 = LINE('',#7402,#7403);
#7402 = CARTESIAN_POINT('',(3.825,3.468848019692,2.141461837504));
#7403 = VECTOR('',#7404,1.);
#7404 = DIRECTION('',(-1.,0.,0.));
#7405 = CYLINDRICAL_SURFACE('',#7406,2.25);
#7406 = AXIS2_PLACEMENT_3D('',#7407,#7408,#7409);
#7407 = CARTESIAN_POINT('',(3.825,5.47,3.17));
#7408 = DIRECTION('',(-1.,0.,0.));
#7409 = DIRECTION('',(0.,0.,1.));
#7410 = ADVANCED_FACE('',(#7411),#7438,.T.);
#7411 = FACE_BOUND('',#7412,.T.);
#7412 = EDGE_LOOP('',(#7413,#7422,#7423,#7432));
#7413 = ORIENTED_EDGE('',*,*,#7414,.F.);
#7414 = EDGE_CURVE('',#7285,#7415,#7417,.T.);
#7415 = VERTEX_POINT('',#7416);
#7416 = CARTESIAN_POINT('',(-3.175,3.468848019692,2.141461837504));
#7417 = CIRCLE('',#7418,2.25);
#7418 = AXIS2_PLACEMENT_3D('',#7419,#7420,#7421);
#7419 = CARTESIAN_POINT('',(-3.175,5.47,3.17));
#7420 = DIRECTION('',(1.,0.,0.));
#7421 = DIRECTION('',(0.,0.,-1.));
#7422 = ORIENTED_EDGE('',*,*,#7301,.T.);
#7423 = ORIENTED_EDGE('',*,*,#7424,.T.);
#7424 = EDGE_CURVE('',#7294,#7425,#7427,.T.);
#7425 = VERTEX_POINT('',#7426);
#7426 = CARTESIAN_POINT('',(-3.825,3.468848019692,2.141461837504));
#7427 = CIRCLE('',#7428,2.25);
#7428 = AXIS2_PLACEMENT_3D('',#7429,#7430,#7431);
#7429 = CARTESIAN_POINT('',(-3.825,5.47,3.17));
#7430 = DIRECTION('',(1.,0.,0.));
#7431 = DIRECTION('',(0.,0.,-1.));
#7432 = ORIENTED_EDGE('',*,*,#7433,.F.);
#7433 = EDGE_CURVE('',#7415,#7425,#7434,.T.);
#7434 = LINE('',#7435,#7436);
#7435 = CARTESIAN_POINT('',(3.825,3.468848019692,2.141461837504));
#7436 = VECTOR('',#7437,1.);
#7437 = DIRECTION('',(-1.,0.,0.));
#7438 = CYLINDRICAL_SURFACE('',#7439,2.25);
#7439 = AXIS2_PLACEMENT_3D('',#7440,#7441,#7442);
#7440 = CARTESIAN_POINT('',(3.825,5.47,3.17));
#7441 = DIRECTION('',(-1.,0.,0.));
#7442 = DIRECTION('',(0.,0.,1.));
#7443 = ADVANCED_FACE('',(#7444),#7469,.F.);
#7444 = FACE_BOUND('',#7445,.T.);
#7445 = EDGE_LOOP('',(#7446,#7454,#7462,#7468));
#7446 = ORIENTED_EDGE('',*,*,#7447,.F.);
#7447 = EDGE_CURVE('',#7448,#7316,#7450,.T.);
#7448 = VERTEX_POINT('',#7449);
#7449 = CARTESIAN_POINT('',(3.175,4.22,0.68));
#7450 = LINE('',#7451,#7452);
#7451 = CARTESIAN_POINT('',(3.175,3.468848019692,2.141461837504));
#7452 = VECTOR('',#7453,1.);
#7453 = DIRECTION('',(0.,-0.457128072221,0.889400880137));
#7454 = ORIENTED_EDGE('',*,*,#7455,.F.);
#7455 = EDGE_CURVE('',#7456,#7448,#7458,.T.);
#7456 = VERTEX_POINT('',#7457);
#7457 = CARTESIAN_POINT('',(3.825,4.22,0.68));
#7458 = LINE('',#7459,#7460);
#7459 = CARTESIAN_POINT('',(3.825,4.22,0.68));
#7460 = VECTOR('',#7461,1.);
#7461 = DIRECTION('',(-1.,0.,0.));
#7462 = ORIENTED_EDGE('',*,*,#7463,.F.);
#7463 = EDGE_CURVE('',#7325,#7456,#7464,.T.);
#7464 = LINE('',#7465,#7466);
#7465 = CARTESIAN_POINT('',(3.825,3.468848019692,2.141461837504));
#7466 = VECTOR('',#7467,1.);
#7467 = DIRECTION('',(0.,0.457128072221,-0.889400880137));
#7468 = ORIENTED_EDGE('',*,*,#7324,.T.);
#7469 = PLANE('',#7470);
#7470 = AXIS2_PLACEMENT_3D('',#7471,#7472,#7473);
#7471 = CARTESIAN_POINT('',(3.825,3.468848019692,2.141461837504));
#7472 = DIRECTION('',(0.,0.889400880137,0.457128072221));
#7473 = DIRECTION('',(0.,-0.457128072221,0.889400880137));
#7474 = ADVANCED_FACE('',(#7475),#7500,.F.);
#7475 = FACE_BOUND('',#7476,.T.);
#7476 = EDGE_LOOP('',(#7477,#7485,#7486,#7494));
#7477 = ORIENTED_EDGE('',*,*,#7478,.F.);
#7478 = EDGE_CURVE('',#7349,#7479,#7481,.T.);
#7479 = VERTEX_POINT('',#7480);
#7480 = CARTESIAN_POINT('',(1.325,4.22,0.68));
#7481 = LINE('',#7482,#7483);
#7482 = CARTESIAN_POINT('',(1.325,3.468848019692,2.141461837504));
#7483 = VECTOR('',#7484,1.);
#7484 = DIRECTION('',(0.,0.457128072221,-0.889400880137));
#7485 = ORIENTED_EDGE('',*,*,#7367,.T.);
#7486 = ORIENTED_EDGE('',*,*,#7487,.F.);
#7487 = EDGE_CURVE('',#7488,#7359,#7490,.T.);
#7488 = VERTEX_POINT('',#7489);
#7489 = CARTESIAN_POINT('',(0.675,4.22,0.68));
#7490 = LINE('',#7491,#7492);
#7491 = CARTESIAN_POINT('',(0.675,3.468848019692,2.141461837504));
#7492 = VECTOR('',#7493,1.);
#7493 = DIRECTION('',(0.,-0.457128072221,0.889400880137));
#7494 = ORIENTED_EDGE('',*,*,#7495,.F.);
#7495 = EDGE_CURVE('',#7479,#7488,#7496,.T.);
#7496 = LINE('',#7497,#7498);
#7497 = CARTESIAN_POINT('',(3.825,4.22,0.68));
#7498 = VECTOR('',#7499,1.);
#7499 = DIRECTION('',(-1.,0.,0.));
#7500 = PLANE('',#7501);
#7501 = AXIS2_PLACEMENT_3D('',#7502,#7503,#7504);
#7502 = CARTESIAN_POINT('',(3.825,3.468848019692,2.141461837504));
#7503 = DIRECTION('',(0.,0.889400880137,0.457128072221));
#7504 = DIRECTION('',(0.,-0.457128072221,0.889400880137));
#7505 = ADVANCED_FACE('',(#7506),#7531,.F.);
#7506 = FACE_BOUND('',#7507,.T.);
#7507 = EDGE_LOOP('',(#7508,#7516,#7517,#7525));
#7508 = ORIENTED_EDGE('',*,*,#7509,.F.);
#7509 = EDGE_CURVE('',#7382,#7510,#7512,.T.);
#7510 = VERTEX_POINT('',#7511);
#7511 = CARTESIAN_POINT('',(-0.675,4.22,0.68));
#7512 = LINE('',#7513,#7514);
#7513 = CARTESIAN_POINT('',(-0.675,3.468848019692,2.141461837504));
#7514 = VECTOR('',#7515,1.);
#7515 = DIRECTION('',(0.,0.457128072221,-0.889400880137));
#7516 = ORIENTED_EDGE('',*,*,#7400,.T.);
#7517 = ORIENTED_EDGE('',*,*,#7518,.F.);
#7518 = EDGE_CURVE('',#7519,#7392,#7521,.T.);
#7519 = VERTEX_POINT('',#7520);
#7520 = CARTESIAN_POINT('',(-1.325,4.22,0.68));
#7521 = LINE('',#7522,#7523);
#7522 = CARTESIAN_POINT('',(-1.325,3.468848019692,2.141461837504));
#7523 = VECTOR('',#7524,1.);
#7524 = DIRECTION('',(0.,-0.457128072221,0.889400880137));
#7525 = ORIENTED_EDGE('',*,*,#7526,.F.);
#7526 = EDGE_CURVE('',#7510,#7519,#7527,.T.);
#7527 = LINE('',#7528,#7529);
#7528 = CARTESIAN_POINT('',(3.825,4.22,0.68));
#7529 = VECTOR('',#7530,1.);
#7530 = DIRECTION('',(-1.,0.,0.));
#7531 = PLANE('',#7532);
#7532 = AXIS2_PLACEMENT_3D('',#7533,#7534,#7535);
#7533 = CARTESIAN_POINT('',(3.825,3.468848019692,2.141461837504));
#7534 = DIRECTION('',(0.,0.889400880137,0.457128072221));
#7535 = DIRECTION('',(0.,-0.457128072221,0.889400880137));
#7536 = ADVANCED_FACE('',(#7537),#7562,.F.);
#7537 = FACE_BOUND('',#7538,.T.);
#7538 = EDGE_LOOP('',(#7539,#7547,#7548,#7556));
#7539 = ORIENTED_EDGE('',*,*,#7540,.F.);
#7540 = EDGE_CURVE('',#7415,#7541,#7543,.T.);
#7541 = VERTEX_POINT('',#7542);
#7542 = CARTESIAN_POINT('',(-3.175,4.22,0.68));
#7543 = LINE('',#7544,#7545);
#7544 = CARTESIAN_POINT('',(-3.175,3.468848019692,2.141461837504));
#7545 = VECTOR('',#7546,1.);
#7546 = DIRECTION('',(0.,0.457128072221,-0.889400880137));
#7547 = ORIENTED_EDGE('',*,*,#7433,.T.);
#7548 = ORIENTED_EDGE('',*,*,#7549,.T.);
#7549 = EDGE_CURVE('',#7425,#7550,#7552,.T.);
#7550 = VERTEX_POINT('',#7551);
#7551 = CARTESIAN_POINT('',(-3.825,4.22,0.68));
#7552 = LINE('',#7553,#7554);
#7553 = CARTESIAN_POINT('',(-3.825,3.468848019692,2.141461837504));
#7554 = VECTOR('',#7555,1.);
#7555 = DIRECTION('',(0.,0.457128072221,-0.889400880137));
#7556 = ORIENTED_EDGE('',*,*,#7557,.F.);
#7557 = EDGE_CURVE('',#7541,#7550,#7558,.T.);
#7558 = LINE('',#7559,#7560);
#7559 = CARTESIAN_POINT('',(3.825,4.22,0.68));
#7560 = VECTOR('',#7561,1.);
#7561 = DIRECTION('',(-1.,0.,0.));
#7562 = PLANE('',#7563);
#7563 = AXIS2_PLACEMENT_3D('',#7564,#7565,#7566);
#7564 = CARTESIAN_POINT('',(3.825,3.468848019692,2.141461837504));
#7565 = DIRECTION('',(0.,0.889400880137,0.457128072221));
#7566 = DIRECTION('',(0.,-0.457128072221,0.889400880137));
#7567 = ADVANCED_FACE('',(#7568),#7662,.F.);
#7568 = FACE_BOUND('',#7569,.T.);
#7569 = EDGE_LOOP('',(#7570,#7578,#7586,#7592,#7593,#7601,#7609,#7615,
    #7616,#7624,#7632,#7638,#7639,#7647,#7655,#7661));
#7570 = ORIENTED_EDGE('',*,*,#7571,.F.);
#7571 = EDGE_CURVE('',#7572,#7448,#7574,.T.);
#7572 = VERTEX_POINT('',#7573);
#7573 = CARTESIAN_POINT('',(3.175,4.22,-1.8));
#7574 = LINE('',#7575,#7576);
#7575 = CARTESIAN_POINT('',(3.175,4.22,0.68));
#7576 = VECTOR('',#7577,1.);
#7577 = DIRECTION('',(0.,-1.311204441403E-16,1.));
#7578 = ORIENTED_EDGE('',*,*,#7579,.F.);
#7579 = EDGE_CURVE('',#7580,#7572,#7582,.T.);
#7580 = VERTEX_POINT('',#7581);
#7581 = CARTESIAN_POINT('',(1.325,4.22,-1.8));
#7582 = LINE('',#7583,#7584);
#7583 = CARTESIAN_POINT('',(3.825,4.22,-1.8));
#7584 = VECTOR('',#7585,1.);
#7585 = DIRECTION('',(1.,1.997939367703E-31,-1.523743593763E-15));
#7586 = ORIENTED_EDGE('',*,*,#7587,.F.);
#7587 = EDGE_CURVE('',#7479,#7580,#7588,.T.);
#7588 = LINE('',#7589,#7590);
#7589 = CARTESIAN_POINT('',(1.325,4.22,0.68));
#7590 = VECTOR('',#7591,1.);
#7591 = DIRECTION('',(0.,1.311204441403E-16,-1.));
#7592 = ORIENTED_EDGE('',*,*,#7495,.T.);
#7593 = ORIENTED_EDGE('',*,*,#7594,.F.);
#7594 = EDGE_CURVE('',#7595,#7488,#7597,.T.);
#7595 = VERTEX_POINT('',#7596);
#7596 = CARTESIAN_POINT('',(0.675,4.22,-1.8));
#7597 = LINE('',#7598,#7599);
#7598 = CARTESIAN_POINT('',(0.675,4.22,0.68));
#7599 = VECTOR('',#7600,1.);
#7600 = DIRECTION('',(0.,-1.311204441403E-16,1.));
#7601 = ORIENTED_EDGE('',*,*,#7602,.F.);
#7602 = EDGE_CURVE('',#7603,#7595,#7605,.T.);
#7603 = VERTEX_POINT('',#7604);
#7604 = CARTESIAN_POINT('',(-0.675,4.22,-1.8));
#7605 = LINE('',#7606,#7607);
#7606 = CARTESIAN_POINT('',(3.825,4.22,-1.8));
#7607 = VECTOR('',#7608,1.);
#7608 = DIRECTION('',(1.,1.368958455648E-30,-1.044046536468E-14));
#7609 = ORIENTED_EDGE('',*,*,#7610,.F.);
#7610 = EDGE_CURVE('',#7510,#7603,#7611,.T.);
#7611 = LINE('',#7612,#7613);
#7612 = CARTESIAN_POINT('',(-0.675,4.22,0.68));
#7613 = VECTOR('',#7614,1.);
#7614 = DIRECTION('',(0.,1.311204441403E-16,-1.));
#7615 = ORIENTED_EDGE('',*,*,#7526,.T.);
#7616 = ORIENTED_EDGE('',*,*,#7617,.F.);
#7617 = EDGE_CURVE('',#7618,#7519,#7620,.T.);
#7618 = VERTEX_POINT('',#7619);
#7619 = CARTESIAN_POINT('',(-1.325,4.22,-1.8));
#7620 = LINE('',#7621,#7622);
#7621 = CARTESIAN_POINT('',(-1.325,4.22,0.68));
#7622 = VECTOR('',#7623,1.);
#7623 = DIRECTION('',(0.,-1.311204441403E-16,1.));
#7624 = ORIENTED_EDGE('',*,*,#7625,.F.);
#7625 = EDGE_CURVE('',#7626,#7618,#7628,.T.);
#7626 = VERTEX_POINT('',#7627);
#7627 = CARTESIAN_POINT('',(-3.175,4.22,-1.8));
#7628 = LINE('',#7629,#7630);
#7629 = CARTESIAN_POINT('',(3.825,4.22,-1.8));
#7630 = VECTOR('',#7631,1.);
#7631 = DIRECTION('',(1.,-1.997939367703E-31,1.523743593763E-15));
#7632 = ORIENTED_EDGE('',*,*,#7633,.F.);
#7633 = EDGE_CURVE('',#7541,#7626,#7634,.T.);
#7634 = LINE('',#7635,#7636);
#7635 = CARTESIAN_POINT('',(-3.175,4.22,0.68));
#7636 = VECTOR('',#7637,1.);
#7637 = DIRECTION('',(0.,1.311204441403E-16,-1.));
#7638 = ORIENTED_EDGE('',*,*,#7557,.T.);
#7639 = ORIENTED_EDGE('',*,*,#7640,.T.);
#7640 = EDGE_CURVE('',#7550,#7641,#7643,.T.);
#7641 = VERTEX_POINT('',#7642);
#7642 = CARTESIAN_POINT('',(-3.825,4.22,-5.935));
#7643 = LINE('',#7644,#7645);
#7644 = CARTESIAN_POINT('',(-3.825,4.22,0.68));
#7645 = VECTOR('',#7646,1.);
#7646 = DIRECTION('',(0.,1.311204441403E-16,-1.));
#7647 = ORIENTED_EDGE('',*,*,#7648,.F.);
#7648 = EDGE_CURVE('',#7649,#7641,#7651,.T.);
#7649 = VERTEX_POINT('',#7650);
#7650 = CARTESIAN_POINT('',(3.825,4.22,-5.935));
#7651 = LINE('',#7652,#7653);
#7652 = CARTESIAN_POINT('',(3.825,4.22,-5.935));
#7653 = VECTOR('',#7654,1.);
#7654 = DIRECTION('',(-1.,0.,0.));
#7655 = ORIENTED_EDGE('',*,*,#7656,.F.);
#7656 = EDGE_CURVE('',#7456,#7649,#7657,.T.);
#7657 = LINE('',#7658,#7659);
#7658 = CARTESIAN_POINT('',(3.825,4.22,0.68));
#7659 = VECTOR('',#7660,1.);
#7660 = DIRECTION('',(0.,1.311204441403E-16,-1.));
#7661 = ORIENTED_EDGE('',*,*,#7455,.T.);
#7662 = PLANE('',#7663);
#7663 = AXIS2_PLACEMENT_3D('',#7664,#7665,#7666);
#7664 = CARTESIAN_POINT('',(3.825,4.22,0.68));
#7665 = DIRECTION('',(0.,1.,1.311204441403E-16));
#7666 = DIRECTION('',(0.,-1.311204441403E-16,1.));
#7667 = ADVANCED_FACE('',(#7668),#7798,.F.);
#7668 = FACE_BOUND('',#7669,.T.);
#7669 = EDGE_LOOP('',(#7670,#7680,#7688,#7696,#7704,#7712,#7720,#7728,
    #7736,#7744,#7752,#7760,#7768,#7776,#7784,#7792));
#7670 = ORIENTED_EDGE('',*,*,#7671,.F.);
#7671 = EDGE_CURVE('',#7672,#7674,#7676,.T.);
#7672 = VERTEX_POINT('',#7673);
#7673 = CARTESIAN_POINT('',(3.175,4.48,0.742905283906));
#7674 = VERTEX_POINT('',#7675);
#7675 = CARTESIAN_POINT('',(3.175,4.48,-1.8));
#7676 = LINE('',#7677,#7678);
#7677 = CARTESIAN_POINT('',(3.175,4.48,-6.185));
#7678 = VECTOR('',#7679,1.);
#7679 = DIRECTION('',(0.,1.251982673613E-16,-1.));
#7680 = ORIENTED_EDGE('',*,*,#7681,.F.);
#7681 = EDGE_CURVE('',#7682,#7672,#7684,.T.);
#7682 = VERTEX_POINT('',#7683);
#7683 = CARTESIAN_POINT('',(3.825,4.48,0.742905283906));
#7684 = LINE('',#7685,#7686);
#7685 = CARTESIAN_POINT('',(3.825,4.48,0.742905283906));
#7686 = VECTOR('',#7687,1.);
#7687 = DIRECTION('',(-1.,0.,0.));
#7688 = ORIENTED_EDGE('',*,*,#7689,.F.);
#7689 = EDGE_CURVE('',#7690,#7682,#7692,.T.);
#7690 = VERTEX_POINT('',#7691);
#7691 = CARTESIAN_POINT('',(3.825,4.48,-6.185));
#7692 = LINE('',#7693,#7694);
#7693 = CARTESIAN_POINT('',(3.825,4.48,-6.185));
#7694 = VECTOR('',#7695,1.);
#7695 = DIRECTION('',(0.,-1.251982673613E-16,1.));
#7696 = ORIENTED_EDGE('',*,*,#7697,.T.);
#7697 = EDGE_CURVE('',#7690,#7698,#7700,.T.);
#7698 = VERTEX_POINT('',#7699);
#7699 = CARTESIAN_POINT('',(-3.825,4.48,-6.185));
#7700 = LINE('',#7701,#7702);
#7701 = CARTESIAN_POINT('',(3.825,4.48,-6.185));
#7702 = VECTOR('',#7703,1.);
#7703 = DIRECTION('',(-1.,0.,0.));
#7704 = ORIENTED_EDGE('',*,*,#7705,.T.);
#7705 = EDGE_CURVE('',#7698,#7706,#7708,.T.);
#7706 = VERTEX_POINT('',#7707);
#7707 = CARTESIAN_POINT('',(-3.825,4.48,0.742905283906));
#7708 = LINE('',#7709,#7710);
#7709 = CARTESIAN_POINT('',(-3.825,4.48,-6.185));
#7710 = VECTOR('',#7711,1.);
#7711 = DIRECTION('',(0.,-1.251982673613E-16,1.));
#7712 = ORIENTED_EDGE('',*,*,#7713,.F.);
#7713 = EDGE_CURVE('',#7714,#7706,#7716,.T.);
#7714 = VERTEX_POINT('',#7715);
#7715 = CARTESIAN_POINT('',(-3.175,4.48,0.742905283906));
#7716 = LINE('',#7717,#7718);
#7717 = CARTESIAN_POINT('',(3.825,4.48,0.742905283906));
#7718 = VECTOR('',#7719,1.);
#7719 = DIRECTION('',(-1.,0.,0.));
#7720 = ORIENTED_EDGE('',*,*,#7721,.F.);
#7721 = EDGE_CURVE('',#7722,#7714,#7724,.T.);
#7722 = VERTEX_POINT('',#7723);
#7723 = CARTESIAN_POINT('',(-3.175,4.48,-1.8));
#7724 = LINE('',#7725,#7726);
#7725 = CARTESIAN_POINT('',(-3.175,4.48,-6.185));
#7726 = VECTOR('',#7727,1.);
#7727 = DIRECTION('',(0.,-1.251982673613E-16,1.));
#7728 = ORIENTED_EDGE('',*,*,#7729,.F.);
#7729 = EDGE_CURVE('',#7730,#7722,#7732,.T.);
#7730 = VERTEX_POINT('',#7731);
#7731 = CARTESIAN_POINT('',(-1.325,4.48,-1.8));
#7732 = LINE('',#7733,#7734);
#7733 = CARTESIAN_POINT('',(3.825,4.48,-1.8));
#7734 = VECTOR('',#7735,1.);
#7735 = DIRECTION('',(-1.,1.907700578421E-31,-1.523743593763E-15));
#7736 = ORIENTED_EDGE('',*,*,#7737,.F.);
#7737 = EDGE_CURVE('',#7738,#7730,#7740,.T.);
#7738 = VERTEX_POINT('',#7739);
#7739 = CARTESIAN_POINT('',(-1.325,4.48,0.742905283906));
#7740 = LINE('',#7741,#7742);
#7741 = CARTESIAN_POINT('',(-1.325,4.48,-6.185));
#7742 = VECTOR('',#7743,1.);
#7743 = DIRECTION('',(0.,1.251982673613E-16,-1.));
#7744 = ORIENTED_EDGE('',*,*,#7745,.F.);
#7745 = EDGE_CURVE('',#7746,#7738,#7748,.T.);
#7746 = VERTEX_POINT('',#7747);
#7747 = CARTESIAN_POINT('',(-0.675,4.48,0.742905283906));
#7748 = LINE('',#7749,#7750);
#7749 = CARTESIAN_POINT('',(3.825,4.48,0.742905283906));
#7750 = VECTOR('',#7751,1.);
#7751 = DIRECTION('',(-1.,0.,0.));
#7752 = ORIENTED_EDGE('',*,*,#7753,.F.);
#7753 = EDGE_CURVE('',#7754,#7746,#7756,.T.);
#7754 = VERTEX_POINT('',#7755);
#7755 = CARTESIAN_POINT('',(-0.675,4.48,-1.8));
#7756 = LINE('',#7757,#7758);
#7757 = CARTESIAN_POINT('',(-0.675,4.48,-6.185));
#7758 = VECTOR('',#7759,1.);
#7759 = DIRECTION('',(0.,-1.251982673613E-16,1.));
#7760 = ORIENTED_EDGE('',*,*,#7761,.F.);
#7761 = EDGE_CURVE('',#7762,#7754,#7764,.T.);
#7762 = VERTEX_POINT('',#7763);
#7763 = CARTESIAN_POINT('',(0.675,4.48,-1.8));
#7764 = LINE('',#7765,#7766);
#7765 = CARTESIAN_POINT('',(3.825,4.48,-1.8));
#7766 = VECTOR('',#7767,1.);
#7767 = DIRECTION('',(-1.,-1.307128174103E-30,1.044046536468E-14));
#7768 = ORIENTED_EDGE('',*,*,#7769,.F.);
#7769 = EDGE_CURVE('',#7770,#7762,#7772,.T.);
#7770 = VERTEX_POINT('',#7771);
#7771 = CARTESIAN_POINT('',(0.675,4.48,0.742905283906));
#7772 = LINE('',#7773,#7774);
#7773 = CARTESIAN_POINT('',(0.675,4.48,-6.185));
#7774 = VECTOR('',#7775,1.);
#7775 = DIRECTION('',(0.,1.251982673613E-16,-1.));
#7776 = ORIENTED_EDGE('',*,*,#7777,.F.);
#7777 = EDGE_CURVE('',#7778,#7770,#7780,.T.);
#7778 = VERTEX_POINT('',#7779);
#7779 = CARTESIAN_POINT('',(1.325,4.48,0.742905283906));
#7780 = LINE('',#7781,#7782);
#7781 = CARTESIAN_POINT('',(3.825,4.48,0.742905283906));
#7782 = VECTOR('',#7783,1.);
#7783 = DIRECTION('',(-1.,0.,0.));
#7784 = ORIENTED_EDGE('',*,*,#7785,.F.);
#7785 = EDGE_CURVE('',#7786,#7778,#7788,.T.);
#7786 = VERTEX_POINT('',#7787);
#7787 = CARTESIAN_POINT('',(1.325,4.48,-1.8));
#7788 = LINE('',#7789,#7790);
#7789 = CARTESIAN_POINT('',(1.325,4.48,-6.185));
#7790 = VECTOR('',#7791,1.);
#7791 = DIRECTION('',(0.,-1.251982673613E-16,1.));
#7792 = ORIENTED_EDGE('',*,*,#7793,.F.);
#7793 = EDGE_CURVE('',#7674,#7786,#7794,.T.);
#7794 = LINE('',#7795,#7796);
#7795 = CARTESIAN_POINT('',(3.825,4.48,-1.8));
#7796 = VECTOR('',#7797,1.);
#7797 = DIRECTION('',(-1.,-1.907700578421E-31,1.523743593763E-15));
#7798 = PLANE('',#7799);
#7799 = AXIS2_PLACEMENT_3D('',#7800,#7801,#7802);
#7800 = CARTESIAN_POINT('',(3.825,4.48,-6.185));
#7801 = DIRECTION('',(0.,-1.,-1.251982673613E-16));
#7802 = DIRECTION('',(0.,1.251982673613E-16,-1.));
#7803 = ADVANCED_FACE('',(#7804),#7829,.F.);
#7804 = FACE_BOUND('',#7805,.T.);
#7805 = EDGE_LOOP('',(#7806,#7814,#7822,#7828));
#7806 = ORIENTED_EDGE('',*,*,#7807,.F.);
#7807 = EDGE_CURVE('',#7808,#7672,#7810,.T.);
#7808 = VERTEX_POINT('',#7809);
#7809 = CARTESIAN_POINT('',(3.175,3.700092248528,2.260315136281));
#7810 = LINE('',#7811,#7812);
#7811 = CARTESIAN_POINT('',(3.175,4.48,0.742905283906));
#7812 = VECTOR('',#7813,1.);
#7813 = DIRECTION('',(0.,0.457128072221,-0.889400880137));
#7814 = ORIENTED_EDGE('',*,*,#7815,.F.);
#7815 = EDGE_CURVE('',#7816,#7808,#7818,.T.);
#7816 = VERTEX_POINT('',#7817);
#7817 = CARTESIAN_POINT('',(3.825,3.700092248528,2.260315136281));
#7818 = LINE('',#7819,#7820);
#7819 = CARTESIAN_POINT('',(3.825,3.700092248528,2.260315136281));
#7820 = VECTOR('',#7821,1.);
#7821 = DIRECTION('',(-1.,0.,0.));
#7822 = ORIENTED_EDGE('',*,*,#7823,.F.);
#7823 = EDGE_CURVE('',#7682,#7816,#7824,.T.);
#7824 = LINE('',#7825,#7826);
#7825 = CARTESIAN_POINT('',(3.825,4.48,0.742905283906));
#7826 = VECTOR('',#7827,1.);
#7827 = DIRECTION('',(0.,-0.457128072221,0.889400880137));
#7828 = ORIENTED_EDGE('',*,*,#7681,.T.);
#7829 = PLANE('',#7830);
#7830 = AXIS2_PLACEMENT_3D('',#7831,#7832,#7833);
#7831 = CARTESIAN_POINT('',(3.825,4.48,0.742905283906));
#7832 = DIRECTION('',(0.,-0.889400880137,-0.457128072221));
#7833 = DIRECTION('',(0.,0.457128072221,-0.889400880137));
#7834 = ADVANCED_FACE('',(#7835),#7860,.F.);
#7835 = FACE_BOUND('',#7836,.T.);
#7836 = EDGE_LOOP('',(#7837,#7845,#7846,#7854));
#7837 = ORIENTED_EDGE('',*,*,#7838,.F.);
#7838 = EDGE_CURVE('',#7778,#7839,#7841,.T.);
#7839 = VERTEX_POINT('',#7840);
#7840 = CARTESIAN_POINT('',(1.325,3.700092248528,2.260315136281));
#7841 = LINE('',#7842,#7843);
#7842 = CARTESIAN_POINT('',(1.325,4.48,0.742905283906));
#7843 = VECTOR('',#7844,1.);
#7844 = DIRECTION('',(0.,-0.457128072221,0.889400880137));
#7845 = ORIENTED_EDGE('',*,*,#7777,.T.);
#7846 = ORIENTED_EDGE('',*,*,#7847,.F.);
#7847 = EDGE_CURVE('',#7848,#7770,#7850,.T.);
#7848 = VERTEX_POINT('',#7849);
#7849 = CARTESIAN_POINT('',(0.675,3.700092248528,2.260315136281));
#7850 = LINE('',#7851,#7852);
#7851 = CARTESIAN_POINT('',(0.675,4.48,0.742905283906));
#7852 = VECTOR('',#7853,1.);
#7853 = DIRECTION('',(0.,0.457128072221,-0.889400880137));
#7854 = ORIENTED_EDGE('',*,*,#7855,.F.);
#7855 = EDGE_CURVE('',#7839,#7848,#7856,.T.);
#7856 = LINE('',#7857,#7858);
#7857 = CARTESIAN_POINT('',(3.825,3.700092248528,2.260315136281));
#7858 = VECTOR('',#7859,1.);
#7859 = DIRECTION('',(-1.,0.,0.));
#7860 = PLANE('',#7861);
#7861 = AXIS2_PLACEMENT_3D('',#7862,#7863,#7864);
#7862 = CARTESIAN_POINT('',(3.825,4.48,0.742905283906));
#7863 = DIRECTION('',(0.,-0.889400880137,-0.457128072221));
#7864 = DIRECTION('',(0.,0.457128072221,-0.889400880137));
#7865 = ADVANCED_FACE('',(#7866),#7891,.F.);
#7866 = FACE_BOUND('',#7867,.T.);
#7867 = EDGE_LOOP('',(#7868,#7876,#7877,#7885));
#7868 = ORIENTED_EDGE('',*,*,#7869,.F.);
#7869 = EDGE_CURVE('',#7746,#7870,#7872,.T.);
#7870 = VERTEX_POINT('',#7871);
#7871 = CARTESIAN_POINT('',(-0.675,3.700092248528,2.260315136281));
#7872 = LINE('',#7873,#7874);
#7873 = CARTESIAN_POINT('',(-0.675,4.48,0.742905283906));
#7874 = VECTOR('',#7875,1.);
#7875 = DIRECTION('',(0.,-0.457128072221,0.889400880137));
#7876 = ORIENTED_EDGE('',*,*,#7745,.T.);
#7877 = ORIENTED_EDGE('',*,*,#7878,.F.);
#7878 = EDGE_CURVE('',#7879,#7738,#7881,.T.);
#7879 = VERTEX_POINT('',#7880);
#7880 = CARTESIAN_POINT('',(-1.325,3.700092248528,2.260315136281));
#7881 = LINE('',#7882,#7883);
#7882 = CARTESIAN_POINT('',(-1.325,4.48,0.742905283906));
#7883 = VECTOR('',#7884,1.);
#7884 = DIRECTION('',(0.,0.457128072221,-0.889400880137));
#7885 = ORIENTED_EDGE('',*,*,#7886,.F.);
#7886 = EDGE_CURVE('',#7870,#7879,#7887,.T.);
#7887 = LINE('',#7888,#7889);
#7888 = CARTESIAN_POINT('',(3.825,3.700092248528,2.260315136281));
#7889 = VECTOR('',#7890,1.);
#7890 = DIRECTION('',(-1.,0.,0.));
#7891 = PLANE('',#7892);
#7892 = AXIS2_PLACEMENT_3D('',#7893,#7894,#7895);
#7893 = CARTESIAN_POINT('',(3.825,4.48,0.742905283906));
#7894 = DIRECTION('',(0.,-0.889400880137,-0.457128072221));
#7895 = DIRECTION('',(0.,0.457128072221,-0.889400880137));
#7896 = ADVANCED_FACE('',(#7897),#7922,.F.);
#7897 = FACE_BOUND('',#7898,.T.);
#7898 = EDGE_LOOP('',(#7899,#7907,#7908,#7916));
#7899 = ORIENTED_EDGE('',*,*,#7900,.F.);
#7900 = EDGE_CURVE('',#7714,#7901,#7903,.T.);
#7901 = VERTEX_POINT('',#7902);
#7902 = CARTESIAN_POINT('',(-3.175,3.700092248528,2.260315136281));
#7903 = LINE('',#7904,#7905);
#7904 = CARTESIAN_POINT('',(-3.175,4.48,0.742905283906));
#7905 = VECTOR('',#7906,1.);
#7906 = DIRECTION('',(0.,-0.457128072221,0.889400880137));
#7907 = ORIENTED_EDGE('',*,*,#7713,.T.);
#7908 = ORIENTED_EDGE('',*,*,#7909,.T.);
#7909 = EDGE_CURVE('',#7706,#7910,#7912,.T.);
#7910 = VERTEX_POINT('',#7911);
#7911 = CARTESIAN_POINT('',(-3.825,3.700092248528,2.260315136281));
#7912 = LINE('',#7913,#7914);
#7913 = CARTESIAN_POINT('',(-3.825,4.48,0.742905283906));
#7914 = VECTOR('',#7915,1.);
#7915 = DIRECTION('',(0.,-0.457128072221,0.889400880137));
#7916 = ORIENTED_EDGE('',*,*,#7917,.F.);
#7917 = EDGE_CURVE('',#7901,#7910,#7918,.T.);
#7918 = LINE('',#7919,#7920);
#7919 = CARTESIAN_POINT('',(3.825,3.700092248528,2.260315136281));
#7920 = VECTOR('',#7921,1.);
#7921 = DIRECTION('',(-1.,0.,0.));
#7922 = PLANE('',#7923);
#7923 = AXIS2_PLACEMENT_3D('',#7924,#7925,#7926);
#7924 = CARTESIAN_POINT('',(3.825,4.48,0.742905283906));
#7925 = DIRECTION('',(0.,-0.889400880137,-0.457128072221));
#7926 = DIRECTION('',(0.,0.457128072221,-0.889400880137));
#7927 = ADVANCED_FACE('',(#7928),#7955,.F.);
#7928 = FACE_BOUND('',#7929,.F.);
#7929 = EDGE_LOOP('',(#7930,#7939,#7947,#7954));
#7930 = ORIENTED_EDGE('',*,*,#7931,.F.);
#7931 = EDGE_CURVE('',#7932,#7816,#7934,.T.);
#7932 = VERTEX_POINT('',#7933);
#7933 = CARTESIAN_POINT('',(3.825,3.700092248528,4.079684863719));
#7934 = CIRCLE('',#7935,1.99);
#7935 = AXIS2_PLACEMENT_3D('',#7936,#7937,#7938);
#7936 = CARTESIAN_POINT('',(3.825,5.47,3.17));
#7937 = DIRECTION('',(1.,0.,0.));
#7938 = DIRECTION('',(0.,0.,-1.));
#7939 = ORIENTED_EDGE('',*,*,#7940,.T.);
#7940 = EDGE_CURVE('',#7932,#7941,#7943,.T.);
#7941 = VERTEX_POINT('',#7942);
#7942 = CARTESIAN_POINT('',(3.175,3.700092248528,4.079684863719));
#7943 = LINE('',#7944,#7945);
#7944 = CARTESIAN_POINT('',(3.825,3.700092248528,4.079684863719));
#7945 = VECTOR('',#7946,1.);
#7946 = DIRECTION('',(-1.,0.,0.));
#7947 = ORIENTED_EDGE('',*,*,#7948,.F.);
#7948 = EDGE_CURVE('',#7808,#7941,#7949,.T.);
#7949 = CIRCLE('',#7950,1.99);
#7950 = AXIS2_PLACEMENT_3D('',#7951,#7952,#7953);
#7951 = CARTESIAN_POINT('',(3.175,5.47,3.17));
#7952 = DIRECTION('',(-1.,0.,0.));
#7953 = DIRECTION('',(0.,0.,1.));
#7954 = ORIENTED_EDGE('',*,*,#7815,.F.);
#7955 = CYLINDRICAL_SURFACE('',#7956,1.99);
#7956 = AXIS2_PLACEMENT_3D('',#7957,#7958,#7959);
#7957 = CARTESIAN_POINT('',(3.825,5.47,3.17));
#7958 = DIRECTION('',(-1.,0.,0.));
#7959 = DIRECTION('',(0.,0.,1.));
#7960 = ADVANCED_FACE('',(#7961),#7988,.F.);
#7961 = FACE_BOUND('',#7962,.F.);
#7962 = EDGE_LOOP('',(#7963,#7972,#7973,#7982));
#7963 = ORIENTED_EDGE('',*,*,#7964,.F.);
#7964 = EDGE_CURVE('',#7848,#7965,#7967,.T.);
#7965 = VERTEX_POINT('',#7966);
#7966 = CARTESIAN_POINT('',(0.675,3.700092248528,4.079684863719));
#7967 = CIRCLE('',#7968,1.99);
#7968 = AXIS2_PLACEMENT_3D('',#7969,#7970,#7971);
#7969 = CARTESIAN_POINT('',(0.675,5.47,3.17));
#7970 = DIRECTION('',(-1.,0.,0.));
#7971 = DIRECTION('',(0.,0.,1.));
#7972 = ORIENTED_EDGE('',*,*,#7855,.F.);
#7973 = ORIENTED_EDGE('',*,*,#7974,.F.);
#7974 = EDGE_CURVE('',#7975,#7839,#7977,.T.);
#7975 = VERTEX_POINT('',#7976);
#7976 = CARTESIAN_POINT('',(1.325,3.700092248528,4.079684863719));
#7977 = CIRCLE('',#7978,1.99);
#7978 = AXIS2_PLACEMENT_3D('',#7979,#7980,#7981);
#7979 = CARTESIAN_POINT('',(1.325,5.47,3.17));
#7980 = DIRECTION('',(1.,0.,0.));
#7981 = DIRECTION('',(0.,0.,-1.));
#7982 = ORIENTED_EDGE('',*,*,#7983,.T.);
#7983 = EDGE_CURVE('',#7975,#7965,#7984,.T.);
#7984 = LINE('',#7985,#7986);
#7985 = CARTESIAN_POINT('',(3.825,3.700092248528,4.079684863719));
#7986 = VECTOR('',#7987,1.);
#7987 = DIRECTION('',(-1.,0.,0.));
#7988 = CYLINDRICAL_SURFACE('',#7989,1.99);
#7989 = AXIS2_PLACEMENT_3D('',#7990,#7991,#7992);
#7990 = CARTESIAN_POINT('',(3.825,5.47,3.17));
#7991 = DIRECTION('',(-1.,0.,0.));
#7992 = DIRECTION('',(0.,0.,1.));
#7993 = ADVANCED_FACE('',(#7994),#8021,.F.);
#7994 = FACE_BOUND('',#7995,.F.);
#7995 = EDGE_LOOP('',(#7996,#8005,#8006,#8015));
#7996 = ORIENTED_EDGE('',*,*,#7997,.F.);
#7997 = EDGE_CURVE('',#7879,#7998,#8000,.T.);
#7998 = VERTEX_POINT('',#7999);
#7999 = CARTESIAN_POINT('',(-1.325,3.700092248528,4.079684863719));
#8000 = CIRCLE('',#8001,1.99);
#8001 = AXIS2_PLACEMENT_3D('',#8002,#8003,#8004);
#8002 = CARTESIAN_POINT('',(-1.325,5.47,3.17));
#8003 = DIRECTION('',(-1.,0.,0.));
#8004 = DIRECTION('',(0.,0.,1.));
#8005 = ORIENTED_EDGE('',*,*,#7886,.F.);
#8006 = ORIENTED_EDGE('',*,*,#8007,.F.);
#8007 = EDGE_CURVE('',#8008,#7870,#8010,.T.);
#8008 = VERTEX_POINT('',#8009);
#8009 = CARTESIAN_POINT('',(-0.675,3.700092248528,4.079684863719));
#8010 = CIRCLE('',#8011,1.99);
#8011 = AXIS2_PLACEMENT_3D('',#8012,#8013,#8014);
#8012 = CARTESIAN_POINT('',(-0.675,5.47,3.17));
#8013 = DIRECTION('',(1.,0.,0.));
#8014 = DIRECTION('',(0.,0.,-1.));
#8015 = ORIENTED_EDGE('',*,*,#8016,.T.);
#8016 = EDGE_CURVE('',#8008,#7998,#8017,.T.);
#8017 = LINE('',#8018,#8019);
#8018 = CARTESIAN_POINT('',(3.825,3.700092248528,4.079684863719));
#8019 = VECTOR('',#8020,1.);
#8020 = DIRECTION('',(-1.,0.,0.));
#8021 = CYLINDRICAL_SURFACE('',#8022,1.99);
#8022 = AXIS2_PLACEMENT_3D('',#8023,#8024,#8025);
#8023 = CARTESIAN_POINT('',(3.825,5.47,3.17));
#8024 = DIRECTION('',(-1.,0.,0.));
#8025 = DIRECTION('',(0.,0.,1.));
#8026 = ADVANCED_FACE('',(#8027),#8054,.F.);
#8027 = FACE_BOUND('',#8028,.F.);
#8028 = EDGE_LOOP('',(#8029,#8038,#8039,#8048));
#8029 = ORIENTED_EDGE('',*,*,#8030,.T.);
#8030 = EDGE_CURVE('',#8031,#7910,#8033,.T.);
#8031 = VERTEX_POINT('',#8032);
#8032 = CARTESIAN_POINT('',(-3.825,3.700092248528,4.079684863719));
#8033 = CIRCLE('',#8034,1.99);
#8034 = AXIS2_PLACEMENT_3D('',#8035,#8036,#8037);
#8035 = CARTESIAN_POINT('',(-3.825,5.47,3.17));
#8036 = DIRECTION('',(1.,0.,0.));
#8037 = DIRECTION('',(0.,0.,-1.));
#8038 = ORIENTED_EDGE('',*,*,#7917,.F.);
#8039 = ORIENTED_EDGE('',*,*,#8040,.F.);
#8040 = EDGE_CURVE('',#8041,#7901,#8043,.T.);
#8041 = VERTEX_POINT('',#8042);
#8042 = CARTESIAN_POINT('',(-3.175,3.700092248528,4.079684863719));
#8043 = CIRCLE('',#8044,1.99);
#8044 = AXIS2_PLACEMENT_3D('',#8045,#8046,#8047);
#8045 = CARTESIAN_POINT('',(-3.175,5.47,3.17));
#8046 = DIRECTION('',(1.,0.,0.));
#8047 = DIRECTION('',(0.,0.,-1.));
#8048 = ORIENTED_EDGE('',*,*,#8049,.T.);
#8049 = EDGE_CURVE('',#8041,#8031,#8050,.T.);
#8050 = LINE('',#8051,#8052);
#8051 = CARTESIAN_POINT('',(3.825,3.700092248528,4.079684863719));
#8052 = VECTOR('',#8053,1.);
#8053 = DIRECTION('',(-1.,0.,0.));
#8054 = CYLINDRICAL_SURFACE('',#8055,1.99);
#8055 = AXIS2_PLACEMENT_3D('',#8056,#8057,#8058);
#8056 = CARTESIAN_POINT('',(3.825,5.47,3.17));
#8057 = DIRECTION('',(-1.,0.,0.));
#8058 = DIRECTION('',(0.,0.,1.));
#8059 = ADVANCED_FACE('',(#8060),#8076,.F.);
#8060 = FACE_BOUND('',#8061,.T.);
#8061 = EDGE_LOOP('',(#8062,#8068,#8069,#8075));
#8062 = ORIENTED_EDGE('',*,*,#8063,.F.);
#8063 = EDGE_CURVE('',#7034,#7941,#8064,.T.);
#8064 = LINE('',#8065,#8066);
#8065 = CARTESIAN_POINT('',(3.175,3.700092248528,4.079684863719));
#8066 = VECTOR('',#8067,1.);
#8067 = DIRECTION('',(0.,-0.457128072221,-0.889400880137));
#8068 = ORIENTED_EDGE('',*,*,#7057,.F.);
#8069 = ORIENTED_EDGE('',*,*,#8070,.F.);
#8070 = EDGE_CURVE('',#7932,#7050,#8071,.T.);
#8071 = LINE('',#8072,#8073);
#8072 = CARTESIAN_POINT('',(3.825,3.700092248528,4.079684863719));
#8073 = VECTOR('',#8074,1.);
#8074 = DIRECTION('',(0.,0.457128072221,0.889400880137));
#8075 = ORIENTED_EDGE('',*,*,#7940,.T.);
#8076 = PLANE('',#8077);
#8077 = AXIS2_PLACEMENT_3D('',#8078,#8079,#8080);
#8078 = CARTESIAN_POINT('',(3.825,3.700092248528,4.079684863719));
#8079 = DIRECTION('',(0.,-0.889400880137,0.457128072221));
#8080 = DIRECTION('',(0.,-0.457128072221,-0.889400880137));
#8081 = ADVANCED_FACE('',(#8082),#8098,.F.);
#8082 = FACE_BOUND('',#8083,.T.);
#8083 = EDGE_LOOP('',(#8084,#8090,#8091,#8097));
#8084 = ORIENTED_EDGE('',*,*,#8085,.F.);
#8085 = EDGE_CURVE('',#7975,#7072,#8086,.T.);
#8086 = LINE('',#8087,#8088);
#8087 = CARTESIAN_POINT('',(1.325,3.700092248528,4.079684863719));
#8088 = VECTOR('',#8089,1.);
#8089 = DIRECTION('',(0.,0.457128072221,0.889400880137));
#8090 = ORIENTED_EDGE('',*,*,#7983,.T.);
#8091 = ORIENTED_EDGE('',*,*,#8092,.F.);
#8092 = EDGE_CURVE('',#7082,#7965,#8093,.T.);
#8093 = LINE('',#8094,#8095);
#8094 = CARTESIAN_POINT('',(0.675,3.700092248528,4.079684863719));
#8095 = VECTOR('',#8096,1.);
#8096 = DIRECTION('',(0.,-0.457128072221,-0.889400880137));
#8097 = ORIENTED_EDGE('',*,*,#7081,.F.);
#8098 = PLANE('',#8099);
#8099 = AXIS2_PLACEMENT_3D('',#8100,#8101,#8102);
#8100 = CARTESIAN_POINT('',(3.825,3.700092248528,4.079684863719));
#8101 = DIRECTION('',(0.,-0.889400880137,0.457128072221));
#8102 = DIRECTION('',(0.,-0.457128072221,-0.889400880137));
#8103 = ADVANCED_FACE('',(#8104),#8120,.F.);
#8104 = FACE_BOUND('',#8105,.T.);
#8105 = EDGE_LOOP('',(#8106,#8112,#8113,#8119));
#8106 = ORIENTED_EDGE('',*,*,#8107,.F.);
#8107 = EDGE_CURVE('',#8008,#7112,#8108,.T.);
#8108 = LINE('',#8109,#8110);
#8109 = CARTESIAN_POINT('',(-0.675,3.700092248528,4.079684863719));
#8110 = VECTOR('',#8111,1.);
#8111 = DIRECTION('',(0.,0.457128072221,0.889400880137));
#8112 = ORIENTED_EDGE('',*,*,#8016,.T.);
#8113 = ORIENTED_EDGE('',*,*,#8114,.F.);
#8114 = EDGE_CURVE('',#7122,#7998,#8115,.T.);
#8115 = LINE('',#8116,#8117);
#8116 = CARTESIAN_POINT('',(-1.325,3.700092248528,4.079684863719));
#8117 = VECTOR('',#8118,1.);
#8118 = DIRECTION('',(0.,-0.457128072221,-0.889400880137));
#8119 = ORIENTED_EDGE('',*,*,#7121,.F.);
#8120 = PLANE('',#8121);
#8121 = AXIS2_PLACEMENT_3D('',#8122,#8123,#8124);
#8122 = CARTESIAN_POINT('',(3.825,3.700092248528,4.079684863719));
#8123 = DIRECTION('',(0.,-0.889400880137,0.457128072221));
#8124 = DIRECTION('',(0.,-0.457128072221,-0.889400880137));
#8125 = ADVANCED_FACE('',(#8126),#8142,.F.);
#8126 = FACE_BOUND('',#8127,.T.);
#8127 = EDGE_LOOP('',(#8128,#8134,#8135,#8141));
#8128 = ORIENTED_EDGE('',*,*,#8129,.F.);
#8129 = EDGE_CURVE('',#8041,#7152,#8130,.T.);
#8130 = LINE('',#8131,#8132);
#8131 = CARTESIAN_POINT('',(-3.175,3.700092248528,4.079684863719));
#8132 = VECTOR('',#8133,1.);
#8133 = DIRECTION('',(0.,0.457128072221,0.889400880137));
#8134 = ORIENTED_EDGE('',*,*,#8049,.T.);
#8135 = ORIENTED_EDGE('',*,*,#8136,.T.);
#8136 = EDGE_CURVE('',#8031,#7162,#8137,.T.);
#8137 = LINE('',#8138,#8139);
#8138 = CARTESIAN_POINT('',(-3.825,3.700092248528,4.079684863719));
#8139 = VECTOR('',#8140,1.);
#8140 = DIRECTION('',(0.,0.457128072221,0.889400880137));
#8141 = ORIENTED_EDGE('',*,*,#7161,.F.);
#8142 = PLANE('',#8143);
#8143 = AXIS2_PLACEMENT_3D('',#8144,#8145,#8146);
#8144 = CARTESIAN_POINT('',(3.825,3.700092248528,4.079684863719));
#8145 = DIRECTION('',(0.,-0.889400880137,0.457128072221));
#8146 = DIRECTION('',(0.,-0.457128072221,-0.889400880137));
#8147 = ADVANCED_FACE('',(#8148),#8242,.F.);
#8148 = FACE_BOUND('',#8149,.T.);
#8149 = EDGE_LOOP('',(#8150,#8160,#8166,#8167,#8173,#8174,#8182,#8190,
    #8198,#8206,#8212,#8213,#8221,#8229,#8235,#8236));
#8150 = ORIENTED_EDGE('',*,*,#8151,.T.);
#8151 = EDGE_CURVE('',#8152,#8154,#8156,.T.);
#8152 = VERTEX_POINT('',#8153);
#8153 = CARTESIAN_POINT('',(1.325,2.8,-5.935));
#8154 = VERTEX_POINT('',#8155);
#8155 = CARTESIAN_POINT('',(3.175,2.8,-5.935));
#8156 = LINE('',#8157,#8158);
#8157 = CARTESIAN_POINT('',(3.825,2.8,-5.935));
#8158 = VECTOR('',#8159,1.);
#8159 = DIRECTION('',(1.,1.406532548089E-15,0.));
#8160 = ORIENTED_EDGE('',*,*,#8161,.T.);
#8161 = EDGE_CURVE('',#8154,#6914,#8162,.T.);
#8162 = LINE('',#8163,#8164);
#8163 = CARTESIAN_POINT('',(3.175,4.22,-5.935));
#8164 = VECTOR('',#8165,1.);
#8165 = DIRECTION('',(0.,-1.,0.));
#8166 = ORIENTED_EDGE('',*,*,#6911,.F.);
#8167 = ORIENTED_EDGE('',*,*,#8168,.F.);
#8168 = EDGE_CURVE('',#7649,#6912,#8169,.T.);
#8169 = LINE('',#8170,#8171);
#8170 = CARTESIAN_POINT('',(3.825,4.22,-5.935));
#8171 = VECTOR('',#8172,1.);
#8172 = DIRECTION('',(0.,-1.,0.));
#8173 = ORIENTED_EDGE('',*,*,#7648,.T.);
#8174 = ORIENTED_EDGE('',*,*,#8175,.T.);
#8175 = EDGE_CURVE('',#7641,#8176,#8178,.T.);
#8176 = VERTEX_POINT('',#8177);
#8177 = CARTESIAN_POINT('',(-3.825,-3.02,-5.935));
#8178 = LINE('',#8179,#8180);
#8179 = CARTESIAN_POINT('',(-3.825,4.22,-5.935));
#8180 = VECTOR('',#8181,1.);
#8181 = DIRECTION('',(0.,-1.,0.));
#8182 = ORIENTED_EDGE('',*,*,#8183,.F.);
#8183 = EDGE_CURVE('',#8184,#8176,#8186,.T.);
#8184 = VERTEX_POINT('',#8185);
#8185 = CARTESIAN_POINT('',(-3.175,-3.02,-5.935));
#8186 = LINE('',#8187,#8188);
#8187 = CARTESIAN_POINT('',(3.825,-3.02,-5.935));
#8188 = VECTOR('',#8189,1.);
#8189 = DIRECTION('',(-1.,0.,0.));
#8190 = ORIENTED_EDGE('',*,*,#8191,.T.);
#8191 = EDGE_CURVE('',#8184,#8192,#8194,.T.);
#8192 = VERTEX_POINT('',#8193);
#8193 = CARTESIAN_POINT('',(-3.175,2.8,-5.935));
#8194 = LINE('',#8195,#8196);
#8195 = CARTESIAN_POINT('',(-3.175,4.22,-5.935));
#8196 = VECTOR('',#8197,1.);
#8197 = DIRECTION('',(0.,1.,0.));
#8198 = ORIENTED_EDGE('',*,*,#8199,.T.);
#8199 = EDGE_CURVE('',#8192,#8200,#8202,.T.);
#8200 = VERTEX_POINT('',#8201);
#8201 = CARTESIAN_POINT('',(-1.325,2.8,-5.935));
#8202 = LINE('',#8203,#8204);
#8203 = CARTESIAN_POINT('',(3.825,2.8,-5.935));
#8204 = VECTOR('',#8205,1.);
#8205 = DIRECTION('',(1.,-1.406532548089E-15,0.));
#8206 = ORIENTED_EDGE('',*,*,#8207,.T.);
#8207 = EDGE_CURVE('',#8200,#7010,#8208,.T.);
#8208 = LINE('',#8209,#8210);
#8209 = CARTESIAN_POINT('',(-1.325,4.22,-5.935));
#8210 = VECTOR('',#8211,1.);
#8211 = DIRECTION('',(0.,-1.,0.));
#8212 = ORIENTED_EDGE('',*,*,#7009,.F.);
#8213 = ORIENTED_EDGE('',*,*,#8214,.T.);
#8214 = EDGE_CURVE('',#7002,#8215,#8217,.T.);
#8215 = VERTEX_POINT('',#8216);
#8216 = CARTESIAN_POINT('',(-0.675,2.8,-5.935));
#8217 = LINE('',#8218,#8219);
#8218 = CARTESIAN_POINT('',(-0.675,4.22,-5.935));
#8219 = VECTOR('',#8220,1.);
#8220 = DIRECTION('',(0.,1.,0.));
#8221 = ORIENTED_EDGE('',*,*,#8222,.T.);
#8222 = EDGE_CURVE('',#8215,#8223,#8225,.T.);
#8223 = VERTEX_POINT('',#8224);
#8224 = CARTESIAN_POINT('',(0.675,2.8,-5.935));
#8225 = LINE('',#8226,#8227);
#8226 = CARTESIAN_POINT('',(3.825,2.8,-5.935));
#8227 = VECTOR('',#8228,1.);
#8228 = DIRECTION('',(1.,1.060108790875E-14,0.));
#8229 = ORIENTED_EDGE('',*,*,#8230,.T.);
#8230 = EDGE_CURVE('',#8223,#6970,#8231,.T.);
#8231 = LINE('',#8232,#8233);
#8232 = CARTESIAN_POINT('',(0.675,4.22,-5.935));
#8233 = VECTOR('',#8234,1.);
#8234 = DIRECTION('',(0.,-1.,0.));
#8235 = ORIENTED_EDGE('',*,*,#6969,.F.);
#8236 = ORIENTED_EDGE('',*,*,#8237,.T.);
#8237 = EDGE_CURVE('',#6962,#8152,#8238,.T.);
#8238 = LINE('',#8239,#8240);
#8239 = CARTESIAN_POINT('',(1.325,4.22,-5.935));
#8240 = VECTOR('',#8241,1.);
#8241 = DIRECTION('',(0.,1.,0.));
#8242 = PLANE('',#8243);
#8243 = AXIS2_PLACEMENT_3D('',#8244,#8245,#8246);
#8244 = CARTESIAN_POINT('',(3.825,4.22,-5.935));
#8245 = DIRECTION('',(0.,0.,-1.));
#8246 = DIRECTION('',(-1.,0.,0.));
#8247 = ADVANCED_FACE('',(#8248),#8273,.F.);
#8248 = FACE_BOUND('',#8249,.T.);
#8249 = EDGE_LOOP('',(#8250,#8260,#8266,#8267));
#8250 = ORIENTED_EDGE('',*,*,#8251,.F.);
#8251 = EDGE_CURVE('',#8252,#8254,#8256,.T.);
#8252 = VERTEX_POINT('',#8253);
#8253 = CARTESIAN_POINT('',(-3.175,-3.02,-6.185));
#8254 = VERTEX_POINT('',#8255);
#8255 = CARTESIAN_POINT('',(-3.825,-3.02,-6.185));
#8256 = LINE('',#8257,#8258);
#8257 = CARTESIAN_POINT('',(3.825,-3.02,-6.185));
#8258 = VECTOR('',#8259,1.);
#8259 = DIRECTION('',(-1.,0.,0.));
#8260 = ORIENTED_EDGE('',*,*,#8261,.T.);
#8261 = EDGE_CURVE('',#8252,#8184,#8262,.T.);
#8262 = LINE('',#8263,#8264);
#8263 = CARTESIAN_POINT('',(-3.175,-3.02,-5.935));
#8264 = VECTOR('',#8265,1.);
#8265 = DIRECTION('',(0.,1.734723475977E-15,1.));
#8266 = ORIENTED_EDGE('',*,*,#8183,.T.);
#8267 = ORIENTED_EDGE('',*,*,#8268,.T.);
#8268 = EDGE_CURVE('',#8176,#8254,#8269,.T.);
#8269 = LINE('',#8270,#8271);
#8270 = CARTESIAN_POINT('',(-3.825,-3.02,-5.935));
#8271 = VECTOR('',#8272,1.);
#8272 = DIRECTION('',(0.,-1.734723475977E-15,-1.));
#8273 = PLANE('',#8274);
#8274 = AXIS2_PLACEMENT_3D('',#8275,#8276,#8277);
#8275 = CARTESIAN_POINT('',(3.825,-3.02,-5.935));
#8276 = DIRECTION('',(0.,1.,-1.734723475977E-15));
#8277 = DIRECTION('',(0.,1.734723475977E-15,1.));
#8278 = ADVANCED_FACE('',(#8279),#8364,.F.);
#8279 = FACE_BOUND('',#8280,.T.);
#8280 = EDGE_LOOP('',(#8281,#8282,#8290,#8298,#8304,#8305,#8313,#8321,
    #8327,#8328,#8336,#8344,#8350,#8351,#8357,#8358));
#8281 = ORIENTED_EDGE('',*,*,#6929,.T.);
#8282 = ORIENTED_EDGE('',*,*,#8283,.T.);
#8283 = EDGE_CURVE('',#6922,#8284,#8286,.T.);
#8284 = VERTEX_POINT('',#8285);
#8285 = CARTESIAN_POINT('',(3.175,2.8,-6.185));
#8286 = LINE('',#8287,#8288);
#8287 = CARTESIAN_POINT('',(3.175,-3.02,-6.185));
#8288 = VECTOR('',#8289,1.);
#8289 = DIRECTION('',(0.,1.,0.));
#8290 = ORIENTED_EDGE('',*,*,#8291,.T.);
#8291 = EDGE_CURVE('',#8284,#8292,#8294,.T.);
#8292 = VERTEX_POINT('',#8293);
#8293 = CARTESIAN_POINT('',(1.325,2.8,-6.185));
#8294 = LINE('',#8295,#8296);
#8295 = CARTESIAN_POINT('',(3.825,2.8,-6.185));
#8296 = VECTOR('',#8297,1.);
#8297 = DIRECTION('',(-1.,-1.406532548089E-15,0.));
#8298 = ORIENTED_EDGE('',*,*,#8299,.T.);
#8299 = EDGE_CURVE('',#8292,#6952,#8300,.T.);
#8300 = LINE('',#8301,#8302);
#8301 = CARTESIAN_POINT('',(1.325,-3.02,-6.185));
#8302 = VECTOR('',#8303,1.);
#8303 = DIRECTION('',(0.,-1.,0.));
#8304 = ORIENTED_EDGE('',*,*,#6951,.T.);
#8305 = ORIENTED_EDGE('',*,*,#8306,.T.);
#8306 = EDGE_CURVE('',#6954,#8307,#8309,.T.);
#8307 = VERTEX_POINT('',#8308);
#8308 = CARTESIAN_POINT('',(0.675,2.8,-6.185));
#8309 = LINE('',#8310,#8311);
#8310 = CARTESIAN_POINT('',(0.675,-3.02,-6.185));
#8311 = VECTOR('',#8312,1.);
#8312 = DIRECTION('',(0.,1.,0.));
#8313 = ORIENTED_EDGE('',*,*,#8314,.T.);
#8314 = EDGE_CURVE('',#8307,#8315,#8317,.T.);
#8315 = VERTEX_POINT('',#8316);
#8316 = CARTESIAN_POINT('',(-0.675,2.8,-6.185));
#8317 = LINE('',#8318,#8319);
#8318 = CARTESIAN_POINT('',(3.825,2.8,-6.185));
#8319 = VECTOR('',#8320,1.);
#8320 = DIRECTION('',(-1.,-1.060108790875E-14,0.));
#8321 = ORIENTED_EDGE('',*,*,#8322,.T.);
#8322 = EDGE_CURVE('',#8315,#6992,#8323,.T.);
#8323 = LINE('',#8324,#8325);
#8324 = CARTESIAN_POINT('',(-0.675,-3.02,-6.185));
#8325 = VECTOR('',#8326,1.);
#8326 = DIRECTION('',(0.,-1.,0.));
#8327 = ORIENTED_EDGE('',*,*,#6991,.T.);
#8328 = ORIENTED_EDGE('',*,*,#8329,.T.);
#8329 = EDGE_CURVE('',#6994,#8330,#8332,.T.);
#8330 = VERTEX_POINT('',#8331);
#8331 = CARTESIAN_POINT('',(-1.325,2.8,-6.185));
#8332 = LINE('',#8333,#8334);
#8333 = CARTESIAN_POINT('',(-1.325,-3.02,-6.185));
#8334 = VECTOR('',#8335,1.);
#8335 = DIRECTION('',(0.,1.,0.));
#8336 = ORIENTED_EDGE('',*,*,#8337,.T.);
#8337 = EDGE_CURVE('',#8330,#8338,#8340,.T.);
#8338 = VERTEX_POINT('',#8339);
#8339 = CARTESIAN_POINT('',(-3.175,2.8,-6.185));
#8340 = LINE('',#8341,#8342);
#8341 = CARTESIAN_POINT('',(3.825,2.8,-6.185));
#8342 = VECTOR('',#8343,1.);
#8343 = DIRECTION('',(-1.,1.406532548089E-15,0.));
#8344 = ORIENTED_EDGE('',*,*,#8345,.T.);
#8345 = EDGE_CURVE('',#8338,#8252,#8346,.T.);
#8346 = LINE('',#8347,#8348);
#8347 = CARTESIAN_POINT('',(-3.175,-3.02,-6.185));
#8348 = VECTOR('',#8349,1.);
#8349 = DIRECTION('',(0.,-1.,0.));
#8350 = ORIENTED_EDGE('',*,*,#8251,.T.);
#8351 = ORIENTED_EDGE('',*,*,#8352,.T.);
#8352 = EDGE_CURVE('',#8254,#7698,#8353,.T.);
#8353 = LINE('',#8354,#8355);
#8354 = CARTESIAN_POINT('',(-3.825,-3.02,-6.185));
#8355 = VECTOR('',#8356,1.);
#8356 = DIRECTION('',(0.,1.,0.));
#8357 = ORIENTED_EDGE('',*,*,#7697,.F.);
#8358 = ORIENTED_EDGE('',*,*,#8359,.F.);
#8359 = EDGE_CURVE('',#6930,#7690,#8360,.T.);
#8360 = LINE('',#8361,#8362);
#8361 = CARTESIAN_POINT('',(3.825,-3.02,-6.185));
#8362 = VECTOR('',#8363,1.);
#8363 = DIRECTION('',(0.,1.,0.));
#8364 = PLANE('',#8365);
#8365 = AXIS2_PLACEMENT_3D('',#8366,#8367,#8368);
#8366 = CARTESIAN_POINT('',(3.825,-3.02,-6.185));
#8367 = DIRECTION('',(0.,0.,1.));
#8368 = DIRECTION('',(1.,0.,-0.));
#8369 = ADVANCED_FACE('',(#8370),#8384,.T.);
#8370 = FACE_BOUND('',#8371,.T.);
#8371 = EDGE_LOOP('',(#8372,#8373,#8374,#8375,#8376,#8377,#8378,#8379,
    #8380,#8381,#8382,#8383));
#8372 = ORIENTED_EDGE('',*,*,#8168,.T.);
#8373 = ORIENTED_EDGE('',*,*,#6937,.T.);
#8374 = ORIENTED_EDGE('',*,*,#8359,.T.);
#8375 = ORIENTED_EDGE('',*,*,#7689,.T.);
#8376 = ORIENTED_EDGE('',*,*,#7823,.T.);
#8377 = ORIENTED_EDGE('',*,*,#7931,.F.);
#8378 = ORIENTED_EDGE('',*,*,#8070,.T.);
#8379 = ORIENTED_EDGE('',*,*,#7049,.T.);
#8380 = ORIENTED_EDGE('',*,*,#7207,.T.);
#8381 = ORIENTED_EDGE('',*,*,#7332,.T.);
#8382 = ORIENTED_EDGE('',*,*,#7463,.T.);
#8383 = ORIENTED_EDGE('',*,*,#7656,.T.);
#8384 = PLANE('',#8385);
#8385 = AXIS2_PLACEMENT_3D('',#8386,#8387,#8388);
#8386 = CARTESIAN_POINT('',(3.825,5.47,3.17));
#8387 = DIRECTION('',(1.,0.,0.));
#8388 = DIRECTION('',(0.,0.,-1.));
#8389 = ADVANCED_FACE('',(#8390),#8404,.F.);
#8390 = FACE_BOUND('',#8391,.T.);
#8391 = EDGE_LOOP('',(#8392,#8393,#8394,#8395,#8396,#8397,#8398,#8399,
    #8400,#8401,#8402,#8403));
#8392 = ORIENTED_EDGE('',*,*,#7705,.F.);
#8393 = ORIENTED_EDGE('',*,*,#8352,.F.);
#8394 = ORIENTED_EDGE('',*,*,#8268,.F.);
#8395 = ORIENTED_EDGE('',*,*,#8175,.F.);
#8396 = ORIENTED_EDGE('',*,*,#7640,.F.);
#8397 = ORIENTED_EDGE('',*,*,#7549,.F.);
#8398 = ORIENTED_EDGE('',*,*,#7424,.F.);
#8399 = ORIENTED_EDGE('',*,*,#7293,.F.);
#8400 = ORIENTED_EDGE('',*,*,#7169,.F.);
#8401 = ORIENTED_EDGE('',*,*,#8136,.F.);
#8402 = ORIENTED_EDGE('',*,*,#8030,.T.);
#8403 = ORIENTED_EDGE('',*,*,#7909,.F.);
#8404 = PLANE('',#8405);
#8405 = AXIS2_PLACEMENT_3D('',#8406,#8407,#8408);
#8406 = CARTESIAN_POINT('',(-3.825,5.47,3.17));
#8407 = DIRECTION('',(1.,0.,0.));
#8408 = DIRECTION('',(0.,0.,-1.));
#8409 = ADVANCED_FACE('',(#8410),#8427,.T.);
#8410 = FACE_BOUND('',#8411,.T.);
#8411 = EDGE_LOOP('',(#8412,#8413,#8414,#8415,#8416,#8417,#8418,#8419,
    #8420,#8421));
#8412 = ORIENTED_EDGE('',*,*,#7617,.T.);
#8413 = ORIENTED_EDGE('',*,*,#7518,.T.);
#8414 = ORIENTED_EDGE('',*,*,#7391,.T.);
#8415 = ORIENTED_EDGE('',*,*,#7262,.T.);
#8416 = ORIENTED_EDGE('',*,*,#7129,.T.);
#8417 = ORIENTED_EDGE('',*,*,#8114,.T.);
#8418 = ORIENTED_EDGE('',*,*,#7997,.F.);
#8419 = ORIENTED_EDGE('',*,*,#7878,.T.);
#8420 = ORIENTED_EDGE('',*,*,#7737,.T.);
#8421 = ORIENTED_EDGE('',*,*,#8422,.T.);
#8422 = EDGE_CURVE('',#7730,#7618,#8423,.T.);
#8423 = LINE('',#8424,#8425);
#8424 = CARTESIAN_POINT('',(-1.325,6.9,-1.8));
#8425 = VECTOR('',#8426,1.);
#8426 = DIRECTION('',(0.,-1.,0.));
#8427 = PLANE('',#8428);
#8428 = AXIS2_PLACEMENT_3D('',#8429,#8430,#8431);
#8429 = CARTESIAN_POINT('',(-1.325,6.9,7.05));
#8430 = DIRECTION('',(-1.,0.,0.));
#8431 = DIRECTION('',(0.,0.,1.));
#8432 = ADVANCED_FACE('',(#8433),#8450,.T.);
#8433 = FACE_BOUND('',#8434,.T.);
#8434 = EDGE_LOOP('',(#8435,#8436,#8442,#8443,#8444,#8445,#8446,#8447,
    #8448,#8449));
#8435 = ORIENTED_EDGE('',*,*,#7633,.T.);
#8436 = ORIENTED_EDGE('',*,*,#8437,.F.);
#8437 = EDGE_CURVE('',#7722,#7626,#8438,.T.);
#8438 = LINE('',#8439,#8440);
#8439 = CARTESIAN_POINT('',(-3.175,6.9,-1.8));
#8440 = VECTOR('',#8441,1.);
#8441 = DIRECTION('',(0.,-1.,0.));
#8442 = ORIENTED_EDGE('',*,*,#7721,.T.);
#8443 = ORIENTED_EDGE('',*,*,#7900,.T.);
#8444 = ORIENTED_EDGE('',*,*,#8040,.F.);
#8445 = ORIENTED_EDGE('',*,*,#8129,.T.);
#8446 = ORIENTED_EDGE('',*,*,#7151,.T.);
#8447 = ORIENTED_EDGE('',*,*,#7284,.T.);
#8448 = ORIENTED_EDGE('',*,*,#7414,.T.);
#8449 = ORIENTED_EDGE('',*,*,#7540,.T.);
#8450 = PLANE('',#8451);
#8451 = AXIS2_PLACEMENT_3D('',#8452,#8453,#8454);
#8452 = CARTESIAN_POINT('',(-3.175,6.9,-1.8));
#8453 = DIRECTION('',(1.,0.,0.));
#8454 = DIRECTION('',(0.,0.,-1.));
#8455 = ADVANCED_FACE('',(#8456),#8462,.T.);
#8456 = FACE_BOUND('',#8457,.T.);
#8457 = EDGE_LOOP('',(#8458,#8459,#8460,#8461));
#8458 = ORIENTED_EDGE('',*,*,#7625,.T.);
#8459 = ORIENTED_EDGE('',*,*,#8422,.F.);
#8460 = ORIENTED_EDGE('',*,*,#7729,.T.);
#8461 = ORIENTED_EDGE('',*,*,#8437,.T.);
#8462 = PLANE('',#8463);
#8463 = AXIS2_PLACEMENT_3D('',#8464,#8465,#8466);
#8464 = CARTESIAN_POINT('',(-1.325,6.9,-1.8));
#8465 = DIRECTION('',(-1.523743593763E-15,0.,1.));
#8466 = DIRECTION('',(1.,0.,1.523743593763E-15));
#8467 = ADVANCED_FACE('',(#8468),#8485,.T.);
#8468 = FACE_BOUND('',#8469,.T.);
#8469 = EDGE_LOOP('',(#8470,#8471,#8472,#8473,#8474,#8475,#8476,#8477,
    #8478,#8479));
#8470 = ORIENTED_EDGE('',*,*,#7594,.T.);
#8471 = ORIENTED_EDGE('',*,*,#7487,.T.);
#8472 = ORIENTED_EDGE('',*,*,#7358,.T.);
#8473 = ORIENTED_EDGE('',*,*,#7231,.T.);
#8474 = ORIENTED_EDGE('',*,*,#7089,.T.);
#8475 = ORIENTED_EDGE('',*,*,#8092,.T.);
#8476 = ORIENTED_EDGE('',*,*,#7964,.F.);
#8477 = ORIENTED_EDGE('',*,*,#7847,.T.);
#8478 = ORIENTED_EDGE('',*,*,#7769,.T.);
#8479 = ORIENTED_EDGE('',*,*,#8480,.T.);
#8480 = EDGE_CURVE('',#7762,#7595,#8481,.T.);
#8481 = LINE('',#8482,#8483);
#8482 = CARTESIAN_POINT('',(0.675,6.9,-1.8));
#8483 = VECTOR('',#8484,1.);
#8484 = DIRECTION('',(0.,-1.,0.));
#8485 = PLANE('',#8486);
#8486 = AXIS2_PLACEMENT_3D('',#8487,#8488,#8489);
#8487 = CARTESIAN_POINT('',(0.675,6.9,7.05));
#8488 = DIRECTION('',(-1.,0.,0.));
#8489 = DIRECTION('',(0.,0.,1.));
#8490 = ADVANCED_FACE('',(#8491),#8508,.T.);
#8491 = FACE_BOUND('',#8492,.T.);
#8492 = EDGE_LOOP('',(#8493,#8494,#8500,#8501,#8502,#8503,#8504,#8505,
    #8506,#8507));
#8493 = ORIENTED_EDGE('',*,*,#7610,.T.);
#8494 = ORIENTED_EDGE('',*,*,#8495,.F.);
#8495 = EDGE_CURVE('',#7754,#7603,#8496,.T.);
#8496 = LINE('',#8497,#8498);
#8497 = CARTESIAN_POINT('',(-0.675,6.9,-1.8));
#8498 = VECTOR('',#8499,1.);
#8499 = DIRECTION('',(0.,-1.,0.));
#8500 = ORIENTED_EDGE('',*,*,#7753,.T.);
#8501 = ORIENTED_EDGE('',*,*,#7869,.T.);
#8502 = ORIENTED_EDGE('',*,*,#8007,.F.);
#8503 = ORIENTED_EDGE('',*,*,#8107,.T.);
#8504 = ORIENTED_EDGE('',*,*,#7111,.T.);
#8505 = ORIENTED_EDGE('',*,*,#7253,.T.);
#8506 = ORIENTED_EDGE('',*,*,#7381,.T.);
#8507 = ORIENTED_EDGE('',*,*,#7509,.T.);
#8508 = PLANE('',#8509);
#8509 = AXIS2_PLACEMENT_3D('',#8510,#8511,#8512);
#8510 = CARTESIAN_POINT('',(-0.675,6.9,-1.8));
#8511 = DIRECTION('',(1.,0.,0.));
#8512 = DIRECTION('',(0.,0.,-1.));
#8513 = ADVANCED_FACE('',(#8514),#8520,.T.);
#8514 = FACE_BOUND('',#8515,.T.);
#8515 = EDGE_LOOP('',(#8516,#8517,#8518,#8519));
#8516 = ORIENTED_EDGE('',*,*,#7602,.T.);
#8517 = ORIENTED_EDGE('',*,*,#8480,.F.);
#8518 = ORIENTED_EDGE('',*,*,#7761,.T.);
#8519 = ORIENTED_EDGE('',*,*,#8495,.T.);
#8520 = PLANE('',#8521);
#8521 = AXIS2_PLACEMENT_3D('',#8522,#8523,#8524);
#8522 = CARTESIAN_POINT('',(0.675,6.9,-1.8));
#8523 = DIRECTION('',(1.044046536468E-14,0.,1.));
#8524 = DIRECTION('',(1.,0.,-1.044046536468E-14));
#8525 = ADVANCED_FACE('',(#8526),#8542,.T.);
#8526 = FACE_BOUND('',#8527,.T.);
#8527 = EDGE_LOOP('',(#8528,#8529,#8535,#8536));
#8528 = ORIENTED_EDGE('',*,*,#7579,.T.);
#8529 = ORIENTED_EDGE('',*,*,#8530,.F.);
#8530 = EDGE_CURVE('',#7674,#7572,#8531,.T.);
#8531 = LINE('',#8532,#8533);
#8532 = CARTESIAN_POINT('',(3.175,6.9,-1.8));
#8533 = VECTOR('',#8534,1.);
#8534 = DIRECTION('',(0.,-1.,0.));
#8535 = ORIENTED_EDGE('',*,*,#7793,.T.);
#8536 = ORIENTED_EDGE('',*,*,#8537,.T.);
#8537 = EDGE_CURVE('',#7786,#7580,#8538,.T.);
#8538 = LINE('',#8539,#8540);
#8539 = CARTESIAN_POINT('',(1.325,6.9,-1.8));
#8540 = VECTOR('',#8541,1.);
#8541 = DIRECTION('',(0.,-1.,0.));
#8542 = PLANE('',#8543);
#8543 = AXIS2_PLACEMENT_3D('',#8544,#8545,#8546);
#8544 = CARTESIAN_POINT('',(3.175,6.9,-1.8));
#8545 = DIRECTION('',(1.523743593763E-15,0.,1.));
#8546 = DIRECTION('',(1.,0.,-1.523743593763E-15));
#8547 = ADVANCED_FACE('',(#8548),#8560,.T.);
#8548 = FACE_BOUND('',#8549,.T.);
#8549 = EDGE_LOOP('',(#8550,#8551,#8552,#8553,#8554,#8555,#8556,#8557,
    #8558,#8559));
#8550 = ORIENTED_EDGE('',*,*,#7571,.T.);
#8551 = ORIENTED_EDGE('',*,*,#7447,.T.);
#8552 = ORIENTED_EDGE('',*,*,#7315,.T.);
#8553 = ORIENTED_EDGE('',*,*,#7191,.T.);
#8554 = ORIENTED_EDGE('',*,*,#7031,.T.);
#8555 = ORIENTED_EDGE('',*,*,#8063,.T.);
#8556 = ORIENTED_EDGE('',*,*,#7948,.F.);
#8557 = ORIENTED_EDGE('',*,*,#7807,.T.);
#8558 = ORIENTED_EDGE('',*,*,#7671,.T.);
#8559 = ORIENTED_EDGE('',*,*,#8530,.T.);
#8560 = PLANE('',#8561);
#8561 = AXIS2_PLACEMENT_3D('',#8562,#8563,#8564);
#8562 = CARTESIAN_POINT('',(3.175,6.9,7.05));
#8563 = DIRECTION('',(-1.,0.,0.));
#8564 = DIRECTION('',(0.,0.,1.));
#8565 = ADVANCED_FACE('',(#8566),#8578,.T.);
#8566 = FACE_BOUND('',#8567,.T.);
#8567 = EDGE_LOOP('',(#8568,#8569,#8570,#8571,#8572,#8573,#8574,#8575,
    #8576,#8577));
#8568 = ORIENTED_EDGE('',*,*,#7587,.T.);
#8569 = ORIENTED_EDGE('',*,*,#8537,.F.);
#8570 = ORIENTED_EDGE('',*,*,#7785,.T.);
#8571 = ORIENTED_EDGE('',*,*,#7838,.T.);
#8572 = ORIENTED_EDGE('',*,*,#7974,.F.);
#8573 = ORIENTED_EDGE('',*,*,#8085,.T.);
#8574 = ORIENTED_EDGE('',*,*,#7071,.T.);
#8575 = ORIENTED_EDGE('',*,*,#7222,.T.);
#8576 = ORIENTED_EDGE('',*,*,#7348,.T.);
#8577 = ORIENTED_EDGE('',*,*,#7478,.T.);
#8578 = PLANE('',#8579);
#8579 = AXIS2_PLACEMENT_3D('',#8580,#8581,#8582);
#8580 = CARTESIAN_POINT('',(1.325,6.9,-1.8));
#8581 = DIRECTION('',(1.,0.,0.));
#8582 = DIRECTION('',(0.,0.,-1.));
#8583 = ADVANCED_FACE('',(#8584),#8595,.F.);
#8584 = FACE_BOUND('',#8585,.T.);
#8585 = EDGE_LOOP('',(#8586,#8587,#8588,#8594));
#8586 = ORIENTED_EDGE('',*,*,#8261,.F.);
#8587 = ORIENTED_EDGE('',*,*,#8345,.F.);
#8588 = ORIENTED_EDGE('',*,*,#8589,.T.);
#8589 = EDGE_CURVE('',#8338,#8192,#8590,.T.);
#8590 = LINE('',#8591,#8592);
#8591 = CARTESIAN_POINT('',(-3.175,2.8,-7.05));
#8592 = VECTOR('',#8593,1.);
#8593 = DIRECTION('',(0.,0.,1.));
#8594 = ORIENTED_EDGE('',*,*,#8191,.F.);
#8595 = PLANE('',#8596);
#8596 = AXIS2_PLACEMENT_3D('',#8597,#8598,#8599);
#8597 = CARTESIAN_POINT('',(-3.175,2.8,-7.05));
#8598 = DIRECTION('',(-1.,0.,0.));
#8599 = DIRECTION('',(0.,0.,1.));
#8600 = ADVANCED_FACE('',(#8601),#8612,.F.);
#8601 = FACE_BOUND('',#8602,.T.);
#8602 = EDGE_LOOP('',(#8603,#8604,#8605,#8611));
#8603 = ORIENTED_EDGE('',*,*,#8589,.F.);
#8604 = ORIENTED_EDGE('',*,*,#8337,.F.);
#8605 = ORIENTED_EDGE('',*,*,#8606,.T.);
#8606 = EDGE_CURVE('',#8330,#8200,#8607,.T.);
#8607 = LINE('',#8608,#8609);
#8608 = CARTESIAN_POINT('',(-1.325,2.8,-7.05));
#8609 = VECTOR('',#8610,1.);
#8610 = DIRECTION('',(0.,0.,1.));
#8611 = ORIENTED_EDGE('',*,*,#8199,.F.);
#8612 = PLANE('',#8613);
#8613 = AXIS2_PLACEMENT_3D('',#8614,#8615,#8616);
#8614 = CARTESIAN_POINT('',(-1.325,2.8,-7.05));
#8615 = DIRECTION('',(1.406532548089E-15,1.,0.));
#8616 = DIRECTION('',(-1.,1.406532548089E-15,0.));
#8617 = ADVANCED_FACE('',(#8618),#8624,.F.);
#8618 = FACE_BOUND('',#8619,.T.);
#8619 = EDGE_LOOP('',(#8620,#8621,#8622,#8623));
#8620 = ORIENTED_EDGE('',*,*,#8606,.F.);
#8621 = ORIENTED_EDGE('',*,*,#8329,.F.);
#8622 = ORIENTED_EDGE('',*,*,#7017,.F.);
#8623 = ORIENTED_EDGE('',*,*,#8207,.F.);
#8624 = PLANE('',#8625);
#8625 = AXIS2_PLACEMENT_3D('',#8626,#8627,#8628);
#8626 = CARTESIAN_POINT('',(-1.325,-6.05,-7.05));
#8627 = DIRECTION('',(1.,0.,0.));
#8628 = DIRECTION('',(0.,0.,-1.));
#8629 = ADVANCED_FACE('',(#8630),#8641,.F.);
#8630 = FACE_BOUND('',#8631,.T.);
#8631 = EDGE_LOOP('',(#8632,#8633,#8634,#8640));
#8632 = ORIENTED_EDGE('',*,*,#7001,.F.);
#8633 = ORIENTED_EDGE('',*,*,#8322,.F.);
#8634 = ORIENTED_EDGE('',*,*,#8635,.T.);
#8635 = EDGE_CURVE('',#8315,#8215,#8636,.T.);
#8636 = LINE('',#8637,#8638);
#8637 = CARTESIAN_POINT('',(-0.675,2.8,-7.05));
#8638 = VECTOR('',#8639,1.);
#8639 = DIRECTION('',(0.,0.,1.));
#8640 = ORIENTED_EDGE('',*,*,#8214,.F.);
#8641 = PLANE('',#8642);
#8642 = AXIS2_PLACEMENT_3D('',#8643,#8644,#8645);
#8643 = CARTESIAN_POINT('',(-0.675,2.8,-7.05));
#8644 = DIRECTION('',(-1.,0.,0.));
#8645 = DIRECTION('',(0.,0.,1.));
#8646 = ADVANCED_FACE('',(#8647),#8658,.F.);
#8647 = FACE_BOUND('',#8648,.T.);
#8648 = EDGE_LOOP('',(#8649,#8650,#8651,#8657));
#8649 = ORIENTED_EDGE('',*,*,#8635,.F.);
#8650 = ORIENTED_EDGE('',*,*,#8314,.F.);
#8651 = ORIENTED_EDGE('',*,*,#8652,.T.);
#8652 = EDGE_CURVE('',#8307,#8223,#8653,.T.);
#8653 = LINE('',#8654,#8655);
#8654 = CARTESIAN_POINT('',(0.675,2.8,-7.05));
#8655 = VECTOR('',#8656,1.);
#8656 = DIRECTION('',(0.,0.,1.));
#8657 = ORIENTED_EDGE('',*,*,#8222,.F.);
#8658 = PLANE('',#8659);
#8659 = AXIS2_PLACEMENT_3D('',#8660,#8661,#8662);
#8660 = CARTESIAN_POINT('',(0.675,2.8,-7.05));
#8661 = DIRECTION('',(-1.060108790875E-14,1.,0.));
#8662 = DIRECTION('',(-1.,-1.060108790875E-14,0.));
#8663 = ADVANCED_FACE('',(#8664),#8670,.F.);
#8664 = FACE_BOUND('',#8665,.T.);
#8665 = EDGE_LOOP('',(#8666,#8667,#8668,#8669));
#8666 = ORIENTED_EDGE('',*,*,#8652,.F.);
#8667 = ORIENTED_EDGE('',*,*,#8306,.F.);
#8668 = ORIENTED_EDGE('',*,*,#6977,.F.);
#8669 = ORIENTED_EDGE('',*,*,#8230,.F.);
#8670 = PLANE('',#8671);
#8671 = AXIS2_PLACEMENT_3D('',#8672,#8673,#8674);
#8672 = CARTESIAN_POINT('',(0.675,-6.05,-7.05));
#8673 = DIRECTION('',(1.,0.,0.));
#8674 = DIRECTION('',(0.,0.,-1.));
#8675 = ADVANCED_FACE('',(#8676),#8687,.F.);
#8676 = FACE_BOUND('',#8677,.T.);
#8677 = EDGE_LOOP('',(#8678,#8684,#8685,#8686));
#8678 = ORIENTED_EDGE('',*,*,#8679,.F.);
#8679 = EDGE_CURVE('',#8284,#8154,#8680,.T.);
#8680 = LINE('',#8681,#8682);
#8681 = CARTESIAN_POINT('',(3.175,2.8,-7.05));
#8682 = VECTOR('',#8683,1.);
#8683 = DIRECTION('',(0.,0.,1.));
#8684 = ORIENTED_EDGE('',*,*,#8283,.F.);
#8685 = ORIENTED_EDGE('',*,*,#6921,.F.);
#8686 = ORIENTED_EDGE('',*,*,#8161,.F.);
#8687 = PLANE('',#8688);
#8688 = AXIS2_PLACEMENT_3D('',#8689,#8690,#8691);
#8689 = CARTESIAN_POINT('',(3.175,-6.05,-7.05));
#8690 = DIRECTION('',(1.,0.,0.));
#8691 = DIRECTION('',(0.,0.,-1.));
#8692 = ADVANCED_FACE('',(#8693),#8704,.F.);
#8693 = FACE_BOUND('',#8694,.T.);
#8694 = EDGE_LOOP('',(#8695,#8701,#8702,#8703));
#8695 = ORIENTED_EDGE('',*,*,#8696,.F.);
#8696 = EDGE_CURVE('',#8292,#8152,#8697,.T.);
#8697 = LINE('',#8698,#8699);
#8698 = CARTESIAN_POINT('',(1.325,2.8,-7.05));
#8699 = VECTOR('',#8700,1.);
#8700 = DIRECTION('',(0.,0.,1.));
#8701 = ORIENTED_EDGE('',*,*,#8291,.F.);
#8702 = ORIENTED_EDGE('',*,*,#8679,.T.);
#8703 = ORIENTED_EDGE('',*,*,#8151,.F.);
#8704 = PLANE('',#8705);
#8705 = AXIS2_PLACEMENT_3D('',#8706,#8707,#8708);
#8706 = CARTESIAN_POINT('',(3.175,2.8,-7.05));
#8707 = DIRECTION('',(-1.406532548089E-15,1.,0.));
#8708 = DIRECTION('',(-1.,-1.406532548089E-15,0.));
#8709 = ADVANCED_FACE('',(#8710),#8716,.F.);
#8710 = FACE_BOUND('',#8711,.T.);
#8711 = EDGE_LOOP('',(#8712,#8713,#8714,#8715));
#8712 = ORIENTED_EDGE('',*,*,#6961,.F.);
#8713 = ORIENTED_EDGE('',*,*,#8299,.F.);
#8714 = ORIENTED_EDGE('',*,*,#8696,.T.);
#8715 = ORIENTED_EDGE('',*,*,#8237,.F.);
#8716 = PLANE('',#8717);
#8717 = AXIS2_PLACEMENT_3D('',#8718,#8719,#8720);
#8718 = CARTESIAN_POINT('',(1.325,2.8,-7.05));
#8719 = DIRECTION('',(-1.,0.,0.));
#8720 = DIRECTION('',(0.,0.,1.));
#8721 = ( GEOMETRIC_REPRESENTATION_CONTEXT(3) 
GLOBAL_UNCERTAINTY_ASSIGNED_CONTEXT((#8725)) 
GLOBAL_UNIT_ASSIGNED_CONTEXT((#8722,#8723,#8724)) REPRESENTATION_CONTEXT
('Context #1','3D Context with UNIT and UNCERTAINTY') );
#8722 = ( LENGTH_UNIT() NAMED_UNIT(*) SI_UNIT(.MILLI.,.METRE.) );
#8723 = ( NAMED_UNIT(*) PLANE_ANGLE_UNIT() SI_UNIT($,.RADIAN.) );
#8724 = ( NAMED_UNIT(*) SI_UNIT($,.STERADIAN.) SOLID_ANGLE_UNIT() );
#8725 = UNCERTAINTY_MEASURE_WITH_UNIT(LENGTH_MEASURE(1.E-07),#8722,
  'distance_accuracy_value','confusion accuracy');
#8726 = CONTEXT_DEPENDENT_SHAPE_REPRESENTATION(#8727,#8729);
#8727 = ( REPRESENTATION_RELATIONSHIP('','',#6904,#973) 
REPRESENTATION_RELATIONSHIP_WITH_TRANSFORMATION(#8728) 
SHAPE_REPRESENTATION_RELATIONSHIP() );
#8728 = ITEM_DEFINED_TRANSFORMATION('','',#11,#982);
#8729 = PRODUCT_DEFINITION_SHAPE('Placement','Placement of an item',
  #8730);
#8730 = NEXT_ASSEMBLY_USAGE_OCCURRENCE('4','USB-A-S-TH_P','',#968,#6899,
  $);
#8731 = PRODUCT_RELATED_PRODUCT_CATEGORY('part',$,(#6901));
#8732 = SHAPE_DEFINITION_REPRESENTATION(#8733,#8739);
#8733 = PRODUCT_DEFINITION_SHAPE('','',#8734);
#8734 = PRODUCT_DEFINITION('design','',#8735,#8738);
#8735 = PRODUCT_DEFINITION_FORMATION('','',#8736);
#8736 = PRODUCT('Fuse_0805_2012Metric','Fuse_0805_2012Metric','',(#8737)
  );
#8737 = PRODUCT_CONTEXT('',#2,'mechanical');
#8738 = PRODUCT_DEFINITION_CONTEXT('part definition',#2,'design');
#8739 = ADVANCED_BREP_SHAPE_REPRESENTATION('',(#11,#8740),#9530);
#8740 = MANIFOLD_SOLID_BREP('',#8741);
#8741 = CLOSED_SHELL('',(#8742,#8782,#8865,#8890,#8915,#8982,#8999,#9016
    ,#9065,#9087,#9099,#9148,#9165,#9234,#9265,#9289,#9358,#9382,#9399,
    #9416,#9433,#9450,#9467,#9484,#9501,#9518));
#8742 = ADVANCED_FACE('',(#8743),#8777,.F.);
#8743 = FACE_BOUND('',#8744,.F.);
#8744 = EDGE_LOOP('',(#8745,#8755,#8763,#8771));
#8745 = ORIENTED_EDGE('',*,*,#8746,.F.);
#8746 = EDGE_CURVE('',#8747,#8749,#8751,.T.);
#8747 = VERTEX_POINT('',#8748);
#8748 = CARTESIAN_POINT('',(-1.,-0.625,4.5E-02));
#8749 = VERTEX_POINT('',#8750);
#8750 = CARTESIAN_POINT('',(-1.,-0.625,0.405));
#8751 = LINE('',#8752,#8753);
#8752 = CARTESIAN_POINT('',(-1.,-0.625,0.));
#8753 = VECTOR('',#8754,1.);
#8754 = DIRECTION('',(0.,0.,1.));
#8755 = ORIENTED_EDGE('',*,*,#8756,.T.);
#8756 = EDGE_CURVE('',#8747,#8757,#8759,.T.);
#8757 = VERTEX_POINT('',#8758);
#8758 = CARTESIAN_POINT('',(-1.,0.625,4.5E-02));
#8759 = LINE('',#8760,#8761);
#8760 = CARTESIAN_POINT('',(-1.,-0.625,4.5E-02));
#8761 = VECTOR('',#8762,1.);
#8762 = DIRECTION('',(0.,1.,0.));
#8763 = ORIENTED_EDGE('',*,*,#8764,.T.);
#8764 = EDGE_CURVE('',#8757,#8765,#8767,.T.);
#8765 = VERTEX_POINT('',#8766);
#8766 = CARTESIAN_POINT('',(-1.,0.625,0.405));
#8767 = LINE('',#8768,#8769);
#8768 = CARTESIAN_POINT('',(-1.,0.625,0.));
#8769 = VECTOR('',#8770,1.);
#8770 = DIRECTION('',(0.,0.,1.));
#8771 = ORIENTED_EDGE('',*,*,#8772,.F.);
#8772 = EDGE_CURVE('',#8749,#8765,#8773,.T.);
#8773 = LINE('',#8774,#8775);
#8774 = CARTESIAN_POINT('',(-1.,-0.625,0.405));
#8775 = VECTOR('',#8776,1.);
#8776 = DIRECTION('',(0.,1.,0.));
#8777 = PLANE('',#8778);
#8778 = AXIS2_PLACEMENT_3D('',#8779,#8780,#8781);
#8779 = CARTESIAN_POINT('',(-1.,-0.625,0.));
#8780 = DIRECTION('',(1.,0.,0.));
#8781 = DIRECTION('',(0.,0.,1.));
#8782 = ADVANCED_FACE('',(#8783),#8860,.F.);
#8783 = FACE_BOUND('',#8784,.F.);
#8784 = EDGE_LOOP('',(#8785,#8795,#8802,#8803,#8812,#8820,#8829,#8837,
    #8845,#8853));
#8785 = ORIENTED_EDGE('',*,*,#8786,.F.);
#8786 = EDGE_CURVE('',#8787,#8789,#8791,.T.);
#8787 = VERTEX_POINT('',#8788);
#8788 = CARTESIAN_POINT('',(-0.955,-0.625,-2.775557561563E-17));
#8789 = VERTEX_POINT('',#8790);
#8790 = CARTESIAN_POINT('',(-0.645,-0.625,-2.775557561563E-17));
#8791 = LINE('',#8792,#8793);
#8792 = CARTESIAN_POINT('',(-1.,-0.625,0.));
#8793 = VECTOR('',#8794,1.);
#8794 = DIRECTION('',(1.,0.,0.));
#8795 = ORIENTED_EDGE('',*,*,#8796,.F.);
#8796 = EDGE_CURVE('',#8747,#8787,#8797,.T.);
#8797 = CIRCLE('',#8798,4.5E-02);
#8798 = AXIS2_PLACEMENT_3D('',#8799,#8800,#8801);
#8799 = CARTESIAN_POINT('',(-0.955,-0.625,4.5E-02));
#8800 = DIRECTION('',(0.,-1.,0.));
#8801 = DIRECTION('',(0.,0.,1.));
#8802 = ORIENTED_EDGE('',*,*,#8746,.T.);
#8803 = ORIENTED_EDGE('',*,*,#8804,.T.);
#8804 = EDGE_CURVE('',#8749,#8805,#8807,.T.);
#8805 = VERTEX_POINT('',#8806);
#8806 = CARTESIAN_POINT('',(-0.955,-0.625,0.45));
#8807 = CIRCLE('',#8808,4.5E-02);
#8808 = AXIS2_PLACEMENT_3D('',#8809,#8810,#8811);
#8809 = CARTESIAN_POINT('',(-0.955,-0.625,0.405));
#8810 = DIRECTION('',(0.,1.,0.));
#8811 = DIRECTION('',(0.,-0.,1.));
#8812 = ORIENTED_EDGE('',*,*,#8813,.T.);
#8813 = EDGE_CURVE('',#8805,#8814,#8816,.T.);
#8814 = VERTEX_POINT('',#8815);
#8815 = CARTESIAN_POINT('',(-0.645,-0.625,0.45));
#8816 = LINE('',#8817,#8818);
#8817 = CARTESIAN_POINT('',(-1.,-0.625,0.45));
#8818 = VECTOR('',#8819,1.);
#8819 = DIRECTION('',(1.,0.,0.));
#8820 = ORIENTED_EDGE('',*,*,#8821,.F.);
#8821 = EDGE_CURVE('',#8822,#8814,#8824,.T.);
#8822 = VERTEX_POINT('',#8823);
#8823 = CARTESIAN_POINT('',(-0.6,-0.625,0.405));
#8824 = CIRCLE('',#8825,4.5E-02);
#8825 = AXIS2_PLACEMENT_3D('',#8826,#8827,#8828);
#8826 = CARTESIAN_POINT('',(-0.645,-0.625,0.405));
#8827 = DIRECTION('',(0.,-1.,0.));
#8828 = DIRECTION('',(0.,0.,1.));
#8829 = ORIENTED_EDGE('',*,*,#8830,.F.);
#8830 = EDGE_CURVE('',#8831,#8822,#8833,.T.);
#8831 = VERTEX_POINT('',#8832);
#8832 = CARTESIAN_POINT('',(-0.955,-0.625,0.405));
#8833 = LINE('',#8834,#8835);
#8834 = CARTESIAN_POINT('',(-0.955,-0.625,0.405));
#8835 = VECTOR('',#8836,1.);
#8836 = DIRECTION('',(1.,0.,0.));
#8837 = ORIENTED_EDGE('',*,*,#8838,.F.);
#8838 = EDGE_CURVE('',#8839,#8831,#8841,.T.);
#8839 = VERTEX_POINT('',#8840);
#8840 = CARTESIAN_POINT('',(-0.955,-0.625,4.5E-02));
#8841 = LINE('',#8842,#8843);
#8842 = CARTESIAN_POINT('',(-0.955,-0.625,4.5E-02));
#8843 = VECTOR('',#8844,1.);
#8844 = DIRECTION('',(0.,0.,1.));
#8845 = ORIENTED_EDGE('',*,*,#8846,.T.);
#8846 = EDGE_CURVE('',#8839,#8847,#8849,.T.);
#8847 = VERTEX_POINT('',#8848);
#8848 = CARTESIAN_POINT('',(-0.6,-0.625,4.5E-02));
#8849 = LINE('',#8850,#8851);
#8850 = CARTESIAN_POINT('',(-0.955,-0.625,4.5E-02));
#8851 = VECTOR('',#8852,1.);
#8852 = DIRECTION('',(1.,0.,0.));
#8853 = ORIENTED_EDGE('',*,*,#8854,.T.);
#8854 = EDGE_CURVE('',#8847,#8789,#8855,.T.);
#8855 = CIRCLE('',#8856,4.5E-02);
#8856 = AXIS2_PLACEMENT_3D('',#8857,#8858,#8859);
#8857 = CARTESIAN_POINT('',(-0.645,-0.625,4.5E-02));
#8858 = DIRECTION('',(0.,1.,0.));
#8859 = DIRECTION('',(0.,-0.,1.));
#8860 = PLANE('',#8861);
#8861 = AXIS2_PLACEMENT_3D('',#8862,#8863,#8864);
#8862 = CARTESIAN_POINT('',(-1.,-0.625,0.));
#8863 = DIRECTION('',(0.,1.,0.));
#8864 = DIRECTION('',(0.,-0.,1.));
#8865 = ADVANCED_FACE('',(#8866),#8885,.T.);
#8866 = FACE_BOUND('',#8867,.T.);
#8867 = EDGE_LOOP('',(#8868,#8869,#8878,#8884));
#8868 = ORIENTED_EDGE('',*,*,#8756,.T.);
#8869 = ORIENTED_EDGE('',*,*,#8870,.T.);
#8870 = EDGE_CURVE('',#8757,#8871,#8873,.T.);
#8871 = VERTEX_POINT('',#8872);
#8872 = CARTESIAN_POINT('',(-0.955,0.625,-2.775557561563E-17));
#8873 = CIRCLE('',#8874,4.5E-02);
#8874 = AXIS2_PLACEMENT_3D('',#8875,#8876,#8877);
#8875 = CARTESIAN_POINT('',(-0.955,0.625,4.5E-02));
#8876 = DIRECTION('',(0.,-1.,0.));
#8877 = DIRECTION('',(0.,0.,1.));
#8878 = ORIENTED_EDGE('',*,*,#8879,.F.);
#8879 = EDGE_CURVE('',#8787,#8871,#8880,.T.);
#8880 = LINE('',#8881,#8882);
#8881 = CARTESIAN_POINT('',(-0.955,-0.625,-2.775557561563E-17));
#8882 = VECTOR('',#8883,1.);
#8883 = DIRECTION('',(0.,1.,0.));
#8884 = ORIENTED_EDGE('',*,*,#8796,.F.);
#8885 = CYLINDRICAL_SURFACE('',#8886,4.5E-02);
#8886 = AXIS2_PLACEMENT_3D('',#8887,#8888,#8889);
#8887 = CARTESIAN_POINT('',(-0.955,-0.625,4.5E-02));
#8888 = DIRECTION('',(0.,1.,0.));
#8889 = DIRECTION('',(-1.,0.,0.));
#8890 = ADVANCED_FACE('',(#8891),#8910,.T.);
#8891 = FACE_BOUND('',#8892,.T.);
#8892 = EDGE_LOOP('',(#8893,#8894,#8902,#8909));
#8893 = ORIENTED_EDGE('',*,*,#8804,.T.);
#8894 = ORIENTED_EDGE('',*,*,#8895,.T.);
#8895 = EDGE_CURVE('',#8805,#8896,#8898,.T.);
#8896 = VERTEX_POINT('',#8897);
#8897 = CARTESIAN_POINT('',(-0.955,0.625,0.45));
#8898 = LINE('',#8899,#8900);
#8899 = CARTESIAN_POINT('',(-0.955,-0.625,0.45));
#8900 = VECTOR('',#8901,1.);
#8901 = DIRECTION('',(0.,1.,0.));
#8902 = ORIENTED_EDGE('',*,*,#8903,.F.);
#8903 = EDGE_CURVE('',#8765,#8896,#8904,.T.);
#8904 = CIRCLE('',#8905,4.5E-02);
#8905 = AXIS2_PLACEMENT_3D('',#8906,#8907,#8908);
#8906 = CARTESIAN_POINT('',(-0.955,0.625,0.405));
#8907 = DIRECTION('',(0.,1.,0.));
#8908 = DIRECTION('',(0.,-0.,1.));
#8909 = ORIENTED_EDGE('',*,*,#8772,.F.);
#8910 = CYLINDRICAL_SURFACE('',#8911,4.5E-02);
#8911 = AXIS2_PLACEMENT_3D('',#8912,#8913,#8914);
#8912 = CARTESIAN_POINT('',(-0.955,-0.625,0.405));
#8913 = DIRECTION('',(0.,1.,0.));
#8914 = DIRECTION('',(-1.,0.,0.));
#8915 = ADVANCED_FACE('',(#8916),#8977,.T.);
#8916 = FACE_BOUND('',#8917,.T.);
#8917 = EDGE_LOOP('',(#8918,#8926,#8927,#8928,#8929,#8937,#8946,#8954,
    #8962,#8970));
#8918 = ORIENTED_EDGE('',*,*,#8919,.F.);
#8919 = EDGE_CURVE('',#8871,#8920,#8922,.T.);
#8920 = VERTEX_POINT('',#8921);
#8921 = CARTESIAN_POINT('',(-0.645,0.625,-2.775557561563E-17));
#8922 = LINE('',#8923,#8924);
#8923 = CARTESIAN_POINT('',(-1.,0.625,0.));
#8924 = VECTOR('',#8925,1.);
#8925 = DIRECTION('',(1.,0.,0.));
#8926 = ORIENTED_EDGE('',*,*,#8870,.F.);
#8927 = ORIENTED_EDGE('',*,*,#8764,.T.);
#8928 = ORIENTED_EDGE('',*,*,#8903,.T.);
#8929 = ORIENTED_EDGE('',*,*,#8930,.T.);
#8930 = EDGE_CURVE('',#8896,#8931,#8933,.T.);
#8931 = VERTEX_POINT('',#8932);
#8932 = CARTESIAN_POINT('',(-0.645,0.625,0.45));
#8933 = LINE('',#8934,#8935);
#8934 = CARTESIAN_POINT('',(-1.,0.625,0.45));
#8935 = VECTOR('',#8936,1.);
#8936 = DIRECTION('',(1.,0.,0.));
#8937 = ORIENTED_EDGE('',*,*,#8938,.F.);
#8938 = EDGE_CURVE('',#8939,#8931,#8941,.T.);
#8939 = VERTEX_POINT('',#8940);
#8940 = CARTESIAN_POINT('',(-0.6,0.625,0.405));
#8941 = CIRCLE('',#8942,4.5E-02);
#8942 = AXIS2_PLACEMENT_3D('',#8943,#8944,#8945);
#8943 = CARTESIAN_POINT('',(-0.645,0.625,0.405));
#8944 = DIRECTION('',(0.,-1.,0.));
#8945 = DIRECTION('',(0.,0.,1.));
#8946 = ORIENTED_EDGE('',*,*,#8947,.F.);
#8947 = EDGE_CURVE('',#8948,#8939,#8950,.T.);
#8948 = VERTEX_POINT('',#8949);
#8949 = CARTESIAN_POINT('',(-0.955,0.625,0.405));
#8950 = LINE('',#8951,#8952);
#8951 = CARTESIAN_POINT('',(-0.955,0.625,0.405));
#8952 = VECTOR('',#8953,1.);
#8953 = DIRECTION('',(1.,0.,0.));
#8954 = ORIENTED_EDGE('',*,*,#8955,.F.);
#8955 = EDGE_CURVE('',#8956,#8948,#8958,.T.);
#8956 = VERTEX_POINT('',#8957);
#8957 = CARTESIAN_POINT('',(-0.955,0.625,4.5E-02));
#8958 = LINE('',#8959,#8960);
#8959 = CARTESIAN_POINT('',(-0.955,0.625,4.5E-02));
#8960 = VECTOR('',#8961,1.);
#8961 = DIRECTION('',(0.,0.,1.));
#8962 = ORIENTED_EDGE('',*,*,#8963,.T.);
#8963 = EDGE_CURVE('',#8956,#8964,#8966,.T.);
#8964 = VERTEX_POINT('',#8965);
#8965 = CARTESIAN_POINT('',(-0.6,0.625,4.5E-02));
#8966 = LINE('',#8967,#8968);
#8967 = CARTESIAN_POINT('',(-0.955,0.625,4.5E-02));
#8968 = VECTOR('',#8969,1.);
#8969 = DIRECTION('',(1.,0.,0.));
#8970 = ORIENTED_EDGE('',*,*,#8971,.T.);
#8971 = EDGE_CURVE('',#8964,#8920,#8972,.T.);
#8972 = CIRCLE('',#8973,4.5E-02);
#8973 = AXIS2_PLACEMENT_3D('',#8974,#8975,#8976);
#8974 = CARTESIAN_POINT('',(-0.645,0.625,4.5E-02));
#8975 = DIRECTION('',(0.,1.,0.));
#8976 = DIRECTION('',(0.,-0.,1.));
#8977 = PLANE('',#8978);
#8978 = AXIS2_PLACEMENT_3D('',#8979,#8980,#8981);
#8979 = CARTESIAN_POINT('',(-1.,0.625,0.));
#8980 = DIRECTION('',(0.,1.,0.));
#8981 = DIRECTION('',(0.,-0.,1.));
#8982 = ADVANCED_FACE('',(#8983),#8994,.F.);
#8983 = FACE_BOUND('',#8984,.F.);
#8984 = EDGE_LOOP('',(#8985,#8986,#8987,#8988));
#8985 = ORIENTED_EDGE('',*,*,#8919,.F.);
#8986 = ORIENTED_EDGE('',*,*,#8879,.F.);
#8987 = ORIENTED_EDGE('',*,*,#8786,.T.);
#8988 = ORIENTED_EDGE('',*,*,#8989,.T.);
#8989 = EDGE_CURVE('',#8789,#8920,#8990,.T.);
#8990 = LINE('',#8991,#8992);
#8991 = CARTESIAN_POINT('',(-0.645,-0.625,-2.775557561563E-17));
#8992 = VECTOR('',#8993,1.);
#8993 = DIRECTION('',(0.,1.,0.));
#8994 = PLANE('',#8995);
#8995 = AXIS2_PLACEMENT_3D('',#8996,#8997,#8998);
#8996 = CARTESIAN_POINT('',(-1.,-0.625,0.));
#8997 = DIRECTION('',(0.,0.,1.));
#8998 = DIRECTION('',(1.,0.,-0.));
#8999 = ADVANCED_FACE('',(#9000),#9011,.T.);
#9000 = FACE_BOUND('',#9001,.T.);
#9001 = EDGE_LOOP('',(#9002,#9003,#9004,#9005));
#9002 = ORIENTED_EDGE('',*,*,#8854,.T.);
#9003 = ORIENTED_EDGE('',*,*,#8989,.T.);
#9004 = ORIENTED_EDGE('',*,*,#8971,.F.);
#9005 = ORIENTED_EDGE('',*,*,#9006,.F.);
#9006 = EDGE_CURVE('',#8847,#8964,#9007,.T.);
#9007 = LINE('',#9008,#9009);
#9008 = CARTESIAN_POINT('',(-0.6,-0.625,4.5E-02));
#9009 = VECTOR('',#9010,1.);
#9010 = DIRECTION('',(0.,1.,0.));
#9011 = CYLINDRICAL_SURFACE('',#9012,4.5E-02);
#9012 = AXIS2_PLACEMENT_3D('',#9013,#9014,#9015);
#9013 = CARTESIAN_POINT('',(-0.645,-0.625,4.5E-02));
#9014 = DIRECTION('',(0.,1.,0.));
#9015 = DIRECTION('',(1.,0.,0.));
#9016 = ADVANCED_FACE('',(#9017),#9060,.F.);
#9017 = FACE_BOUND('',#9018,.F.);
#9018 = EDGE_LOOP('',(#9019,#9020,#9021,#9022,#9030,#9038,#9046,#9054));
#9019 = ORIENTED_EDGE('',*,*,#8846,.F.);
#9020 = ORIENTED_EDGE('',*,*,#8838,.T.);
#9021 = ORIENTED_EDGE('',*,*,#8830,.T.);
#9022 = ORIENTED_EDGE('',*,*,#9023,.T.);
#9023 = EDGE_CURVE('',#8822,#9024,#9026,.T.);
#9024 = VERTEX_POINT('',#9025);
#9025 = CARTESIAN_POINT('',(0.6,-0.625,0.405));
#9026 = LINE('',#9027,#9028);
#9027 = CARTESIAN_POINT('',(-0.6,-0.625,0.405));
#9028 = VECTOR('',#9029,1.);
#9029 = DIRECTION('',(1.,0.,0.));
#9030 = ORIENTED_EDGE('',*,*,#9031,.T.);
#9031 = EDGE_CURVE('',#9024,#9032,#9034,.T.);
#9032 = VERTEX_POINT('',#9033);
#9033 = CARTESIAN_POINT('',(0.955,-0.625,0.405));
#9034 = LINE('',#9035,#9036);
#9035 = CARTESIAN_POINT('',(-0.955,-0.625,0.405));
#9036 = VECTOR('',#9037,1.);
#9037 = DIRECTION('',(1.,0.,0.));
#9038 = ORIENTED_EDGE('',*,*,#9039,.F.);
#9039 = EDGE_CURVE('',#9040,#9032,#9042,.T.);
#9040 = VERTEX_POINT('',#9041);
#9041 = CARTESIAN_POINT('',(0.955,-0.625,4.5E-02));
#9042 = LINE('',#9043,#9044);
#9043 = CARTESIAN_POINT('',(0.955,-0.625,4.5E-02));
#9044 = VECTOR('',#9045,1.);
#9045 = DIRECTION('',(0.,0.,1.));
#9046 = ORIENTED_EDGE('',*,*,#9047,.F.);
#9047 = EDGE_CURVE('',#9048,#9040,#9050,.T.);
#9048 = VERTEX_POINT('',#9049);
#9049 = CARTESIAN_POINT('',(0.6,-0.625,4.5E-02));
#9050 = LINE('',#9051,#9052);
#9051 = CARTESIAN_POINT('',(-0.955,-0.625,4.5E-02));
#9052 = VECTOR('',#9053,1.);
#9053 = DIRECTION('',(1.,0.,0.));
#9054 = ORIENTED_EDGE('',*,*,#9055,.F.);
#9055 = EDGE_CURVE('',#8847,#9048,#9056,.T.);
#9056 = LINE('',#9057,#9058);
#9057 = CARTESIAN_POINT('',(-0.955,-0.625,4.5E-02));
#9058 = VECTOR('',#9059,1.);
#9059 = DIRECTION('',(1.,0.,0.));
#9060 = PLANE('',#9061);
#9061 = AXIS2_PLACEMENT_3D('',#9062,#9063,#9064);
#9062 = CARTESIAN_POINT('',(-0.955,-0.625,4.5E-02));
#9063 = DIRECTION('',(0.,1.,0.));
#9064 = DIRECTION('',(0.,-0.,1.));
#9065 = ADVANCED_FACE('',(#9066),#9082,.T.);
#9066 = FACE_BOUND('',#9067,.T.);
#9067 = EDGE_LOOP('',(#9068,#9074,#9075,#9081));
#9068 = ORIENTED_EDGE('',*,*,#9069,.T.);
#9069 = EDGE_CURVE('',#8822,#8939,#9070,.T.);
#9070 = LINE('',#9071,#9072);
#9071 = CARTESIAN_POINT('',(-0.6,-0.625,0.405));
#9072 = VECTOR('',#9073,1.);
#9073 = DIRECTION('',(0.,1.,0.));
#9074 = ORIENTED_EDGE('',*,*,#8938,.T.);
#9075 = ORIENTED_EDGE('',*,*,#9076,.F.);
#9076 = EDGE_CURVE('',#8814,#8931,#9077,.T.);
#9077 = LINE('',#9078,#9079);
#9078 = CARTESIAN_POINT('',(-0.645,-0.625,0.45));
#9079 = VECTOR('',#9080,1.);
#9080 = DIRECTION('',(0.,1.,0.));
#9081 = ORIENTED_EDGE('',*,*,#8821,.F.);
#9082 = CYLINDRICAL_SURFACE('',#9083,4.5E-02);
#9083 = AXIS2_PLACEMENT_3D('',#9084,#9085,#9086);
#9084 = CARTESIAN_POINT('',(-0.645,-0.625,0.405));
#9085 = DIRECTION('',(0.,1.,0.));
#9086 = DIRECTION('',(1.,0.,0.));
#9087 = ADVANCED_FACE('',(#9088),#9094,.T.);
#9088 = FACE_BOUND('',#9089,.T.);
#9089 = EDGE_LOOP('',(#9090,#9091,#9092,#9093));
#9090 = ORIENTED_EDGE('',*,*,#8930,.F.);
#9091 = ORIENTED_EDGE('',*,*,#8895,.F.);
#9092 = ORIENTED_EDGE('',*,*,#8813,.T.);
#9093 = ORIENTED_EDGE('',*,*,#9076,.T.);
#9094 = PLANE('',#9095);
#9095 = AXIS2_PLACEMENT_3D('',#9096,#9097,#9098);
#9096 = CARTESIAN_POINT('',(-1.,-0.625,0.45));
#9097 = DIRECTION('',(0.,0.,1.));
#9098 = DIRECTION('',(1.,0.,-0.));
#9099 = ADVANCED_FACE('',(#9100),#9143,.T.);
#9100 = FACE_BOUND('',#9101,.T.);
#9101 = EDGE_LOOP('',(#9102,#9103,#9104,#9105,#9113,#9121,#9129,#9137));
#9102 = ORIENTED_EDGE('',*,*,#8963,.F.);
#9103 = ORIENTED_EDGE('',*,*,#8955,.T.);
#9104 = ORIENTED_EDGE('',*,*,#8947,.T.);
#9105 = ORIENTED_EDGE('',*,*,#9106,.T.);
#9106 = EDGE_CURVE('',#8939,#9107,#9109,.T.);
#9107 = VERTEX_POINT('',#9108);
#9108 = CARTESIAN_POINT('',(0.6,0.625,0.405));
#9109 = LINE('',#9110,#9111);
#9110 = CARTESIAN_POINT('',(-0.6,0.625,0.405));
#9111 = VECTOR('',#9112,1.);
#9112 = DIRECTION('',(1.,0.,0.));
#9113 = ORIENTED_EDGE('',*,*,#9114,.T.);
#9114 = EDGE_CURVE('',#9107,#9115,#9117,.T.);
#9115 = VERTEX_POINT('',#9116);
#9116 = CARTESIAN_POINT('',(0.955,0.625,0.405));
#9117 = LINE('',#9118,#9119);
#9118 = CARTESIAN_POINT('',(-0.955,0.625,0.405));
#9119 = VECTOR('',#9120,1.);
#9120 = DIRECTION('',(1.,0.,0.));
#9121 = ORIENTED_EDGE('',*,*,#9122,.F.);
#9122 = EDGE_CURVE('',#9123,#9115,#9125,.T.);
#9123 = VERTEX_POINT('',#9124);
#9124 = CARTESIAN_POINT('',(0.955,0.625,4.5E-02));
#9125 = LINE('',#9126,#9127);
#9126 = CARTESIAN_POINT('',(0.955,0.625,4.5E-02));
#9127 = VECTOR('',#9128,1.);
#9128 = DIRECTION('',(0.,0.,1.));
#9129 = ORIENTED_EDGE('',*,*,#9130,.F.);
#9130 = EDGE_CURVE('',#9131,#9123,#9133,.T.);
#9131 = VERTEX_POINT('',#9132);
#9132 = CARTESIAN_POINT('',(0.6,0.625,4.5E-02));
#9133 = LINE('',#9134,#9135);
#9134 = CARTESIAN_POINT('',(-0.955,0.625,4.5E-02));
#9135 = VECTOR('',#9136,1.);
#9136 = DIRECTION('',(1.,0.,0.));
#9137 = ORIENTED_EDGE('',*,*,#9138,.F.);
#9138 = EDGE_CURVE('',#8964,#9131,#9139,.T.);
#9139 = LINE('',#9140,#9141);
#9140 = CARTESIAN_POINT('',(-0.955,0.625,4.5E-02));
#9141 = VECTOR('',#9142,1.);
#9142 = DIRECTION('',(1.,0.,0.));
#9143 = PLANE('',#9144);
#9144 = AXIS2_PLACEMENT_3D('',#9145,#9146,#9147);
#9145 = CARTESIAN_POINT('',(-0.955,0.625,4.5E-02));
#9146 = DIRECTION('',(0.,1.,0.));
#9147 = DIRECTION('',(0.,-0.,1.));
#9148 = ADVANCED_FACE('',(#9149),#9160,.F.);
#9149 = FACE_BOUND('',#9150,.F.);
#9150 = EDGE_LOOP('',(#9151,#9152,#9153,#9159));
#9151 = ORIENTED_EDGE('',*,*,#9006,.F.);
#9152 = ORIENTED_EDGE('',*,*,#9055,.T.);
#9153 = ORIENTED_EDGE('',*,*,#9154,.T.);
#9154 = EDGE_CURVE('',#9048,#9131,#9155,.T.);
#9155 = LINE('',#9156,#9157);
#9156 = CARTESIAN_POINT('',(0.6,-0.625,4.5E-02));
#9157 = VECTOR('',#9158,1.);
#9158 = DIRECTION('',(0.,1.,0.));
#9159 = ORIENTED_EDGE('',*,*,#9138,.F.);
#9160 = PLANE('',#9161);
#9161 = AXIS2_PLACEMENT_3D('',#9162,#9163,#9164);
#9162 = CARTESIAN_POINT('',(-0.955,-0.625,4.5E-02));
#9163 = DIRECTION('',(0.,0.,1.));
#9164 = DIRECTION('',(1.,0.,-0.));
#9165 = ADVANCED_FACE('',(#9166),#9229,.F.);
#9166 = FACE_BOUND('',#9167,.F.);
#9167 = EDGE_LOOP('',(#9168,#9178,#9185,#9186,#9187,#9188,#9197,#9205,
    #9214,#9222));
#9168 = ORIENTED_EDGE('',*,*,#9169,.F.);
#9169 = EDGE_CURVE('',#9170,#9172,#9174,.T.);
#9170 = VERTEX_POINT('',#9171);
#9171 = CARTESIAN_POINT('',(0.645,-0.625,-2.775557561563E-17));
#9172 = VERTEX_POINT('',#9173);
#9173 = CARTESIAN_POINT('',(0.955,-0.625,-2.775557561563E-17));
#9174 = LINE('',#9175,#9176);
#9175 = CARTESIAN_POINT('',(0.6,-0.625,0.));
#9176 = VECTOR('',#9177,1.);
#9177 = DIRECTION('',(1.,0.,0.));
#9178 = ORIENTED_EDGE('',*,*,#9179,.F.);
#9179 = EDGE_CURVE('',#9048,#9170,#9180,.T.);
#9180 = CIRCLE('',#9181,4.5E-02);
#9181 = AXIS2_PLACEMENT_3D('',#9182,#9183,#9184);
#9182 = CARTESIAN_POINT('',(0.645,-0.625,4.5E-02));
#9183 = DIRECTION('',(0.,-1.,0.));
#9184 = DIRECTION('',(0.,0.,1.));
#9185 = ORIENTED_EDGE('',*,*,#9047,.T.);
#9186 = ORIENTED_EDGE('',*,*,#9039,.T.);
#9187 = ORIENTED_EDGE('',*,*,#9031,.F.);
#9188 = ORIENTED_EDGE('',*,*,#9189,.T.);
#9189 = EDGE_CURVE('',#9024,#9190,#9192,.T.);
#9190 = VERTEX_POINT('',#9191);
#9191 = CARTESIAN_POINT('',(0.645,-0.625,0.45));
#9192 = CIRCLE('',#9193,4.5E-02);
#9193 = AXIS2_PLACEMENT_3D('',#9194,#9195,#9196);
#9194 = CARTESIAN_POINT('',(0.645,-0.625,0.405));
#9195 = DIRECTION('',(0.,1.,0.));
#9196 = DIRECTION('',(0.,-0.,1.));
#9197 = ORIENTED_EDGE('',*,*,#9198,.T.);
#9198 = EDGE_CURVE('',#9190,#9199,#9201,.T.);
#9199 = VERTEX_POINT('',#9200);
#9200 = CARTESIAN_POINT('',(0.955,-0.625,0.45));
#9201 = LINE('',#9202,#9203);
#9202 = CARTESIAN_POINT('',(0.6,-0.625,0.45));
#9203 = VECTOR('',#9204,1.);
#9204 = DIRECTION('',(1.,0.,0.));
#9205 = ORIENTED_EDGE('',*,*,#9206,.F.);
#9206 = EDGE_CURVE('',#9207,#9199,#9209,.T.);
#9207 = VERTEX_POINT('',#9208);
#9208 = CARTESIAN_POINT('',(1.,-0.625,0.405));
#9209 = CIRCLE('',#9210,4.5E-02);
#9210 = AXIS2_PLACEMENT_3D('',#9211,#9212,#9213);
#9211 = CARTESIAN_POINT('',(0.955,-0.625,0.405));
#9212 = DIRECTION('',(0.,-1.,0.));
#9213 = DIRECTION('',(0.,0.,1.));
#9214 = ORIENTED_EDGE('',*,*,#9215,.F.);
#9215 = EDGE_CURVE('',#9216,#9207,#9218,.T.);
#9216 = VERTEX_POINT('',#9217);
#9217 = CARTESIAN_POINT('',(1.,-0.625,4.5E-02));
#9218 = LINE('',#9219,#9220);
#9219 = CARTESIAN_POINT('',(1.,-0.625,0.));
#9220 = VECTOR('',#9221,1.);
#9221 = DIRECTION('',(0.,0.,1.));
#9222 = ORIENTED_EDGE('',*,*,#9223,.T.);
#9223 = EDGE_CURVE('',#9216,#9172,#9224,.T.);
#9224 = CIRCLE('',#9225,4.5E-02);
#9225 = AXIS2_PLACEMENT_3D('',#9226,#9227,#9228);
#9226 = CARTESIAN_POINT('',(0.955,-0.625,4.5E-02));
#9227 = DIRECTION('',(0.,1.,0.));
#9228 = DIRECTION('',(0.,-0.,1.));
#9229 = PLANE('',#9230);
#9230 = AXIS2_PLACEMENT_3D('',#9231,#9232,#9233);
#9231 = CARTESIAN_POINT('',(0.6,-0.625,0.));
#9232 = DIRECTION('',(0.,1.,0.));
#9233 = DIRECTION('',(0.,-0.,1.));
#9234 = ADVANCED_FACE('',(#9235),#9260,.F.);
#9235 = FACE_BOUND('',#9236,.F.);
#9236 = EDGE_LOOP('',(#9237,#9238,#9246,#9254));
#9237 = ORIENTED_EDGE('',*,*,#9023,.F.);
#9238 = ORIENTED_EDGE('',*,*,#9239,.T.);
#9239 = EDGE_CURVE('',#8822,#9240,#9242,.T.);
#9240 = VERTEX_POINT('',#9241);
#9241 = CARTESIAN_POINT('',(-0.6,-0.625,0.45));
#9242 = LINE('',#9243,#9244);
#9243 = CARTESIAN_POINT('',(-0.6,-0.625,0.405));
#9244 = VECTOR('',#9245,1.);
#9245 = DIRECTION('',(0.,0.,1.));
#9246 = ORIENTED_EDGE('',*,*,#9247,.T.);
#9247 = EDGE_CURVE('',#9240,#9248,#9250,.T.);
#9248 = VERTEX_POINT('',#9249);
#9249 = CARTESIAN_POINT('',(0.6,-0.625,0.45));
#9250 = LINE('',#9251,#9252);
#9251 = CARTESIAN_POINT('',(-0.6,-0.625,0.45));
#9252 = VECTOR('',#9253,1.);
#9253 = DIRECTION('',(1.,0.,0.));
#9254 = ORIENTED_EDGE('',*,*,#9255,.F.);
#9255 = EDGE_CURVE('',#9024,#9248,#9256,.T.);
#9256 = LINE('',#9257,#9258);
#9257 = CARTESIAN_POINT('',(0.6,-0.625,0.405));
#9258 = VECTOR('',#9259,1.);
#9259 = DIRECTION('',(0.,0.,1.));
#9260 = PLANE('',#9261);
#9261 = AXIS2_PLACEMENT_3D('',#9262,#9263,#9264);
#9262 = CARTESIAN_POINT('',(-0.6,-0.625,0.405));
#9263 = DIRECTION('',(0.,1.,0.));
#9264 = DIRECTION('',(0.,-0.,1.));
#9265 = ADVANCED_FACE('',(#9266),#9284,.F.);
#9266 = FACE_BOUND('',#9267,.F.);
#9267 = EDGE_LOOP('',(#9268,#9269,#9270,#9278));
#9268 = ORIENTED_EDGE('',*,*,#9239,.F.);
#9269 = ORIENTED_EDGE('',*,*,#9069,.T.);
#9270 = ORIENTED_EDGE('',*,*,#9271,.T.);
#9271 = EDGE_CURVE('',#8939,#9272,#9274,.T.);
#9272 = VERTEX_POINT('',#9273);
#9273 = CARTESIAN_POINT('',(-0.6,0.625,0.45));
#9274 = LINE('',#9275,#9276);
#9275 = CARTESIAN_POINT('',(-0.6,0.625,0.405));
#9276 = VECTOR('',#9277,1.);
#9277 = DIRECTION('',(0.,0.,1.));
#9278 = ORIENTED_EDGE('',*,*,#9279,.F.);
#9279 = EDGE_CURVE('',#9240,#9272,#9280,.T.);
#9280 = LINE('',#9281,#9282);
#9281 = CARTESIAN_POINT('',(-0.6,-0.625,0.45));
#9282 = VECTOR('',#9283,1.);
#9283 = DIRECTION('',(0.,1.,0.));
#9284 = PLANE('',#9285);
#9285 = AXIS2_PLACEMENT_3D('',#9286,#9287,#9288);
#9286 = CARTESIAN_POINT('',(-0.6,-0.625,0.405));
#9287 = DIRECTION('',(1.,0.,0.));
#9288 = DIRECTION('',(0.,0.,1.));
#9289 = ADVANCED_FACE('',(#9290),#9353,.T.);
#9290 = FACE_BOUND('',#9291,.T.);
#9291 = EDGE_LOOP('',(#9292,#9302,#9309,#9310,#9311,#9312,#9321,#9329,
    #9338,#9346));
#9292 = ORIENTED_EDGE('',*,*,#9293,.F.);
#9293 = EDGE_CURVE('',#9294,#9296,#9298,.T.);
#9294 = VERTEX_POINT('',#9295);
#9295 = CARTESIAN_POINT('',(0.645,0.625,-2.775557561563E-17));
#9296 = VERTEX_POINT('',#9297);
#9297 = CARTESIAN_POINT('',(0.955,0.625,-2.775557561563E-17));
#9298 = LINE('',#9299,#9300);
#9299 = CARTESIAN_POINT('',(0.6,0.625,0.));
#9300 = VECTOR('',#9301,1.);
#9301 = DIRECTION('',(1.,0.,0.));
#9302 = ORIENTED_EDGE('',*,*,#9303,.F.);
#9303 = EDGE_CURVE('',#9131,#9294,#9304,.T.);
#9304 = CIRCLE('',#9305,4.5E-02);
#9305 = AXIS2_PLACEMENT_3D('',#9306,#9307,#9308);
#9306 = CARTESIAN_POINT('',(0.645,0.625,4.5E-02));
#9307 = DIRECTION('',(0.,-1.,0.));
#9308 = DIRECTION('',(0.,0.,1.));
#9309 = ORIENTED_EDGE('',*,*,#9130,.T.);
#9310 = ORIENTED_EDGE('',*,*,#9122,.T.);
#9311 = ORIENTED_EDGE('',*,*,#9114,.F.);
#9312 = ORIENTED_EDGE('',*,*,#9313,.T.);
#9313 = EDGE_CURVE('',#9107,#9314,#9316,.T.);
#9314 = VERTEX_POINT('',#9315);
#9315 = CARTESIAN_POINT('',(0.645,0.625,0.45));
#9316 = CIRCLE('',#9317,4.5E-02);
#9317 = AXIS2_PLACEMENT_3D('',#9318,#9319,#9320);
#9318 = CARTESIAN_POINT('',(0.645,0.625,0.405));
#9319 = DIRECTION('',(0.,1.,0.));
#9320 = DIRECTION('',(0.,-0.,1.));
#9321 = ORIENTED_EDGE('',*,*,#9322,.T.);
#9322 = EDGE_CURVE('',#9314,#9323,#9325,.T.);
#9323 = VERTEX_POINT('',#9324);
#9324 = CARTESIAN_POINT('',(0.955,0.625,0.45));
#9325 = LINE('',#9326,#9327);
#9326 = CARTESIAN_POINT('',(0.6,0.625,0.45));
#9327 = VECTOR('',#9328,1.);
#9328 = DIRECTION('',(1.,0.,0.));
#9329 = ORIENTED_EDGE('',*,*,#9330,.F.);
#9330 = EDGE_CURVE('',#9331,#9323,#9333,.T.);
#9331 = VERTEX_POINT('',#9332);
#9332 = CARTESIAN_POINT('',(1.,0.625,0.405));
#9333 = CIRCLE('',#9334,4.5E-02);
#9334 = AXIS2_PLACEMENT_3D('',#9335,#9336,#9337);
#9335 = CARTESIAN_POINT('',(0.955,0.625,0.405));
#9336 = DIRECTION('',(0.,-1.,0.));
#9337 = DIRECTION('',(0.,0.,1.));
#9338 = ORIENTED_EDGE('',*,*,#9339,.F.);
#9339 = EDGE_CURVE('',#9340,#9331,#9342,.T.);
#9340 = VERTEX_POINT('',#9341);
#9341 = CARTESIAN_POINT('',(1.,0.625,4.5E-02));
#9342 = LINE('',#9343,#9344);
#9343 = CARTESIAN_POINT('',(1.,0.625,0.));
#9344 = VECTOR('',#9345,1.);
#9345 = DIRECTION('',(0.,0.,1.));
#9346 = ORIENTED_EDGE('',*,*,#9347,.T.);
#9347 = EDGE_CURVE('',#9340,#9296,#9348,.T.);
#9348 = CIRCLE('',#9349,4.5E-02);
#9349 = AXIS2_PLACEMENT_3D('',#9350,#9351,#9352);
#9350 = CARTESIAN_POINT('',(0.955,0.625,4.5E-02));
#9351 = DIRECTION('',(0.,1.,0.));
#9352 = DIRECTION('',(0.,-0.,1.));
#9353 = PLANE('',#9354);
#9354 = AXIS2_PLACEMENT_3D('',#9355,#9356,#9357);
#9355 = CARTESIAN_POINT('',(0.6,0.625,0.));
#9356 = DIRECTION('',(0.,1.,0.));
#9357 = DIRECTION('',(0.,-0.,1.));
#9358 = ADVANCED_FACE('',(#9359),#9377,.T.);
#9359 = FACE_BOUND('',#9360,.T.);
#9360 = EDGE_LOOP('',(#9361,#9362,#9363,#9371));
#9361 = ORIENTED_EDGE('',*,*,#9106,.F.);
#9362 = ORIENTED_EDGE('',*,*,#9271,.T.);
#9363 = ORIENTED_EDGE('',*,*,#9364,.T.);
#9364 = EDGE_CURVE('',#9272,#9365,#9367,.T.);
#9365 = VERTEX_POINT('',#9366);
#9366 = CARTESIAN_POINT('',(0.6,0.625,0.45));
#9367 = LINE('',#9368,#9369);
#9368 = CARTESIAN_POINT('',(-0.6,0.625,0.45));
#9369 = VECTOR('',#9370,1.);
#9370 = DIRECTION('',(1.,0.,0.));
#9371 = ORIENTED_EDGE('',*,*,#9372,.F.);
#9372 = EDGE_CURVE('',#9107,#9365,#9373,.T.);
#9373 = LINE('',#9374,#9375);
#9374 = CARTESIAN_POINT('',(0.6,0.625,0.405));
#9375 = VECTOR('',#9376,1.);
#9376 = DIRECTION('',(0.,0.,1.));
#9377 = PLANE('',#9378);
#9378 = AXIS2_PLACEMENT_3D('',#9379,#9380,#9381);
#9379 = CARTESIAN_POINT('',(-0.6,0.625,0.405));
#9380 = DIRECTION('',(0.,1.,0.));
#9381 = DIRECTION('',(0.,-0.,1.));
#9382 = ADVANCED_FACE('',(#9383),#9394,.T.);
#9383 = FACE_BOUND('',#9384,.T.);
#9384 = EDGE_LOOP('',(#9385,#9386,#9387,#9393));
#9385 = ORIENTED_EDGE('',*,*,#9154,.T.);
#9386 = ORIENTED_EDGE('',*,*,#9303,.T.);
#9387 = ORIENTED_EDGE('',*,*,#9388,.F.);
#9388 = EDGE_CURVE('',#9170,#9294,#9389,.T.);
#9389 = LINE('',#9390,#9391);
#9390 = CARTESIAN_POINT('',(0.645,-0.625,-2.775557561563E-17));
#9391 = VECTOR('',#9392,1.);
#9392 = DIRECTION('',(0.,1.,0.));
#9393 = ORIENTED_EDGE('',*,*,#9179,.F.);
#9394 = CYLINDRICAL_SURFACE('',#9395,4.5E-02);
#9395 = AXIS2_PLACEMENT_3D('',#9396,#9397,#9398);
#9396 = CARTESIAN_POINT('',(0.645,-0.625,4.5E-02));
#9397 = DIRECTION('',(0.,1.,0.));
#9398 = DIRECTION('',(-1.,0.,0.));
#9399 = ADVANCED_FACE('',(#9400),#9411,.F.);
#9400 = FACE_BOUND('',#9401,.F.);
#9401 = EDGE_LOOP('',(#9402,#9403,#9404,#9405));
#9402 = ORIENTED_EDGE('',*,*,#9293,.F.);
#9403 = ORIENTED_EDGE('',*,*,#9388,.F.);
#9404 = ORIENTED_EDGE('',*,*,#9169,.T.);
#9405 = ORIENTED_EDGE('',*,*,#9406,.T.);
#9406 = EDGE_CURVE('',#9172,#9296,#9407,.T.);
#9407 = LINE('',#9408,#9409);
#9408 = CARTESIAN_POINT('',(0.955,-0.625,-2.775557561563E-17));
#9409 = VECTOR('',#9410,1.);
#9410 = DIRECTION('',(0.,1.,0.));
#9411 = PLANE('',#9412);
#9412 = AXIS2_PLACEMENT_3D('',#9413,#9414,#9415);
#9413 = CARTESIAN_POINT('',(0.6,-0.625,0.));
#9414 = DIRECTION('',(0.,0.,1.));
#9415 = DIRECTION('',(1.,0.,-0.));
#9416 = ADVANCED_FACE('',(#9417),#9428,.T.);
#9417 = FACE_BOUND('',#9418,.T.);
#9418 = EDGE_LOOP('',(#9419,#9420,#9421,#9422));
#9419 = ORIENTED_EDGE('',*,*,#9223,.T.);
#9420 = ORIENTED_EDGE('',*,*,#9406,.T.);
#9421 = ORIENTED_EDGE('',*,*,#9347,.F.);
#9422 = ORIENTED_EDGE('',*,*,#9423,.F.);
#9423 = EDGE_CURVE('',#9216,#9340,#9424,.T.);
#9424 = LINE('',#9425,#9426);
#9425 = CARTESIAN_POINT('',(1.,-0.625,4.5E-02));
#9426 = VECTOR('',#9427,1.);
#9427 = DIRECTION('',(0.,1.,0.));
#9428 = CYLINDRICAL_SURFACE('',#9429,4.5E-02);
#9429 = AXIS2_PLACEMENT_3D('',#9430,#9431,#9432);
#9430 = CARTESIAN_POINT('',(0.955,-0.625,4.5E-02));
#9431 = DIRECTION('',(0.,1.,0.));
#9432 = DIRECTION('',(1.,0.,0.));
#9433 = ADVANCED_FACE('',(#9434),#9445,.T.);
#9434 = FACE_BOUND('',#9435,.T.);
#9435 = EDGE_LOOP('',(#9436,#9437,#9438,#9439));
#9436 = ORIENTED_EDGE('',*,*,#9215,.F.);
#9437 = ORIENTED_EDGE('',*,*,#9423,.T.);
#9438 = ORIENTED_EDGE('',*,*,#9339,.T.);
#9439 = ORIENTED_EDGE('',*,*,#9440,.F.);
#9440 = EDGE_CURVE('',#9207,#9331,#9441,.T.);
#9441 = LINE('',#9442,#9443);
#9442 = CARTESIAN_POINT('',(1.,-0.625,0.405));
#9443 = VECTOR('',#9444,1.);
#9444 = DIRECTION('',(0.,1.,0.));
#9445 = PLANE('',#9446);
#9446 = AXIS2_PLACEMENT_3D('',#9447,#9448,#9449);
#9447 = CARTESIAN_POINT('',(1.,-0.625,0.));
#9448 = DIRECTION('',(1.,0.,0.));
#9449 = DIRECTION('',(0.,0.,1.));
#9450 = ADVANCED_FACE('',(#9451),#9462,.T.);
#9451 = FACE_BOUND('',#9452,.T.);
#9452 = EDGE_LOOP('',(#9453,#9454,#9455,#9461));
#9453 = ORIENTED_EDGE('',*,*,#9440,.T.);
#9454 = ORIENTED_EDGE('',*,*,#9330,.T.);
#9455 = ORIENTED_EDGE('',*,*,#9456,.F.);
#9456 = EDGE_CURVE('',#9199,#9323,#9457,.T.);
#9457 = LINE('',#9458,#9459);
#9458 = CARTESIAN_POINT('',(0.955,-0.625,0.45));
#9459 = VECTOR('',#9460,1.);
#9460 = DIRECTION('',(0.,1.,0.));
#9461 = ORIENTED_EDGE('',*,*,#9206,.F.);
#9462 = CYLINDRICAL_SURFACE('',#9463,4.5E-02);
#9463 = AXIS2_PLACEMENT_3D('',#9464,#9465,#9466);
#9464 = CARTESIAN_POINT('',(0.955,-0.625,0.405));
#9465 = DIRECTION('',(0.,1.,0.));
#9466 = DIRECTION('',(1.,0.,0.));
#9467 = ADVANCED_FACE('',(#9468),#9479,.T.);
#9468 = FACE_BOUND('',#9469,.T.);
#9469 = EDGE_LOOP('',(#9470,#9471,#9477,#9478));
#9470 = ORIENTED_EDGE('',*,*,#9322,.F.);
#9471 = ORIENTED_EDGE('',*,*,#9472,.F.);
#9472 = EDGE_CURVE('',#9190,#9314,#9473,.T.);
#9473 = LINE('',#9474,#9475);
#9474 = CARTESIAN_POINT('',(0.645,-0.625,0.45));
#9475 = VECTOR('',#9476,1.);
#9476 = DIRECTION('',(0.,1.,0.));
#9477 = ORIENTED_EDGE('',*,*,#9198,.T.);
#9478 = ORIENTED_EDGE('',*,*,#9456,.T.);
#9479 = PLANE('',#9480);
#9480 = AXIS2_PLACEMENT_3D('',#9481,#9482,#9483);
#9481 = CARTESIAN_POINT('',(0.6,-0.625,0.45));
#9482 = DIRECTION('',(0.,0.,1.));
#9483 = DIRECTION('',(1.,0.,-0.));
#9484 = ADVANCED_FACE('',(#9485),#9496,.T.);
#9485 = FACE_BOUND('',#9486,.T.);
#9486 = EDGE_LOOP('',(#9487,#9488,#9489,#9490));
#9487 = ORIENTED_EDGE('',*,*,#9189,.T.);
#9488 = ORIENTED_EDGE('',*,*,#9472,.T.);
#9489 = ORIENTED_EDGE('',*,*,#9313,.F.);
#9490 = ORIENTED_EDGE('',*,*,#9491,.F.);
#9491 = EDGE_CURVE('',#9024,#9107,#9492,.T.);
#9492 = LINE('',#9493,#9494);
#9493 = CARTESIAN_POINT('',(0.6,-0.625,0.405));
#9494 = VECTOR('',#9495,1.);
#9495 = DIRECTION('',(0.,1.,0.));
#9496 = CYLINDRICAL_SURFACE('',#9497,4.5E-02);
#9497 = AXIS2_PLACEMENT_3D('',#9498,#9499,#9500);
#9498 = CARTESIAN_POINT('',(0.645,-0.625,0.405));
#9499 = DIRECTION('',(0.,1.,0.));
#9500 = DIRECTION('',(-1.,0.,0.));
#9501 = ADVANCED_FACE('',(#9502),#9513,.T.);
#9502 = FACE_BOUND('',#9503,.T.);
#9503 = EDGE_LOOP('',(#9504,#9505,#9506,#9507));
#9504 = ORIENTED_EDGE('',*,*,#9255,.F.);
#9505 = ORIENTED_EDGE('',*,*,#9491,.T.);
#9506 = ORIENTED_EDGE('',*,*,#9372,.T.);
#9507 = ORIENTED_EDGE('',*,*,#9508,.F.);
#9508 = EDGE_CURVE('',#9248,#9365,#9509,.T.);
#9509 = LINE('',#9510,#9511);
#9510 = CARTESIAN_POINT('',(0.6,-0.625,0.45));
#9511 = VECTOR('',#9512,1.);
#9512 = DIRECTION('',(0.,1.,0.));
#9513 = PLANE('',#9514);
#9514 = AXIS2_PLACEMENT_3D('',#9515,#9516,#9517);
#9515 = CARTESIAN_POINT('',(0.6,-0.625,0.405));
#9516 = DIRECTION('',(1.,0.,0.));
#9517 = DIRECTION('',(0.,0.,1.));
#9518 = ADVANCED_FACE('',(#9519),#9525,.T.);
#9519 = FACE_BOUND('',#9520,.T.);
#9520 = EDGE_LOOP('',(#9521,#9522,#9523,#9524));
#9521 = ORIENTED_EDGE('',*,*,#9279,.F.);
#9522 = ORIENTED_EDGE('',*,*,#9247,.T.);
#9523 = ORIENTED_EDGE('',*,*,#9508,.T.);
#9524 = ORIENTED_EDGE('',*,*,#9364,.F.);
#9525 = PLANE('',#9526);
#9526 = AXIS2_PLACEMENT_3D('',#9527,#9528,#9529);
#9527 = CARTESIAN_POINT('',(-0.6,-0.625,0.45));
#9528 = DIRECTION('',(0.,0.,1.));
#9529 = DIRECTION('',(1.,0.,-0.));
#9530 = ( GEOMETRIC_REPRESENTATION_CONTEXT(3) 
GLOBAL_UNCERTAINTY_ASSIGNED_CONTEXT((#9534)) 
GLOBAL_UNIT_ASSIGNED_CONTEXT((#9531,#9532,#9533)) REPRESENTATION_CONTEXT
('Context #1','3D Context with UNIT and UNCERTAINTY') );
#9531 = ( LENGTH_UNIT() NAMED_UNIT(*) SI_UNIT(.MILLI.,.METRE.) );
#9532 = ( NAMED_UNIT(*) PLANE_ANGLE_UNIT() SI_UNIT($,.RADIAN.) );
#9533 = ( NAMED_UNIT(*) SI_UNIT($,.STERADIAN.) SOLID_ANGLE_UNIT() );
#9534 = UNCERTAINTY_MEASURE_WITH_UNIT(LENGTH_MEASURE(1.E-07),#9531,
  'distance_accuracy_value','confusion accuracy');
#9535 = CONTEXT_DEPENDENT_SHAPE_REPRESENTATION(#9536,#9538);
#9536 = ( REPRESENTATION_RELATIONSHIP('','',#8739,#10) 
REPRESENTATION_RELATIONSHIP_WITH_TRANSFORMATION(#9537) 
SHAPE_REPRESENTATION_RELATIONSHIP() );
#9537 = ITEM_DEFINED_TRANSFORMATION('','',#11,#23);
#9538 = PRODUCT_DEFINITION_SHAPE('Placement','Placement of an item',
  #9539);
#9539 = NEXT_ASSEMBLY_USAGE_OCCURRENCE('6','F2','',#5,#8734,$);
#9540 = PRODUCT_RELATED_PRODUCT_CATEGORY('part',$,(#8736));
#9541 = CONTEXT_DEPENDENT_SHAPE_REPRESENTATION(#9542,#9544);
#9542 = ( REPRESENTATION_RELATIONSHIP('','',#100,#10) 
REPRESENTATION_RELATIONSHIP_WITH_TRANSFORMATION(#9543) 
SHAPE_REPRESENTATION_RELATIONSHIP() );
#9543 = ITEM_DEFINED_TRANSFORMATION('','',#11,#27);
#9544 = PRODUCT_DEFINITION_SHAPE('Placement','Placement of an item',
  #9545);
#9545 = NEXT_ASSEMBLY_USAGE_OCCURRENCE('7','C2','',#5,#95,$);
#9546 = CONTEXT_DEPENDENT_SHAPE_REPRESENTATION(#9547,#9549);
#9547 = ( REPRESENTATION_RELATIONSHIP('','',#100,#10) 
REPRESENTATION_RELATIONSHIP_WITH_TRANSFORMATION(#9548) 
SHAPE_REPRESENTATION_RELATIONSHIP() );
#9548 = ITEM_DEFINED_TRANSFORMATION('','',#11,#31);
#9549 = PRODUCT_DEFINITION_SHAPE('Placement','Placement of an item',
  #9550);
#9550 = NEXT_ASSEMBLY_USAGE_OCCURRENCE('8','C5','',#5,#95,$);
#9551 = SHAPE_DEFINITION_REPRESENTATION(#9552,#9558);
#9552 = PRODUCT_DEFINITION_SHAPE('','',#9553);
#9553 = PRODUCT_DEFINITION('design','',#9554,#9557);
#9554 = PRODUCT_DEFINITION_FORMATION('','',#9555);
#9555 = PRODUCT('Crystal_SMD_SeikoEpson_TSX3225-4Pin_3.2x2.5mm',
  'Crystal_SMD_SeikoEpson_TSX3225-4Pin_3.2x2.5mm','',(#9556));
#9556 = PRODUCT_CONTEXT('',#2,'mechanical');
#9557 = PRODUCT_DEFINITION_CONTEXT('part definition',#2,'design');
#9558 = ADVANCED_BREP_SHAPE_REPRESENTATION('',(#11,#9559),#10413);
#9559 = MANIFOLD_SOLID_BREP('',#9560);
#9560 = CLOSED_SHELL('',(#9561,#9637,#9668,#9693,#9717,#9742,#9766,#9791
    ,#9815,#9833,#9919,#9950,#9975,#10000,#10024,#10048,#10073,#10098,
    #10115,#10201,#10232,#10257,#10282,#10306,#10330,#10355,#10380,
    #10397));
#9561 = ADVANCED_FACE('',(#9562),#9632,.T.);
#9562 = FACE_BOUND('',#9563,.T.);
#9563 = EDGE_LOOP('',(#9564,#9574,#9583,#9591,#9600,#9608,#9617,#9625));
#9564 = ORIENTED_EDGE('',*,*,#9565,.T.);
#9565 = EDGE_CURVE('',#9566,#9568,#9570,.T.);
#9566 = VERTEX_POINT('',#9567);
#9567 = CARTESIAN_POINT('',(-1.240692780974,-1.1,0.64));
#9568 = VERTEX_POINT('',#9569);
#9569 = CARTESIAN_POINT('',(1.240692780974,-1.1,0.64));
#9570 = LINE('',#9571,#9572);
#9571 = CARTESIAN_POINT('',(-1.240692780974,-1.1,0.64));
#9572 = VECTOR('',#9573,1.);
#9573 = DIRECTION('',(1.,0.,0.));
#9574 = ORIENTED_EDGE('',*,*,#9575,.T.);
#9575 = EDGE_CURVE('',#9568,#9576,#9578,.T.);
#9576 = VERTEX_POINT('',#9577);
#9577 = CARTESIAN_POINT('',(1.45,-0.890692780974,0.64));
#9578 = CIRCLE('',#9579,0.209307219026);
#9579 = AXIS2_PLACEMENT_3D('',#9580,#9581,#9582);
#9580 = CARTESIAN_POINT('',(1.240692780974,-0.890692780974,0.64));
#9581 = DIRECTION('',(0.,0.,1.));
#9582 = DIRECTION('',(1.,0.,-0.));
#9583 = ORIENTED_EDGE('',*,*,#9584,.T.);
#9584 = EDGE_CURVE('',#9576,#9585,#9587,.T.);
#9585 = VERTEX_POINT('',#9586);
#9586 = CARTESIAN_POINT('',(1.45,0.890692780974,0.64));
#9587 = LINE('',#9588,#9589);
#9588 = CARTESIAN_POINT('',(1.45,-0.890692780974,0.64));
#9589 = VECTOR('',#9590,1.);
#9590 = DIRECTION('',(0.,1.,0.));
#9591 = ORIENTED_EDGE('',*,*,#9592,.T.);
#9592 = EDGE_CURVE('',#9585,#9593,#9595,.T.);
#9593 = VERTEX_POINT('',#9594);
#9594 = CARTESIAN_POINT('',(1.240692780974,1.1,0.64));
#9595 = CIRCLE('',#9596,0.209307219026);
#9596 = AXIS2_PLACEMENT_3D('',#9597,#9598,#9599);
#9597 = CARTESIAN_POINT('',(1.240692780974,0.890692780974,0.64));
#9598 = DIRECTION('',(0.,0.,1.));
#9599 = DIRECTION('',(1.,0.,-0.));
#9600 = ORIENTED_EDGE('',*,*,#9601,.T.);
#9601 = EDGE_CURVE('',#9593,#9602,#9604,.T.);
#9602 = VERTEX_POINT('',#9603);
#9603 = CARTESIAN_POINT('',(-1.240692780974,1.1,0.64));
#9604 = LINE('',#9605,#9606);
#9605 = CARTESIAN_POINT('',(1.240692780974,1.1,0.64));
#9606 = VECTOR('',#9607,1.);
#9607 = DIRECTION('',(-1.,0.,0.));
#9608 = ORIENTED_EDGE('',*,*,#9609,.T.);
#9609 = EDGE_CURVE('',#9602,#9610,#9612,.T.);
#9610 = VERTEX_POINT('',#9611);
#9611 = CARTESIAN_POINT('',(-1.45,0.890692780974,0.64));
#9612 = CIRCLE('',#9613,0.209307219026);
#9613 = AXIS2_PLACEMENT_3D('',#9614,#9615,#9616);
#9614 = CARTESIAN_POINT('',(-1.240692780974,0.890692780974,0.64));
#9615 = DIRECTION('',(0.,0.,1.));
#9616 = DIRECTION('',(1.,0.,-0.));
#9617 = ORIENTED_EDGE('',*,*,#9618,.T.);
#9618 = EDGE_CURVE('',#9610,#9619,#9621,.T.);
#9619 = VERTEX_POINT('',#9620);
#9620 = CARTESIAN_POINT('',(-1.45,-0.890692780974,0.64));
#9621 = LINE('',#9622,#9623);
#9622 = CARTESIAN_POINT('',(-1.45,0.890692780974,0.64));
#9623 = VECTOR('',#9624,1.);
#9624 = DIRECTION('',(0.,-1.,0.));
#9625 = ORIENTED_EDGE('',*,*,#9626,.T.);
#9626 = EDGE_CURVE('',#9619,#9566,#9627,.T.);
#9627 = CIRCLE('',#9628,0.209307219026);
#9628 = AXIS2_PLACEMENT_3D('',#9629,#9630,#9631);
#9629 = CARTESIAN_POINT('',(-1.240692780974,-0.890692780974,0.64));
#9630 = DIRECTION('',(0.,0.,1.));
#9631 = DIRECTION('',(1.,0.,-0.));
#9632 = PLANE('',#9633);
#9633 = AXIS2_PLACEMENT_3D('',#9634,#9635,#9636);
#9634 = CARTESIAN_POINT('',(-2.542317729478E-17,5.649594954397E-18,0.64)
  );
#9635 = DIRECTION('',(-5.763092094539E-33,2.400534346474E-32,1.));
#9636 = DIRECTION('',(0.,1.,-2.400534346474E-32));
#9637 = ADVANCED_FACE('',(#9638),#9663,.F.);
#9638 = FACE_BOUND('',#9639,.F.);
#9639 = EDGE_LOOP('',(#9640,#9648,#9649,#9657));
#9640 = ORIENTED_EDGE('',*,*,#9641,.T.);
#9641 = EDGE_CURVE('',#9642,#9566,#9644,.T.);
#9642 = VERTEX_POINT('',#9643);
#9643 = CARTESIAN_POINT('',(-1.240692780974,-1.1,0.54));
#9644 = LINE('',#9645,#9646);
#9645 = CARTESIAN_POINT('',(-1.240692780974,-1.1,0.54));
#9646 = VECTOR('',#9647,1.);
#9647 = DIRECTION('',(0.,0.,1.));
#9648 = ORIENTED_EDGE('',*,*,#9565,.T.);
#9649 = ORIENTED_EDGE('',*,*,#9650,.F.);
#9650 = EDGE_CURVE('',#9651,#9568,#9653,.T.);
#9651 = VERTEX_POINT('',#9652);
#9652 = CARTESIAN_POINT('',(1.240692780974,-1.1,0.54));
#9653 = LINE('',#9654,#9655);
#9654 = CARTESIAN_POINT('',(1.240692780974,-1.1,0.54));
#9655 = VECTOR('',#9656,1.);
#9656 = DIRECTION('',(0.,0.,1.));
#9657 = ORIENTED_EDGE('',*,*,#9658,.F.);
#9658 = EDGE_CURVE('',#9642,#9651,#9659,.T.);
#9659 = LINE('',#9660,#9661);
#9660 = CARTESIAN_POINT('',(-1.240692780974,-1.1,0.54));
#9661 = VECTOR('',#9662,1.);
#9662 = DIRECTION('',(1.,0.,0.));
#9663 = PLANE('',#9664);
#9664 = AXIS2_PLACEMENT_3D('',#9665,#9666,#9667);
#9665 = CARTESIAN_POINT('',(-1.240692780974,-1.1,0.54));
#9666 = DIRECTION('',(0.,1.,0.));
#9667 = DIRECTION('',(1.,0.,0.));
#9668 = ADVANCED_FACE('',(#9669),#9688,.T.);
#9669 = FACE_BOUND('',#9670,.T.);
#9670 = EDGE_LOOP('',(#9671,#9680,#9686,#9687));
#9671 = ORIENTED_EDGE('',*,*,#9672,.T.);
#9672 = EDGE_CURVE('',#9651,#9673,#9675,.T.);
#9673 = VERTEX_POINT('',#9674);
#9674 = CARTESIAN_POINT('',(1.45,-0.890692780974,0.54));
#9675 = CIRCLE('',#9676,0.209307219026);
#9676 = AXIS2_PLACEMENT_3D('',#9677,#9678,#9679);
#9677 = CARTESIAN_POINT('',(1.240692780974,-0.890692780974,0.54));
#9678 = DIRECTION('',(0.,0.,1.));
#9679 = DIRECTION('',(1.,0.,-0.));
#9680 = ORIENTED_EDGE('',*,*,#9681,.T.);
#9681 = EDGE_CURVE('',#9673,#9576,#9682,.T.);
#9682 = LINE('',#9683,#9684);
#9683 = CARTESIAN_POINT('',(1.45,-0.890692780974,0.54));
#9684 = VECTOR('',#9685,1.);
#9685 = DIRECTION('',(0.,0.,1.));
#9686 = ORIENTED_EDGE('',*,*,#9575,.F.);
#9687 = ORIENTED_EDGE('',*,*,#9650,.F.);
#9688 = CYLINDRICAL_SURFACE('',#9689,0.209307219026);
#9689 = AXIS2_PLACEMENT_3D('',#9690,#9691,#9692);
#9690 = CARTESIAN_POINT('',(1.240692780974,-0.890692780974,0.54));
#9691 = DIRECTION('',(-0.,-0.,-1.));
#9692 = DIRECTION('',(1.,0.,0.));
#9693 = ADVANCED_FACE('',(#9694),#9712,.F.);
#9694 = FACE_BOUND('',#9695,.F.);
#9695 = EDGE_LOOP('',(#9696,#9697,#9698,#9706));
#9696 = ORIENTED_EDGE('',*,*,#9681,.T.);
#9697 = ORIENTED_EDGE('',*,*,#9584,.T.);
#9698 = ORIENTED_EDGE('',*,*,#9699,.F.);
#9699 = EDGE_CURVE('',#9700,#9585,#9702,.T.);
#9700 = VERTEX_POINT('',#9701);
#9701 = CARTESIAN_POINT('',(1.45,0.890692780974,0.54));
#9702 = LINE('',#9703,#9704);
#9703 = CARTESIAN_POINT('',(1.45,0.890692780974,0.54));
#9704 = VECTOR('',#9705,1.);
#9705 = DIRECTION('',(0.,0.,1.));
#9706 = ORIENTED_EDGE('',*,*,#9707,.F.);
#9707 = EDGE_CURVE('',#9673,#9700,#9708,.T.);
#9708 = LINE('',#9709,#9710);
#9709 = CARTESIAN_POINT('',(1.45,-0.890692780974,0.54));
#9710 = VECTOR('',#9711,1.);
#9711 = DIRECTION('',(0.,1.,0.));
#9712 = PLANE('',#9713);
#9713 = AXIS2_PLACEMENT_3D('',#9714,#9715,#9716);
#9714 = CARTESIAN_POINT('',(1.45,-0.890692780974,0.54));
#9715 = DIRECTION('',(-1.,0.,0.));
#9716 = DIRECTION('',(0.,1.,0.));
#9717 = ADVANCED_FACE('',(#9718),#9737,.T.);
#9718 = FACE_BOUND('',#9719,.T.);
#9719 = EDGE_LOOP('',(#9720,#9729,#9735,#9736));
#9720 = ORIENTED_EDGE('',*,*,#9721,.T.);
#9721 = EDGE_CURVE('',#9700,#9722,#9724,.T.);
#9722 = VERTEX_POINT('',#9723);
#9723 = CARTESIAN_POINT('',(1.240692780974,1.1,0.54));
#9724 = CIRCLE('',#9725,0.209307219026);
#9725 = AXIS2_PLACEMENT_3D('',#9726,#9727,#9728);
#9726 = CARTESIAN_POINT('',(1.240692780974,0.890692780974,0.54));
#9727 = DIRECTION('',(0.,0.,1.));
#9728 = DIRECTION('',(1.,0.,-0.));
#9729 = ORIENTED_EDGE('',*,*,#9730,.T.);
#9730 = EDGE_CURVE('',#9722,#9593,#9731,.T.);
#9731 = LINE('',#9732,#9733);
#9732 = CARTESIAN_POINT('',(1.240692780974,1.1,0.54));
#9733 = VECTOR('',#9734,1.);
#9734 = DIRECTION('',(0.,0.,1.));
#9735 = ORIENTED_EDGE('',*,*,#9592,.F.);
#9736 = ORIENTED_EDGE('',*,*,#9699,.F.);
#9737 = CYLINDRICAL_SURFACE('',#9738,0.209307219026);
#9738 = AXIS2_PLACEMENT_3D('',#9739,#9740,#9741);
#9739 = CARTESIAN_POINT('',(1.240692780974,0.890692780974,0.54));
#9740 = DIRECTION('',(-0.,-0.,-1.));
#9741 = DIRECTION('',(1.,0.,0.));
#9742 = ADVANCED_FACE('',(#9743),#9761,.F.);
#9743 = FACE_BOUND('',#9744,.F.);
#9744 = EDGE_LOOP('',(#9745,#9746,#9747,#9755));
#9745 = ORIENTED_EDGE('',*,*,#9730,.T.);
#9746 = ORIENTED_EDGE('',*,*,#9601,.T.);
#9747 = ORIENTED_EDGE('',*,*,#9748,.F.);
#9748 = EDGE_CURVE('',#9749,#9602,#9751,.T.);
#9749 = VERTEX_POINT('',#9750);
#9750 = CARTESIAN_POINT('',(-1.240692780974,1.1,0.54));
#9751 = LINE('',#9752,#9753);
#9752 = CARTESIAN_POINT('',(-1.240692780974,1.1,0.54));
#9753 = VECTOR('',#9754,1.);
#9754 = DIRECTION('',(0.,0.,1.));
#9755 = ORIENTED_EDGE('',*,*,#9756,.F.);
#9756 = EDGE_CURVE('',#9722,#9749,#9757,.T.);
#9757 = LINE('',#9758,#9759);
#9758 = CARTESIAN_POINT('',(1.240692780974,1.1,0.54));
#9759 = VECTOR('',#9760,1.);
#9760 = DIRECTION('',(-1.,0.,0.));
#9761 = PLANE('',#9762);
#9762 = AXIS2_PLACEMENT_3D('',#9763,#9764,#9765);
#9763 = CARTESIAN_POINT('',(1.240692780974,1.1,0.54));
#9764 = DIRECTION('',(0.,-1.,0.));
#9765 = DIRECTION('',(-1.,0.,0.));
#9766 = ADVANCED_FACE('',(#9767),#9786,.T.);
#9767 = FACE_BOUND('',#9768,.T.);
#9768 = EDGE_LOOP('',(#9769,#9778,#9784,#9785));
#9769 = ORIENTED_EDGE('',*,*,#9770,.T.);
#9770 = EDGE_CURVE('',#9749,#9771,#9773,.T.);
#9771 = VERTEX_POINT('',#9772);
#9772 = CARTESIAN_POINT('',(-1.45,0.890692780974,0.54));
#9773 = CIRCLE('',#9774,0.209307219026);
#9774 = AXIS2_PLACEMENT_3D('',#9775,#9776,#9777);
#9775 = CARTESIAN_POINT('',(-1.240692780974,0.890692780974,0.54));
#9776 = DIRECTION('',(0.,0.,1.));
#9777 = DIRECTION('',(1.,0.,-0.));
#9778 = ORIENTED_EDGE('',*,*,#9779,.T.);
#9779 = EDGE_CURVE('',#9771,#9610,#9780,.T.);
#9780 = LINE('',#9781,#9782);
#9781 = CARTESIAN_POINT('',(-1.45,0.890692780974,0.54));
#9782 = VECTOR('',#9783,1.);
#9783 = DIRECTION('',(0.,0.,1.));
#9784 = ORIENTED_EDGE('',*,*,#9609,.F.);
#9785 = ORIENTED_EDGE('',*,*,#9748,.F.);
#9786 = CYLINDRICAL_SURFACE('',#9787,0.209307219026);
#9787 = AXIS2_PLACEMENT_3D('',#9788,#9789,#9790);
#9788 = CARTESIAN_POINT('',(-1.240692780974,0.890692780974,0.54));
#9789 = DIRECTION('',(-0.,-0.,-1.));
#9790 = DIRECTION('',(1.,0.,0.));
#9791 = ADVANCED_FACE('',(#9792),#9810,.F.);
#9792 = FACE_BOUND('',#9793,.F.);
#9793 = EDGE_LOOP('',(#9794,#9795,#9796,#9804));
#9794 = ORIENTED_EDGE('',*,*,#9779,.T.);
#9795 = ORIENTED_EDGE('',*,*,#9618,.T.);
#9796 = ORIENTED_EDGE('',*,*,#9797,.F.);
#9797 = EDGE_CURVE('',#9798,#9619,#9800,.T.);
#9798 = VERTEX_POINT('',#9799);
#9799 = CARTESIAN_POINT('',(-1.45,-0.890692780974,0.54));
#9800 = LINE('',#9801,#9802);
#9801 = CARTESIAN_POINT('',(-1.45,-0.890692780974,0.54));
#9802 = VECTOR('',#9803,1.);
#9803 = DIRECTION('',(0.,0.,1.));
#9804 = ORIENTED_EDGE('',*,*,#9805,.F.);
#9805 = EDGE_CURVE('',#9771,#9798,#9806,.T.);
#9806 = LINE('',#9807,#9808);
#9807 = CARTESIAN_POINT('',(-1.45,0.890692780974,0.54));
#9808 = VECTOR('',#9809,1.);
#9809 = DIRECTION('',(0.,-1.,0.));
#9810 = PLANE('',#9811);
#9811 = AXIS2_PLACEMENT_3D('',#9812,#9813,#9814);
#9812 = CARTESIAN_POINT('',(-1.45,0.890692780974,0.54));
#9813 = DIRECTION('',(1.,0.,0.));
#9814 = DIRECTION('',(0.,-1.,0.));
#9815 = ADVANCED_FACE('',(#9816),#9828,.T.);
#9816 = FACE_BOUND('',#9817,.T.);
#9817 = EDGE_LOOP('',(#9818,#9825,#9826,#9827));
#9818 = ORIENTED_EDGE('',*,*,#9819,.T.);
#9819 = EDGE_CURVE('',#9798,#9642,#9820,.T.);
#9820 = CIRCLE('',#9821,0.209307219026);
#9821 = AXIS2_PLACEMENT_3D('',#9822,#9823,#9824);
#9822 = CARTESIAN_POINT('',(-1.240692780974,-0.890692780974,0.54));
#9823 = DIRECTION('',(0.,0.,1.));
#9824 = DIRECTION('',(1.,0.,-0.));
#9825 = ORIENTED_EDGE('',*,*,#9641,.T.);
#9826 = ORIENTED_EDGE('',*,*,#9626,.F.);
#9827 = ORIENTED_EDGE('',*,*,#9797,.F.);
#9828 = CYLINDRICAL_SURFACE('',#9829,0.209307219026);
#9829 = AXIS2_PLACEMENT_3D('',#9830,#9831,#9832);
#9830 = CARTESIAN_POINT('',(-1.240692780974,-0.890692780974,0.54));
#9831 = DIRECTION('',(-0.,-0.,-1.));
#9832 = DIRECTION('',(1.,0.,0.));
#9833 = ADVANCED_FACE('',(#9834,#9904),#9914,.T.);
#9834 = FACE_BOUND('',#9835,.T.);
#9835 = EDGE_LOOP('',(#9836,#9846,#9855,#9863,#9872,#9880,#9889,#9897));
#9836 = ORIENTED_EDGE('',*,*,#9837,.T.);
#9837 = EDGE_CURVE('',#9838,#9840,#9842,.T.);
#9838 = VERTEX_POINT('',#9839);
#9839 = CARTESIAN_POINT('',(-1.328205850256,-1.2,0.54));
#9840 = VERTEX_POINT('',#9841);
#9841 = CARTESIAN_POINT('',(1.328205850256,-1.2,0.54));
#9842 = LINE('',#9843,#9844);
#9843 = CARTESIAN_POINT('',(-1.328205850256,-1.2,0.54));
#9844 = VECTOR('',#9845,1.);
#9845 = DIRECTION('',(1.,0.,0.));
#9846 = ORIENTED_EDGE('',*,*,#9847,.T.);
#9847 = EDGE_CURVE('',#9840,#9848,#9850,.T.);
#9848 = VERTEX_POINT('',#9849);
#9849 = CARTESIAN_POINT('',(1.55,-0.978205850256,0.54));
#9850 = CIRCLE('',#9851,0.221794149744);
#9851 = AXIS2_PLACEMENT_3D('',#9852,#9853,#9854);
#9852 = CARTESIAN_POINT('',(1.328205850256,-0.978205850256,0.54));
#9853 = DIRECTION('',(0.,0.,1.));
#9854 = DIRECTION('',(1.,0.,-0.));
#9855 = ORIENTED_EDGE('',*,*,#9856,.T.);
#9856 = EDGE_CURVE('',#9848,#9857,#9859,.T.);
#9857 = VERTEX_POINT('',#9858);
#9858 = CARTESIAN_POINT('',(1.55,0.978205850256,0.54));
#9859 = LINE('',#9860,#9861);
#9860 = CARTESIAN_POINT('',(1.55,-0.978205850256,0.54));
#9861 = VECTOR('',#9862,1.);
#9862 = DIRECTION('',(0.,1.,0.));
#9863 = ORIENTED_EDGE('',*,*,#9864,.T.);
#9864 = EDGE_CURVE('',#9857,#9865,#9867,.T.);
#9865 = VERTEX_POINT('',#9866);
#9866 = CARTESIAN_POINT('',(1.328205850256,1.2,0.54));
#9867 = CIRCLE('',#9868,0.221794149744);
#9868 = AXIS2_PLACEMENT_3D('',#9869,#9870,#9871);
#9869 = CARTESIAN_POINT('',(1.328205850256,0.978205850256,0.54));
#9870 = DIRECTION('',(0.,0.,1.));
#9871 = DIRECTION('',(1.,0.,-0.));
#9872 = ORIENTED_EDGE('',*,*,#9873,.T.);
#9873 = EDGE_CURVE('',#9865,#9874,#9876,.T.);
#9874 = VERTEX_POINT('',#9875);
#9875 = CARTESIAN_POINT('',(-1.328205850256,1.2,0.54));
#9876 = LINE('',#9877,#9878);
#9877 = CARTESIAN_POINT('',(1.328205850256,1.2,0.54));
#9878 = VECTOR('',#9879,1.);
#9879 = DIRECTION('',(-1.,0.,0.));
#9880 = ORIENTED_EDGE('',*,*,#9881,.T.);
#9881 = EDGE_CURVE('',#9874,#9882,#9884,.T.);
#9882 = VERTEX_POINT('',#9883);
#9883 = CARTESIAN_POINT('',(-1.55,0.978205850256,0.54));
#9884 = CIRCLE('',#9885,0.221794149744);
#9885 = AXIS2_PLACEMENT_3D('',#9886,#9887,#9888);
#9886 = CARTESIAN_POINT('',(-1.328205850256,0.978205850256,0.54));
#9887 = DIRECTION('',(0.,0.,1.));
#9888 = DIRECTION('',(1.,0.,-0.));
#9889 = ORIENTED_EDGE('',*,*,#9890,.T.);
#9890 = EDGE_CURVE('',#9882,#9891,#9893,.T.);
#9891 = VERTEX_POINT('',#9892);
#9892 = CARTESIAN_POINT('',(-1.55,-0.978205850256,0.54));
#9893 = LINE('',#9894,#9895);
#9894 = CARTESIAN_POINT('',(-1.55,0.978205850256,0.54));
#9895 = VECTOR('',#9896,1.);
#9896 = DIRECTION('',(0.,-1.,0.));
#9897 = ORIENTED_EDGE('',*,*,#9898,.T.);
#9898 = EDGE_CURVE('',#9891,#9838,#9899,.T.);
#9899 = CIRCLE('',#9900,0.221794149744);
#9900 = AXIS2_PLACEMENT_3D('',#9901,#9902,#9903);
#9901 = CARTESIAN_POINT('',(-1.328205850256,-0.978205850256,0.54));
#9902 = DIRECTION('',(0.,0.,1.));
#9903 = DIRECTION('',(1.,0.,-0.));
#9904 = FACE_BOUND('',#9905,.T.);
#9905 = EDGE_LOOP('',(#9906,#9907,#9908,#9909,#9910,#9911,#9912,#9913));
#9906 = ORIENTED_EDGE('',*,*,#9658,.F.);
#9907 = ORIENTED_EDGE('',*,*,#9819,.F.);
#9908 = ORIENTED_EDGE('',*,*,#9805,.F.);
#9909 = ORIENTED_EDGE('',*,*,#9770,.F.);
#9910 = ORIENTED_EDGE('',*,*,#9756,.F.);
#9911 = ORIENTED_EDGE('',*,*,#9721,.F.);
#9912 = ORIENTED_EDGE('',*,*,#9707,.F.);
#9913 = ORIENTED_EDGE('',*,*,#9672,.F.);
#9914 = PLANE('',#9915);
#9915 = AXIS2_PLACEMENT_3D('',#9916,#9917,#9918);
#9916 = CARTESIAN_POINT('',(4.842600293119E-17,-6.544054450161E-18,0.54)
  );
#9917 = DIRECTION('',(0.,0.,1.));
#9918 = DIRECTION('',(1.,0.,-0.));
#9919 = ADVANCED_FACE('',(#9920),#9945,.F.);
#9920 = FACE_BOUND('',#9921,.F.);
#9921 = EDGE_LOOP('',(#9922,#9932,#9938,#9939));
#9922 = ORIENTED_EDGE('',*,*,#9923,.T.);
#9923 = EDGE_CURVE('',#9924,#9926,#9928,.T.);
#9924 = VERTEX_POINT('',#9925);
#9925 = CARTESIAN_POINT('',(1.328205850256,-1.2,0.4));
#9926 = VERTEX_POINT('',#9927);
#9927 = CARTESIAN_POINT('',(-1.328205850256,-1.2,0.4));
#9928 = LINE('',#9929,#9930);
#9929 = CARTESIAN_POINT('',(-0.663662816971,-1.2,0.4));
#9930 = VECTOR('',#9931,1.);
#9931 = DIRECTION('',(-1.,0.,0.));
#9932 = ORIENTED_EDGE('',*,*,#9933,.T.);
#9933 = EDGE_CURVE('',#9926,#9838,#9934,.T.);
#9934 = LINE('',#9935,#9936);
#9935 = CARTESIAN_POINT('',(-1.328205850256,-1.2,0.39));
#9936 = VECTOR('',#9937,1.);
#9937 = DIRECTION('',(0.,0.,1.));
#9938 = ORIENTED_EDGE('',*,*,#9837,.T.);
#9939 = ORIENTED_EDGE('',*,*,#9940,.F.);
#9940 = EDGE_CURVE('',#9924,#9840,#9941,.T.);
#9941 = LINE('',#9942,#9943);
#9942 = CARTESIAN_POINT('',(1.328205850256,-1.2,0.39));
#9943 = VECTOR('',#9944,1.);
#9944 = DIRECTION('',(0.,0.,1.));
#9945 = PLANE('',#9946);
#9946 = AXIS2_PLACEMENT_3D('',#9947,#9948,#9949);
#9947 = CARTESIAN_POINT('',(-1.328205850256,-1.2,0.39));
#9948 = DIRECTION('',(0.,1.,0.));
#9949 = DIRECTION('',(1.,0.,0.));
#9950 = ADVANCED_FACE('',(#9951),#9970,.T.);
#9951 = FACE_BOUND('',#9952,.T.);
#9952 = EDGE_LOOP('',(#9953,#9954,#9955,#9963));
#9953 = ORIENTED_EDGE('',*,*,#9933,.T.);
#9954 = ORIENTED_EDGE('',*,*,#9898,.F.);
#9955 = ORIENTED_EDGE('',*,*,#9956,.F.);
#9956 = EDGE_CURVE('',#9957,#9891,#9959,.T.);
#9957 = VERTEX_POINT('',#9958);
#9958 = CARTESIAN_POINT('',(-1.55,-0.978205850256,0.4));
#9959 = LINE('',#9960,#9961);
#9960 = CARTESIAN_POINT('',(-1.55,-0.978205850256,0.39));
#9961 = VECTOR('',#9962,1.);
#9962 = DIRECTION('',(0.,0.,1.));
#9963 = ORIENTED_EDGE('',*,*,#9964,.F.);
#9964 = EDGE_CURVE('',#9926,#9957,#9965,.T.);
#9965 = CIRCLE('',#9966,0.221794149744);
#9966 = AXIS2_PLACEMENT_3D('',#9967,#9968,#9969);
#9967 = CARTESIAN_POINT('',(-1.328205850256,-0.978205850256,0.4));
#9968 = DIRECTION('',(0.,0.,-1.));
#9969 = DIRECTION('',(1.,0.,0.));
#9970 = CYLINDRICAL_SURFACE('',#9971,0.221794149744);
#9971 = AXIS2_PLACEMENT_3D('',#9972,#9973,#9974);
#9972 = CARTESIAN_POINT('',(-1.328205850256,-0.978205850256,0.39));
#9973 = DIRECTION('',(-0.,-0.,-1.));
#9974 = DIRECTION('',(1.,0.,0.));
#9975 = ADVANCED_FACE('',(#9976),#9995,.T.);
#9976 = FACE_BOUND('',#9977,.T.);
#9977 = EDGE_LOOP('',(#9978,#9986,#9987,#9988));
#9978 = ORIENTED_EDGE('',*,*,#9979,.T.);
#9979 = EDGE_CURVE('',#9980,#9848,#9982,.T.);
#9980 = VERTEX_POINT('',#9981);
#9981 = CARTESIAN_POINT('',(1.55,-0.978205850256,0.4));
#9982 = LINE('',#9983,#9984);
#9983 = CARTESIAN_POINT('',(1.55,-0.978205850256,0.39));
#9984 = VECTOR('',#9985,1.);
#9985 = DIRECTION('',(0.,0.,1.));
#9986 = ORIENTED_EDGE('',*,*,#9847,.F.);
#9987 = ORIENTED_EDGE('',*,*,#9940,.F.);
#9988 = ORIENTED_EDGE('',*,*,#9989,.F.);
#9989 = EDGE_CURVE('',#9980,#9924,#9990,.T.);
#9990 = CIRCLE('',#9991,0.221794149744);
#9991 = AXIS2_PLACEMENT_3D('',#9992,#9993,#9994);
#9992 = CARTESIAN_POINT('',(1.328205850256,-0.978205850256,0.4));
#9993 = DIRECTION('',(0.,0.,-1.));
#9994 = DIRECTION('',(1.,0.,0.));
#9995 = CYLINDRICAL_SURFACE('',#9996,0.221794149744);
#9996 = AXIS2_PLACEMENT_3D('',#9997,#9998,#9999);
#9997 = CARTESIAN_POINT('',(1.328205850256,-0.978205850256,0.39));
#9998 = DIRECTION('',(-0.,-0.,-1.));
#9999 = DIRECTION('',(1.,0.,0.));
#10000 = ADVANCED_FACE('',(#10001),#10019,.F.);
#10001 = FACE_BOUND('',#10002,.F.);
#10002 = EDGE_LOOP('',(#10003,#10011,#10017,#10018));
#10003 = ORIENTED_EDGE('',*,*,#10004,.T.);
#10004 = EDGE_CURVE('',#9957,#10005,#10007,.T.);
#10005 = VERTEX_POINT('',#10006);
#10006 = CARTESIAN_POINT('',(-1.55,0.978205850256,0.4));
#10007 = LINE('',#10008,#10009);
#10008 = CARTESIAN_POINT('',(-1.55,0.488660386396,0.4));
#10009 = VECTOR('',#10010,1.);
#10010 = DIRECTION('',(0.,1.,0.));
#10011 = ORIENTED_EDGE('',*,*,#10012,.T.);
#10012 = EDGE_CURVE('',#10005,#9882,#10013,.T.);
#10013 = LINE('',#10014,#10015);
#10014 = CARTESIAN_POINT('',(-1.55,0.978205850256,0.39));
#10015 = VECTOR('',#10016,1.);
#10016 = DIRECTION('',(0.,0.,1.));
#10017 = ORIENTED_EDGE('',*,*,#9890,.T.);
#10018 = ORIENTED_EDGE('',*,*,#9956,.F.);
#10019 = PLANE('',#10020);
#10020 = AXIS2_PLACEMENT_3D('',#10021,#10022,#10023);
#10021 = CARTESIAN_POINT('',(-1.55,0.978205850256,0.39));
#10022 = DIRECTION('',(1.,0.,0.));
#10023 = DIRECTION('',(0.,-1.,0.));
#10024 = ADVANCED_FACE('',(#10025),#10043,.F.);
#10025 = FACE_BOUND('',#10026,.F.);
#10026 = EDGE_LOOP('',(#10027,#10035,#10036,#10037));
#10027 = ORIENTED_EDGE('',*,*,#10028,.T.);
#10028 = EDGE_CURVE('',#10029,#9980,#10031,.T.);
#10029 = VERTEX_POINT('',#10030);
#10030 = CARTESIAN_POINT('',(1.55,0.978205850256,0.4));
#10031 = LINE('',#10032,#10033);
#10032 = CARTESIAN_POINT('',(1.55,-0.48954546386,0.4));
#10033 = VECTOR('',#10034,1.);
#10034 = DIRECTION('',(0.,-1.,0.));
#10035 = ORIENTED_EDGE('',*,*,#9979,.T.);
#10036 = ORIENTED_EDGE('',*,*,#9856,.T.);
#10037 = ORIENTED_EDGE('',*,*,#10038,.F.);
#10038 = EDGE_CURVE('',#10029,#9857,#10039,.T.);
#10039 = LINE('',#10040,#10041);
#10040 = CARTESIAN_POINT('',(1.55,0.978205850256,0.39));
#10041 = VECTOR('',#10042,1.);
#10042 = DIRECTION('',(0.,0.,1.));
#10043 = PLANE('',#10044);
#10044 = AXIS2_PLACEMENT_3D('',#10045,#10046,#10047);
#10045 = CARTESIAN_POINT('',(1.55,-0.978205850256,0.39));
#10046 = DIRECTION('',(-1.,0.,0.));
#10047 = DIRECTION('',(0.,1.,0.));
#10048 = ADVANCED_FACE('',(#10049),#10068,.T.);
#10049 = FACE_BOUND('',#10050,.T.);
#10050 = EDGE_LOOP('',(#10051,#10052,#10053,#10061));
#10051 = ORIENTED_EDGE('',*,*,#10012,.T.);
#10052 = ORIENTED_EDGE('',*,*,#9881,.F.);
#10053 = ORIENTED_EDGE('',*,*,#10054,.F.);
#10054 = EDGE_CURVE('',#10055,#9874,#10057,.T.);
#10055 = VERTEX_POINT('',#10056);
#10056 = CARTESIAN_POINT('',(-1.328205850256,1.2,0.4));
#10057 = LINE('',#10058,#10059);
#10058 = CARTESIAN_POINT('',(-1.328205850256,1.2,0.39));
#10059 = VECTOR('',#10060,1.);
#10060 = DIRECTION('',(0.,0.,1.));
#10061 = ORIENTED_EDGE('',*,*,#10062,.F.);
#10062 = EDGE_CURVE('',#10005,#10055,#10063,.T.);
#10063 = CIRCLE('',#10064,0.221794149744);
#10064 = AXIS2_PLACEMENT_3D('',#10065,#10066,#10067);
#10065 = CARTESIAN_POINT('',(-1.328205850256,0.978205850256,0.4));
#10066 = DIRECTION('',(0.,0.,-1.));
#10067 = DIRECTION('',(1.,0.,0.));
#10068 = CYLINDRICAL_SURFACE('',#10069,0.221794149744);
#10069 = AXIS2_PLACEMENT_3D('',#10070,#10071,#10072);
#10070 = CARTESIAN_POINT('',(-1.328205850256,0.978205850256,0.39));
#10071 = DIRECTION('',(-0.,-0.,-1.));
#10072 = DIRECTION('',(1.,0.,0.));
#10073 = ADVANCED_FACE('',(#10074),#10093,.T.);
#10074 = FACE_BOUND('',#10075,.T.);
#10075 = EDGE_LOOP('',(#10076,#10084,#10085,#10086));
#10076 = ORIENTED_EDGE('',*,*,#10077,.T.);
#10077 = EDGE_CURVE('',#10078,#9865,#10080,.T.);
#10078 = VERTEX_POINT('',#10079);
#10079 = CARTESIAN_POINT('',(1.328205850256,1.2,0.4));
#10080 = LINE('',#10081,#10082);
#10081 = CARTESIAN_POINT('',(1.328205850256,1.2,0.39));
#10082 = VECTOR('',#10083,1.);
#10083 = DIRECTION('',(0.,0.,1.));
#10084 = ORIENTED_EDGE('',*,*,#9864,.F.);
#10085 = ORIENTED_EDGE('',*,*,#10038,.F.);
#10086 = ORIENTED_EDGE('',*,*,#10087,.F.);
#10087 = EDGE_CURVE('',#10078,#10029,#10088,.T.);
#10088 = CIRCLE('',#10089,0.221794149744);
#10089 = AXIS2_PLACEMENT_3D('',#10090,#10091,#10092);
#10090 = CARTESIAN_POINT('',(1.328205850256,0.978205850256,0.4));
#10091 = DIRECTION('',(0.,0.,-1.));
#10092 = DIRECTION('',(1.,0.,0.));
#10093 = CYLINDRICAL_SURFACE('',#10094,0.221794149744);
#10094 = AXIS2_PLACEMENT_3D('',#10095,#10096,#10097);
#10095 = CARTESIAN_POINT('',(1.328205850256,0.978205850256,0.39));
#10096 = DIRECTION('',(-0.,-0.,-1.));
#10097 = DIRECTION('',(1.,0.,0.));
#10098 = ADVANCED_FACE('',(#10099),#10110,.F.);
#10099 = FACE_BOUND('',#10100,.F.);
#10100 = EDGE_LOOP('',(#10101,#10107,#10108,#10109));
#10101 = ORIENTED_EDGE('',*,*,#10102,.T.);
#10102 = EDGE_CURVE('',#10055,#10078,#10103,.T.);
#10103 = LINE('',#10104,#10105);
#10104 = CARTESIAN_POINT('',(0.664543033285,1.2,0.4));
#10105 = VECTOR('',#10106,1.);
#10106 = DIRECTION('',(1.,0.,0.));
#10107 = ORIENTED_EDGE('',*,*,#10077,.T.);
#10108 = ORIENTED_EDGE('',*,*,#9873,.T.);
#10109 = ORIENTED_EDGE('',*,*,#10054,.F.);
#10110 = PLANE('',#10111);
#10111 = AXIS2_PLACEMENT_3D('',#10112,#10113,#10114);
#10112 = CARTESIAN_POINT('',(1.328205850256,1.2,0.39));
#10113 = DIRECTION('',(0.,-1.,0.));
#10114 = DIRECTION('',(-1.,0.,0.));
#10115 = ADVANCED_FACE('',(#10116,#10186),#10196,.T.);
#10116 = FACE_BOUND('',#10117,.T.);
#10117 = EDGE_LOOP('',(#10118,#10128,#10137,#10145,#10154,#10162,#10171,
    #10179));
#10118 = ORIENTED_EDGE('',*,*,#10119,.F.);
#10119 = EDGE_CURVE('',#10120,#10122,#10124,.T.);
#10120 = VERTEX_POINT('',#10121);
#10121 = CARTESIAN_POINT('',(-1.499580396422,1.249506131818,0.4));
#10122 = VERTEX_POINT('',#10123);
#10123 = CARTESIAN_POINT('',(1.500419603578,1.249506131818,0.4));
#10124 = LINE('',#10125,#10126);
#10125 = CARTESIAN_POINT('',(-1.499580396422,1.249506131818,0.4));
#10126 = VECTOR('',#10127,1.);
#10127 = DIRECTION('',(1.,0.,0.));
#10128 = ORIENTED_EDGE('',*,*,#10129,.F.);
#10129 = EDGE_CURVE('',#10130,#10120,#10132,.T.);
#10130 = VERTEX_POINT('',#10131);
#10131 = CARTESIAN_POINT('',(-1.599300724757,1.149785803483,0.4));
#10132 = CIRCLE('',#10133,0.10000039108);
#10133 = AXIS2_PLACEMENT_3D('',#10134,#10135,#10136);
#10134 = CARTESIAN_POINT('',(-1.599580396422,1.249785803483,0.4));
#10135 = DIRECTION('',(0.,0.,1.));
#10136 = DIRECTION('',(1.,0.,-0.));
#10137 = ORIENTED_EDGE('',*,*,#10138,.F.);
#10138 = EDGE_CURVE('',#10139,#10130,#10141,.T.);
#10139 = VERTEX_POINT('',#10140);
#10140 = CARTESIAN_POINT('',(-1.599300724757,-1.150214196517,0.4));
#10141 = LINE('',#10142,#10143);
#10142 = CARTESIAN_POINT('',(-1.599300724757,-1.150214196517,0.4));
#10143 = VECTOR('',#10144,1.);
#10144 = DIRECTION('',(0.,1.,0.));
#10145 = ORIENTED_EDGE('',*,*,#10146,.F.);
#10146 = EDGE_CURVE('',#10147,#10139,#10149,.T.);
#10147 = VERTEX_POINT('',#10148);
#10148 = CARTESIAN_POINT('',(-1.500419603578,-1.251333075338,0.4));
#10149 = CIRCLE('',#10150,0.100006259253);
#10150 = AXIS2_PLACEMENT_3D('',#10151,#10152,#10153);
#10151 = CARTESIAN_POINT('',(-1.600419603578,-1.250214196517,0.4));
#10152 = DIRECTION('',(0.,0.,1.));
#10153 = DIRECTION('',(1.,0.,-0.));
#10154 = ORIENTED_EDGE('',*,*,#10155,.F.);
#10155 = EDGE_CURVE('',#10156,#10147,#10158,.T.);
#10156 = VERTEX_POINT('',#10157);
#10157 = CARTESIAN_POINT('',(1.499580396422,-1.251333075338,0.4));
#10158 = LINE('',#10159,#10160);
#10159 = CARTESIAN_POINT('',(1.499580396422,-1.251333075338,0.4));
#10160 = VECTOR('',#10161,1.);
#10161 = DIRECTION('',(-1.,0.,0.));
#10162 = ORIENTED_EDGE('',*,*,#10163,.F.);
#10163 = EDGE_CURVE('',#10164,#10156,#10166,.T.);
#10164 = VERTEX_POINT('',#10165);
#10165 = CARTESIAN_POINT('',(1.601127668277,-1.149785803483,0.4));
#10166 = CIRCLE('',#10167,0.100011969535);
#10167 = AXIS2_PLACEMENT_3D('',#10168,#10169,#10170);
#10168 = CARTESIAN_POINT('',(1.599580396422,-1.249785803483,0.4));
#10169 = DIRECTION('',(0.,0.,1.));
#10170 = DIRECTION('',(1.,0.,-0.));
#10171 = ORIENTED_EDGE('',*,*,#10172,.F.);
#10172 = EDGE_CURVE('',#10173,#10164,#10175,.T.);
#10173 = VERTEX_POINT('',#10174);
#10174 = CARTESIAN_POINT('',(1.601127668277,1.150214196517,0.4));
#10175 = LINE('',#10176,#10177);
#10176 = CARTESIAN_POINT('',(1.601127668277,1.150214196517,0.4));
#10177 = VECTOR('',#10178,1.);
#10178 = DIRECTION('',(0.,-1.,0.));
#10179 = ORIENTED_EDGE('',*,*,#10180,.F.);
#10180 = EDGE_CURVE('',#10122,#10173,#10181,.T.);
#10181 = CIRCLE('',#10182,0.100002506747);
#10182 = AXIS2_PLACEMENT_3D('',#10183,#10184,#10185);
#10183 = CARTESIAN_POINT('',(1.600419603578,1.250214196517,0.4));
#10184 = DIRECTION('',(0.,0.,1.));
#10185 = DIRECTION('',(1.,0.,-0.));
#10186 = FACE_BOUND('',#10187,.T.);
#10187 = EDGE_LOOP('',(#10188,#10189,#10190,#10191,#10192,#10193,#10194,
    #10195));
#10188 = ORIENTED_EDGE('',*,*,#9989,.T.);
#10189 = ORIENTED_EDGE('',*,*,#9923,.T.);
#10190 = ORIENTED_EDGE('',*,*,#9964,.T.);
#10191 = ORIENTED_EDGE('',*,*,#10004,.T.);
#10192 = ORIENTED_EDGE('',*,*,#10062,.T.);
#10193 = ORIENTED_EDGE('',*,*,#10102,.T.);
#10194 = ORIENTED_EDGE('',*,*,#10087,.T.);
#10195 = ORIENTED_EDGE('',*,*,#10028,.T.);
#10196 = PLANE('',#10197);
#10197 = AXIS2_PLACEMENT_3D('',#10198,#10199,#10200);
#10198 = CARTESIAN_POINT('',(8.802163144183E-04,-8.850774637298E-04,0.4)
  );
#10199 = DIRECTION('',(0.,0.,1.));
#10200 = DIRECTION('',(1.,0.,-0.));
#10201 = ADVANCED_FACE('',(#10202),#10227,.T.);
#10202 = FACE_BOUND('',#10203,.T.);
#10203 = EDGE_LOOP('',(#10204,#10212,#10213,#10221));
#10204 = ORIENTED_EDGE('',*,*,#10205,.T.);
#10205 = EDGE_CURVE('',#10206,#10120,#10208,.T.);
#10206 = VERTEX_POINT('',#10207);
#10207 = CARTESIAN_POINT('',(-1.499580396422,1.249506131818,0.));
#10208 = LINE('',#10209,#10210);
#10209 = CARTESIAN_POINT('',(-1.499580396422,1.249506131818,0.));
#10210 = VECTOR('',#10211,1.);
#10211 = DIRECTION('',(0.,0.,1.));
#10212 = ORIENTED_EDGE('',*,*,#10119,.T.);
#10213 = ORIENTED_EDGE('',*,*,#10214,.F.);
#10214 = EDGE_CURVE('',#10215,#10122,#10217,.T.);
#10215 = VERTEX_POINT('',#10216);
#10216 = CARTESIAN_POINT('',(1.500419603578,1.249506131818,0.));
#10217 = LINE('',#10218,#10219);
#10218 = CARTESIAN_POINT('',(1.500419603578,1.249506131818,0.));
#10219 = VECTOR('',#10220,1.);
#10220 = DIRECTION('',(0.,0.,1.));
#10221 = ORIENTED_EDGE('',*,*,#10222,.F.);
#10222 = EDGE_CURVE('',#10206,#10215,#10223,.T.);
#10223 = LINE('',#10224,#10225);
#10224 = CARTESIAN_POINT('',(-1.499580396422,1.249506131818,0.));
#10225 = VECTOR('',#10226,1.);
#10226 = DIRECTION('',(1.,0.,0.));
#10227 = PLANE('',#10228);
#10228 = AXIS2_PLACEMENT_3D('',#10229,#10230,#10231);
#10229 = CARTESIAN_POINT('',(-1.499580396422,1.249506131818,0.));
#10230 = DIRECTION('',(0.,1.,0.));
#10231 = DIRECTION('',(1.,0.,0.));
#10232 = ADVANCED_FACE('',(#10233),#10252,.F.);
#10233 = FACE_BOUND('',#10234,.F.);
#10234 = EDGE_LOOP('',(#10235,#10244,#10245,#10246));
#10235 = ORIENTED_EDGE('',*,*,#10236,.T.);
#10236 = EDGE_CURVE('',#10237,#10206,#10239,.T.);
#10237 = VERTEX_POINT('',#10238);
#10238 = CARTESIAN_POINT('',(-1.599300724757,1.149785803483,0.));
#10239 = CIRCLE('',#10240,0.10000039108);
#10240 = AXIS2_PLACEMENT_3D('',#10241,#10242,#10243);
#10241 = CARTESIAN_POINT('',(-1.599580396422,1.249785803483,0.));
#10242 = DIRECTION('',(0.,0.,1.));
#10243 = DIRECTION('',(1.,0.,-0.));
#10244 = ORIENTED_EDGE('',*,*,#10205,.T.);
#10245 = ORIENTED_EDGE('',*,*,#10129,.F.);
#10246 = ORIENTED_EDGE('',*,*,#10247,.F.);
#10247 = EDGE_CURVE('',#10237,#10130,#10248,.T.);
#10248 = LINE('',#10249,#10250);
#10249 = CARTESIAN_POINT('',(-1.599300724757,1.149785803483,0.));
#10250 = VECTOR('',#10251,1.);
#10251 = DIRECTION('',(0.,0.,1.));
#10252 = CYLINDRICAL_SURFACE('',#10253,0.10000039108);
#10253 = AXIS2_PLACEMENT_3D('',#10254,#10255,#10256);
#10254 = CARTESIAN_POINT('',(-1.599580396422,1.249785803483,0.));
#10255 = DIRECTION('',(-0.,-0.,-1.));
#10256 = DIRECTION('',(1.,0.,0.));
#10257 = ADVANCED_FACE('',(#10258),#10277,.F.);
#10258 = FACE_BOUND('',#10259,.F.);
#10259 = EDGE_LOOP('',(#10260,#10269,#10275,#10276));
#10260 = ORIENTED_EDGE('',*,*,#10261,.T.);
#10261 = EDGE_CURVE('',#10215,#10262,#10264,.T.);
#10262 = VERTEX_POINT('',#10263);
#10263 = CARTESIAN_POINT('',(1.601127668277,1.150214196517,0.));
#10264 = CIRCLE('',#10265,0.100002506747);
#10265 = AXIS2_PLACEMENT_3D('',#10266,#10267,#10268);
#10266 = CARTESIAN_POINT('',(1.600419603578,1.250214196517,0.));
#10267 = DIRECTION('',(0.,0.,1.));
#10268 = DIRECTION('',(1.,0.,-0.));
#10269 = ORIENTED_EDGE('',*,*,#10270,.T.);
#10270 = EDGE_CURVE('',#10262,#10173,#10271,.T.);
#10271 = LINE('',#10272,#10273);
#10272 = CARTESIAN_POINT('',(1.601127668277,1.150214196517,0.));
#10273 = VECTOR('',#10274,1.);
#10274 = DIRECTION('',(0.,0.,1.));
#10275 = ORIENTED_EDGE('',*,*,#10180,.F.);
#10276 = ORIENTED_EDGE('',*,*,#10214,.F.);
#10277 = CYLINDRICAL_SURFACE('',#10278,0.100002506747);
#10278 = AXIS2_PLACEMENT_3D('',#10279,#10280,#10281);
#10279 = CARTESIAN_POINT('',(1.600419603578,1.250214196517,0.));
#10280 = DIRECTION('',(-0.,-0.,-1.));
#10281 = DIRECTION('',(1.,0.,0.));
#10282 = ADVANCED_FACE('',(#10283),#10301,.T.);
#10283 = FACE_BOUND('',#10284,.T.);
#10284 = EDGE_LOOP('',(#10285,#10293,#10294,#10295));
#10285 = ORIENTED_EDGE('',*,*,#10286,.T.);
#10286 = EDGE_CURVE('',#10287,#10139,#10289,.T.);
#10287 = VERTEX_POINT('',#10288);
#10288 = CARTESIAN_POINT('',(-1.599300724757,-1.150214196517,0.));
#10289 = LINE('',#10290,#10291);
#10290 = CARTESIAN_POINT('',(-1.599300724757,-1.150214196517,0.));
#10291 = VECTOR('',#10292,1.);
#10292 = DIRECTION('',(0.,0.,1.));
#10293 = ORIENTED_EDGE('',*,*,#10138,.T.);
#10294 = ORIENTED_EDGE('',*,*,#10247,.F.);
#10295 = ORIENTED_EDGE('',*,*,#10296,.F.);
#10296 = EDGE_CURVE('',#10287,#10237,#10297,.T.);
#10297 = LINE('',#10298,#10299);
#10298 = CARTESIAN_POINT('',(-1.599300724757,-1.150214196517,0.));
#10299 = VECTOR('',#10300,1.);
#10300 = DIRECTION('',(0.,1.,0.));
#10301 = PLANE('',#10302);
#10302 = AXIS2_PLACEMENT_3D('',#10303,#10304,#10305);
#10303 = CARTESIAN_POINT('',(-1.599300724757,-1.150214196517,0.));
#10304 = DIRECTION('',(-1.,0.,0.));
#10305 = DIRECTION('',(0.,1.,0.));
#10306 = ADVANCED_FACE('',(#10307),#10325,.T.);
#10307 = FACE_BOUND('',#10308,.T.);
#10308 = EDGE_LOOP('',(#10309,#10310,#10311,#10319));
#10309 = ORIENTED_EDGE('',*,*,#10270,.T.);
#10310 = ORIENTED_EDGE('',*,*,#10172,.T.);
#10311 = ORIENTED_EDGE('',*,*,#10312,.F.);
#10312 = EDGE_CURVE('',#10313,#10164,#10315,.T.);
#10313 = VERTEX_POINT('',#10314);
#10314 = CARTESIAN_POINT('',(1.601127668277,-1.149785803483,0.));
#10315 = LINE('',#10316,#10317);
#10316 = CARTESIAN_POINT('',(1.601127668277,-1.149785803483,0.));
#10317 = VECTOR('',#10318,1.);
#10318 = DIRECTION('',(0.,0.,1.));
#10319 = ORIENTED_EDGE('',*,*,#10320,.F.);
#10320 = EDGE_CURVE('',#10262,#10313,#10321,.T.);
#10321 = LINE('',#10322,#10323);
#10322 = CARTESIAN_POINT('',(1.601127668277,1.150214196517,0.));
#10323 = VECTOR('',#10324,1.);
#10324 = DIRECTION('',(0.,-1.,0.));
#10325 = PLANE('',#10326);
#10326 = AXIS2_PLACEMENT_3D('',#10327,#10328,#10329);
#10327 = CARTESIAN_POINT('',(1.601127668277,1.150214196517,0.));
#10328 = DIRECTION('',(1.,0.,0.));
#10329 = DIRECTION('',(0.,-1.,0.));
#10330 = ADVANCED_FACE('',(#10331),#10350,.F.);
#10331 = FACE_BOUND('',#10332,.F.);
#10332 = EDGE_LOOP('',(#10333,#10342,#10343,#10344));
#10333 = ORIENTED_EDGE('',*,*,#10334,.T.);
#10334 = EDGE_CURVE('',#10335,#10287,#10337,.T.);
#10335 = VERTEX_POINT('',#10336);
#10336 = CARTESIAN_POINT('',(-1.500419603578,-1.251333075338,0.));
#10337 = CIRCLE('',#10338,0.100006259253);
#10338 = AXIS2_PLACEMENT_3D('',#10339,#10340,#10341);
#10339 = CARTESIAN_POINT('',(-1.600419603578,-1.250214196517,0.));
#10340 = DIRECTION('',(0.,0.,1.));
#10341 = DIRECTION('',(1.,0.,-0.));
#10342 = ORIENTED_EDGE('',*,*,#10286,.T.);
#10343 = ORIENTED_EDGE('',*,*,#10146,.F.);
#10344 = ORIENTED_EDGE('',*,*,#10345,.F.);
#10345 = EDGE_CURVE('',#10335,#10147,#10346,.T.);
#10346 = LINE('',#10347,#10348);
#10347 = CARTESIAN_POINT('',(-1.500419603578,-1.251333075338,0.));
#10348 = VECTOR('',#10349,1.);
#10349 = DIRECTION('',(0.,0.,1.));
#10350 = CYLINDRICAL_SURFACE('',#10351,0.100006259253);
#10351 = AXIS2_PLACEMENT_3D('',#10352,#10353,#10354);
#10352 = CARTESIAN_POINT('',(-1.600419603578,-1.250214196517,0.));
#10353 = DIRECTION('',(-0.,-0.,-1.));
#10354 = DIRECTION('',(1.,0.,0.));
#10355 = ADVANCED_FACE('',(#10356),#10375,.F.);
#10356 = FACE_BOUND('',#10357,.F.);
#10357 = EDGE_LOOP('',(#10358,#10367,#10373,#10374));
#10358 = ORIENTED_EDGE('',*,*,#10359,.T.);
#10359 = EDGE_CURVE('',#10313,#10360,#10362,.T.);
#10360 = VERTEX_POINT('',#10361);
#10361 = CARTESIAN_POINT('',(1.499580396422,-1.251333075338,0.));
#10362 = CIRCLE('',#10363,0.100011969535);
#10363 = AXIS2_PLACEMENT_3D('',#10364,#10365,#10366);
#10364 = CARTESIAN_POINT('',(1.599580396422,-1.249785803483,0.));
#10365 = DIRECTION('',(0.,0.,1.));
#10366 = DIRECTION('',(1.,0.,-0.));
#10367 = ORIENTED_EDGE('',*,*,#10368,.T.);
#10368 = EDGE_CURVE('',#10360,#10156,#10369,.T.);
#10369 = LINE('',#10370,#10371);
#10370 = CARTESIAN_POINT('',(1.499580396422,-1.251333075338,0.));
#10371 = VECTOR('',#10372,1.);
#10372 = DIRECTION('',(0.,0.,1.));
#10373 = ORIENTED_EDGE('',*,*,#10163,.F.);
#10374 = ORIENTED_EDGE('',*,*,#10312,.F.);
#10375 = CYLINDRICAL_SURFACE('',#10376,0.100011969535);
#10376 = AXIS2_PLACEMENT_3D('',#10377,#10378,#10379);
#10377 = CARTESIAN_POINT('',(1.599580396422,-1.249785803483,0.));
#10378 = DIRECTION('',(-0.,-0.,-1.));
#10379 = DIRECTION('',(1.,0.,0.));
#10380 = ADVANCED_FACE('',(#10381),#10392,.T.);
#10381 = FACE_BOUND('',#10382,.T.);
#10382 = EDGE_LOOP('',(#10383,#10384,#10385,#10386));
#10383 = ORIENTED_EDGE('',*,*,#10368,.T.);
#10384 = ORIENTED_EDGE('',*,*,#10155,.T.);
#10385 = ORIENTED_EDGE('',*,*,#10345,.F.);
#10386 = ORIENTED_EDGE('',*,*,#10387,.F.);
#10387 = EDGE_CURVE('',#10360,#10335,#10388,.T.);
#10388 = LINE('',#10389,#10390);
#10389 = CARTESIAN_POINT('',(1.499580396422,-1.251333075338,0.));
#10390 = VECTOR('',#10391,1.);
#10391 = DIRECTION('',(-1.,0.,0.));
#10392 = PLANE('',#10393);
#10393 = AXIS2_PLACEMENT_3D('',#10394,#10395,#10396);
#10394 = CARTESIAN_POINT('',(1.499580396422,-1.251333075338,0.));
#10395 = DIRECTION('',(0.,-1.,0.));
#10396 = DIRECTION('',(-1.,0.,0.));
#10397 = ADVANCED_FACE('',(#10398),#10408,.F.);
#10398 = FACE_BOUND('',#10399,.T.);
#10399 = EDGE_LOOP('',(#10400,#10401,#10402,#10403,#10404,#10405,#10406,
    #10407));
#10400 = ORIENTED_EDGE('',*,*,#10222,.T.);
#10401 = ORIENTED_EDGE('',*,*,#10261,.T.);
#10402 = ORIENTED_EDGE('',*,*,#10320,.T.);
#10403 = ORIENTED_EDGE('',*,*,#10359,.T.);
#10404 = ORIENTED_EDGE('',*,*,#10387,.T.);
#10405 = ORIENTED_EDGE('',*,*,#10334,.T.);
#10406 = ORIENTED_EDGE('',*,*,#10296,.T.);
#10407 = ORIENTED_EDGE('',*,*,#10236,.T.);
#10408 = PLANE('',#10409);
#10409 = AXIS2_PLACEMENT_3D('',#10410,#10411,#10412);
#10410 = CARTESIAN_POINT('',(8.802163144183E-04,-8.850774637298E-04,0.)
  );
#10411 = DIRECTION('',(0.,0.,1.));
#10412 = DIRECTION('',(1.,0.,-0.));
#10413 = ( GEOMETRIC_REPRESENTATION_CONTEXT(3) 
GLOBAL_UNCERTAINTY_ASSIGNED_CONTEXT((#10417)) 
GLOBAL_UNIT_ASSIGNED_CONTEXT((#10414,#10415,#10416)) 
REPRESENTATION_CONTEXT('Context #1',
  '3D Context with UNIT and UNCERTAINTY') );
#10414 = ( LENGTH_UNIT() NAMED_UNIT(*) SI_UNIT(.MILLI.,.METRE.) );
#10415 = ( NAMED_UNIT(*) PLANE_ANGLE_UNIT() SI_UNIT($,.RADIAN.) );
#10416 = ( NAMED_UNIT(*) SI_UNIT($,.STERADIAN.) SOLID_ANGLE_UNIT() );
#10417 = UNCERTAINTY_MEASURE_WITH_UNIT(LENGTH_MEASURE(1.E-07),#10414,
  'distance_accuracy_value','confusion accuracy');
#10418 = CONTEXT_DEPENDENT_SHAPE_REPRESENTATION(#10419,#10421);
#10419 = ( REPRESENTATION_RELATIONSHIP('','',#9558,#10) 
REPRESENTATION_RELATIONSHIP_WITH_TRANSFORMATION(#10420) 
SHAPE_REPRESENTATION_RELATIONSHIP() );
#10420 = ITEM_DEFINED_TRANSFORMATION('','',#11,#35);
#10421 = PRODUCT_DEFINITION_SHAPE('Placement','Placement of an item',
  #10422);
#10422 = NEXT_ASSEMBLY_USAGE_OCCURRENCE('9','Y1','',#5,#9553,$);
#10423 = PRODUCT_RELATED_PRODUCT_CATEGORY('part',$,(#9555));
#10424 = CONTEXT_DEPENDENT_SHAPE_REPRESENTATION(#10425,#10427);
#10425 = ( REPRESENTATION_RELATIONSHIP('','',#100,#10) 
REPRESENTATION_RELATIONSHIP_WITH_TRANSFORMATION(#10426) 
SHAPE_REPRESENTATION_RELATIONSHIP() );
#10426 = ITEM_DEFINED_TRANSFORMATION('','',#11,#39);
#10427 = PRODUCT_DEFINITION_SHAPE('Placement','Placement of an item',
  #10428);
#10428 = NEXT_ASSEMBLY_USAGE_OCCURRENCE('10','C4','',#5,#95,$);
#10429 = SHAPE_DEFINITION_REPRESENTATION(#10430,#10436);
#10430 = PRODUCT_DEFINITION_SHAPE('','',#10431);
#10431 = PRODUCT_DEFINITION('design','',#10432,#10435);
#10432 = PRODUCT_DEFINITION_FORMATION('','',#10433);
#10433 = PRODUCT('SL2.1A','SL2.1A','',(#10434));
#10434 = PRODUCT_CONTEXT('',#2,'mechanical');
#10435 = PRODUCT_DEFINITION_CONTEXT('part definition',#2,'design');
#10436 = SHAPE_REPRESENTATION('',(#11,#10437,#10859,#11281,#11703,#12125
    ,#12547,#12969,#13391,#13813,#14235,#14657,#15079,#15501,#15923,
    #16345,#16767,#17189,#17611),#17699);
#10437 = MANIFOLD_SOLID_BREP('',#10438);
#10438 = CLOSED_SHELL('',(#10439,#10479,#10510,#10543,#10574,#10607,
    #10638,#10669,#10700,#10733,#10764,#10797,#10819,#10839));
#10439 = ADVANCED_FACE('',(#10440),#10474,.F.);
#10440 = FACE_BOUND('',#10441,.T.);
#10441 = EDGE_LOOP('',(#10442,#10452,#10460,#10468));
#10442 = ORIENTED_EDGE('',*,*,#10443,.T.);
#10443 = EDGE_CURVE('',#10444,#10446,#10448,.T.);
#10444 = VERTEX_POINT('',#10445);
#10445 = CARTESIAN_POINT('',(-1.95,0.941,-4.648));
#10446 = VERTEX_POINT('',#10447);
#10447 = CARTESIAN_POINT('',(-1.95,1.159,-4.648));
#10448 = LINE('',#10449,#10450);
#10449 = CARTESIAN_POINT('',(-1.95,1.159,-4.648));
#10450 = VECTOR('',#10451,1.);
#10451 = DIRECTION('',(-0.,1.,-0.));
#10452 = ORIENTED_EDGE('',*,*,#10453,.F.);
#10453 = EDGE_CURVE('',#10454,#10446,#10456,.T.);
#10454 = VERTEX_POINT('',#10455);
#10455 = CARTESIAN_POINT('',(-1.95,1.159,-4.242));
#10456 = LINE('',#10457,#10458);
#10457 = CARTESIAN_POINT('',(-1.95,1.159,-4.242));
#10458 = VECTOR('',#10459,1.);
#10459 = DIRECTION('',(-0.,-0.,-1.));
#10460 = ORIENTED_EDGE('',*,*,#10461,.F.);
#10461 = EDGE_CURVE('',#10462,#10454,#10464,.T.);
#10462 = VERTEX_POINT('',#10463);
#10463 = CARTESIAN_POINT('',(-1.95,0.941,-4.242));
#10464 = LINE('',#10465,#10466);
#10465 = CARTESIAN_POINT('',(-1.95,1.159,-4.242));
#10466 = VECTOR('',#10467,1.);
#10467 = DIRECTION('',(-0.,1.,-0.));
#10468 = ORIENTED_EDGE('',*,*,#10469,.T.);
#10469 = EDGE_CURVE('',#10462,#10444,#10470,.T.);
#10470 = LINE('',#10471,#10472);
#10471 = CARTESIAN_POINT('',(-1.95,0.941,-4.242));
#10472 = VECTOR('',#10473,1.);
#10473 = DIRECTION('',(-0.,-0.,-1.));
#10474 = PLANE('',#10475);
#10475 = AXIS2_PLACEMENT_3D('',#10476,#10477,#10478);
#10476 = CARTESIAN_POINT('',(-1.95,1.159,-4.242));
#10477 = DIRECTION('',(-1.,0.,0.));
#10478 = DIRECTION('',(0.,0.,1.));
#10479 = ADVANCED_FACE('',(#10480),#10505,.F.);
#10480 = FACE_BOUND('',#10481,.T.);
#10481 = EDGE_LOOP('',(#10482,#10490,#10498,#10504));
#10482 = ORIENTED_EDGE('',*,*,#10483,.T.);
#10483 = EDGE_CURVE('',#10446,#10484,#10486,.T.);
#10484 = VERTEX_POINT('',#10485);
#10485 = CARTESIAN_POINT('',(-2.37,1.159,-4.648));
#10486 = LINE('',#10487,#10488);
#10487 = CARTESIAN_POINT('',(-1.95,1.159,-4.648));
#10488 = VECTOR('',#10489,1.);
#10489 = DIRECTION('',(-1.,0.,0.));
#10490 = ORIENTED_EDGE('',*,*,#10491,.F.);
#10491 = EDGE_CURVE('',#10492,#10484,#10494,.T.);
#10492 = VERTEX_POINT('',#10493);
#10493 = CARTESIAN_POINT('',(-2.37,1.159,-4.242));
#10494 = LINE('',#10495,#10496);
#10495 = CARTESIAN_POINT('',(-2.37,1.159,-4.242));
#10496 = VECTOR('',#10497,1.);
#10497 = DIRECTION('',(-0.,-0.,-1.));
#10498 = ORIENTED_EDGE('',*,*,#10499,.F.);
#10499 = EDGE_CURVE('',#10454,#10492,#10500,.T.);
#10500 = LINE('',#10501,#10502);
#10501 = CARTESIAN_POINT('',(-1.95,1.159,-4.242));
#10502 = VECTOR('',#10503,1.);
#10503 = DIRECTION('',(-1.,0.,0.));
#10504 = ORIENTED_EDGE('',*,*,#10453,.T.);
#10505 = PLANE('',#10506);
#10506 = AXIS2_PLACEMENT_3D('',#10507,#10508,#10509);
#10507 = CARTESIAN_POINT('',(-1.95,1.159,-4.242));
#10508 = DIRECTION('',(0.,-1.,0.));
#10509 = DIRECTION('',(0.,-0.,-1.));
#10510 = ADVANCED_FACE('',(#10511),#10538,.T.);
#10511 = FACE_BOUND('',#10512,.T.);
#10512 = EDGE_LOOP('',(#10513,#10522,#10530,#10537));
#10513 = ORIENTED_EDGE('',*,*,#10514,.T.);
#10514 = EDGE_CURVE('',#10484,#10515,#10517,.T.);
#10515 = VERTEX_POINT('',#10516);
#10516 = CARTESIAN_POINT('',(-2.688,0.841,-4.648));
#10517 = CIRCLE('',#10518,0.318);
#10518 = AXIS2_PLACEMENT_3D('',#10519,#10520,#10521);
#10519 = CARTESIAN_POINT('',(-2.37,0.841,-4.648));
#10520 = DIRECTION('',(0.,0.,1.));
#10521 = DIRECTION('',(1.,0.,-0.));
#10522 = ORIENTED_EDGE('',*,*,#10523,.F.);
#10523 = EDGE_CURVE('',#10524,#10515,#10526,.T.);
#10524 = VERTEX_POINT('',#10525);
#10525 = CARTESIAN_POINT('',(-2.688,0.841,-4.242));
#10526 = LINE('',#10527,#10528);
#10527 = CARTESIAN_POINT('',(-2.688,0.841,-4.242));
#10528 = VECTOR('',#10529,1.);
#10529 = DIRECTION('',(-0.,-0.,-1.));
#10530 = ORIENTED_EDGE('',*,*,#10531,.F.);
#10531 = EDGE_CURVE('',#10492,#10524,#10532,.T.);
#10532 = CIRCLE('',#10533,0.318);
#10533 = AXIS2_PLACEMENT_3D('',#10534,#10535,#10536);
#10534 = CARTESIAN_POINT('',(-2.37,0.841,-4.242));
#10535 = DIRECTION('',(0.,0.,1.));
#10536 = DIRECTION('',(1.,0.,-0.));
#10537 = ORIENTED_EDGE('',*,*,#10491,.T.);
#10538 = CYLINDRICAL_SURFACE('',#10539,0.318);
#10539 = AXIS2_PLACEMENT_3D('',#10540,#10541,#10542);
#10540 = CARTESIAN_POINT('',(-2.37,0.841,-4.242));
#10541 = DIRECTION('',(-0.,-0.,-1.));
#10542 = DIRECTION('',(-1.,0.,0.));
#10543 = ADVANCED_FACE('',(#10544),#10569,.F.);
#10544 = FACE_BOUND('',#10545,.T.);
#10545 = EDGE_LOOP('',(#10546,#10554,#10562,#10568));
#10546 = ORIENTED_EDGE('',*,*,#10547,.T.);
#10547 = EDGE_CURVE('',#10515,#10548,#10550,.T.);
#10548 = VERTEX_POINT('',#10549);
#10549 = CARTESIAN_POINT('',(-2.688,0.333936173136,-4.648));
#10550 = LINE('',#10551,#10552);
#10551 = CARTESIAN_POINT('',(-2.688,0.841,-4.648));
#10552 = VECTOR('',#10553,1.);
#10553 = DIRECTION('',(-8.552786572769E-16,-1.,0.));
#10554 = ORIENTED_EDGE('',*,*,#10555,.F.);
#10555 = EDGE_CURVE('',#10556,#10548,#10558,.T.);
#10556 = VERTEX_POINT('',#10557);
#10557 = CARTESIAN_POINT('',(-2.688,0.333936173136,-4.242));
#10558 = LINE('',#10559,#10560);
#10559 = CARTESIAN_POINT('',(-2.688,0.333936173136,-4.242));
#10560 = VECTOR('',#10561,1.);
#10561 = DIRECTION('',(-0.,-0.,-1.));
#10562 = ORIENTED_EDGE('',*,*,#10563,.F.);
#10563 = EDGE_CURVE('',#10524,#10556,#10564,.T.);
#10564 = LINE('',#10565,#10566);
#10565 = CARTESIAN_POINT('',(-2.688,0.841,-4.242));
#10566 = VECTOR('',#10567,1.);
#10567 = DIRECTION('',(-8.552786572769E-16,-1.,0.));
#10568 = ORIENTED_EDGE('',*,*,#10523,.T.);
#10569 = PLANE('',#10570);
#10570 = AXIS2_PLACEMENT_3D('',#10571,#10572,#10573);
#10571 = CARTESIAN_POINT('',(-2.688,0.841,-4.242));
#10572 = DIRECTION('',(1.,-8.552786572769E-16,0.));
#10573 = DIRECTION('',(8.552786572769E-16,1.,0.));
#10574 = ADVANCED_FACE('',(#10575),#10602,.F.);
#10575 = FACE_BOUND('',#10576,.F.);
#10576 = EDGE_LOOP('',(#10577,#10578,#10587,#10595));
#10577 = ORIENTED_EDGE('',*,*,#10555,.F.);
#10578 = ORIENTED_EDGE('',*,*,#10579,.T.);
#10579 = EDGE_CURVE('',#10556,#10580,#10582,.T.);
#10580 = VERTEX_POINT('',#10581);
#10581 = CARTESIAN_POINT('',(-2.781024352626,0.23417976811,-4.242));
#10582 = CIRCLE('',#10583,1.E-01);
#10583 = AXIS2_PLACEMENT_3D('',#10584,#10585,#10586);
#10584 = CARTESIAN_POINT('',(-2.788,0.333936173136,-4.242));
#10585 = DIRECTION('',(-0.,0.,-1.));
#10586 = DIRECTION('',(-1.,0.,0.));
#10587 = ORIENTED_EDGE('',*,*,#10588,.T.);
#10588 = EDGE_CURVE('',#10580,#10589,#10591,.T.);
#10589 = VERTEX_POINT('',#10590);
#10590 = CARTESIAN_POINT('',(-2.781024352626,0.23417976811,-4.648));
#10591 = LINE('',#10592,#10593);
#10592 = CARTESIAN_POINT('',(-2.781024352626,0.23417976811,-4.242));
#10593 = VECTOR('',#10594,1.);
#10594 = DIRECTION('',(-0.,-0.,-1.));
#10595 = ORIENTED_EDGE('',*,*,#10596,.F.);
#10596 = EDGE_CURVE('',#10548,#10589,#10597,.T.);
#10597 = CIRCLE('',#10598,1.E-01);
#10598 = AXIS2_PLACEMENT_3D('',#10599,#10600,#10601);
#10599 = CARTESIAN_POINT('',(-2.788,0.333936173136,-4.648));
#10600 = DIRECTION('',(-0.,0.,-1.));
#10601 = DIRECTION('',(-1.,0.,0.));
#10602 = CYLINDRICAL_SURFACE('',#10603,1.E-01);
#10603 = AXIS2_PLACEMENT_3D('',#10604,#10605,#10606);
#10604 = CARTESIAN_POINT('',(-2.788,0.333936173136,-4.242));
#10605 = DIRECTION('',(-0.,-0.,-1.));
#10606 = DIRECTION('',(-1.,0.,0.));
#10607 = ADVANCED_FACE('',(#10608),#10633,.F.);
#10608 = FACE_BOUND('',#10609,.T.);
#10609 = EDGE_LOOP('',(#10610,#10618,#10626,#10632));
#10610 = ORIENTED_EDGE('',*,*,#10611,.T.);
#10611 = EDGE_CURVE('',#10589,#10612,#10614,.T.);
#10612 = VERTEX_POINT('',#10613);
#10613 = CARTESIAN_POINT('',(-3.02,0.217468962957,-4.648));
#10614 = LINE('',#10615,#10616);
#10615 = CARTESIAN_POINT('',(-2.781024352626,0.23417976811,-4.648));
#10616 = VECTOR('',#10617,1.);
#10617 = DIRECTION('',(-0.99756405026,-6.975647374412E-02,0.));
#10618 = ORIENTED_EDGE('',*,*,#10619,.F.);
#10619 = EDGE_CURVE('',#10620,#10612,#10622,.T.);
#10620 = VERTEX_POINT('',#10621);
#10621 = CARTESIAN_POINT('',(-3.02,0.217468962957,-4.242));
#10622 = LINE('',#10623,#10624);
#10623 = CARTESIAN_POINT('',(-3.02,0.217468962957,-4.242));
#10624 = VECTOR('',#10625,1.);
#10625 = DIRECTION('',(-0.,-0.,-1.));
#10626 = ORIENTED_EDGE('',*,*,#10627,.F.);
#10627 = EDGE_CURVE('',#10580,#10620,#10628,.T.);
#10628 = LINE('',#10629,#10630);
#10629 = CARTESIAN_POINT('',(-2.781024352626,0.23417976811,-4.242));
#10630 = VECTOR('',#10631,1.);
#10631 = DIRECTION('',(-0.99756405026,-6.975647374412E-02,0.));
#10632 = ORIENTED_EDGE('',*,*,#10588,.T.);
#10633 = PLANE('',#10634);
#10634 = AXIS2_PLACEMENT_3D('',#10635,#10636,#10637);
#10635 = CARTESIAN_POINT('',(-2.781024352626,0.23417976811,-4.242));
#10636 = DIRECTION('',(6.975647374412E-02,-0.99756405026,0.));
#10637 = DIRECTION('',(0.99756405026,6.975647374412E-02,0.));
#10638 = ADVANCED_FACE('',(#10639),#10664,.F.);
#10639 = FACE_BOUND('',#10640,.T.);
#10640 = EDGE_LOOP('',(#10641,#10649,#10657,#10663));
#10641 = ORIENTED_EDGE('',*,*,#10642,.T.);
#10642 = EDGE_CURVE('',#10612,#10643,#10645,.T.);
#10643 = VERTEX_POINT('',#10644);
#10644 = CARTESIAN_POINT('',(-3.004793088724,-6.776263578034E-18,-4.648)
  );
#10645 = LINE('',#10646,#10647);
#10646 = CARTESIAN_POINT('',(-3.02,0.217468962957,-4.648));
#10647 = VECTOR('',#10648,1.);
#10648 = DIRECTION('',(6.975647374412E-02,-0.99756405026,0.));
#10649 = ORIENTED_EDGE('',*,*,#10650,.F.);
#10650 = EDGE_CURVE('',#10651,#10643,#10653,.T.);
#10651 = VERTEX_POINT('',#10652);
#10652 = CARTESIAN_POINT('',(-3.004793088724,-6.776263578034E-18,-4.242)
  );
#10653 = LINE('',#10654,#10655);
#10654 = CARTESIAN_POINT('',(-3.004793088724,-6.776263578034E-18,-4.242)
  );
#10655 = VECTOR('',#10656,1.);
#10656 = DIRECTION('',(-0.,-0.,-1.));
#10657 = ORIENTED_EDGE('',*,*,#10658,.F.);
#10658 = EDGE_CURVE('',#10620,#10651,#10659,.T.);
#10659 = LINE('',#10660,#10661);
#10660 = CARTESIAN_POINT('',(-3.02,0.217468962957,-4.242));
#10661 = VECTOR('',#10662,1.);
#10662 = DIRECTION('',(6.975647374412E-02,-0.99756405026,0.));
#10663 = ORIENTED_EDGE('',*,*,#10619,.T.);
#10664 = PLANE('',#10665);
#10665 = AXIS2_PLACEMENT_3D('',#10666,#10667,#10668);
#10666 = CARTESIAN_POINT('',(-3.02,0.217468962957,-4.242));
#10667 = DIRECTION('',(0.99756405026,6.975647374412E-02,-0.));
#10668 = DIRECTION('',(-6.975647374412E-02,0.99756405026,0.));
#10669 = ADVANCED_FACE('',(#10670),#10695,.F.);
#10670 = FACE_BOUND('',#10671,.T.);
#10671 = EDGE_LOOP('',(#10672,#10680,#10688,#10694));
#10672 = ORIENTED_EDGE('',*,*,#10673,.T.);
#10673 = EDGE_CURVE('',#10643,#10674,#10676,.T.);
#10674 = VERTEX_POINT('',#10675);
#10675 = CARTESIAN_POINT('',(-2.765817441349,1.671080515303E-02,-4.648)
  );
#10676 = LINE('',#10677,#10678);
#10677 = CARTESIAN_POINT('',(-2.765817441349,1.671080515303E-02,-4.648)
  );
#10678 = VECTOR('',#10679,1.);
#10679 = DIRECTION('',(0.99756405026,6.975647374412E-02,-0.));
#10680 = ORIENTED_EDGE('',*,*,#10681,.F.);
#10681 = EDGE_CURVE('',#10682,#10674,#10684,.T.);
#10682 = VERTEX_POINT('',#10683);
#10683 = CARTESIAN_POINT('',(-2.765817441349,1.671080515303E-02,-4.242)
  );
#10684 = LINE('',#10685,#10686);
#10685 = CARTESIAN_POINT('',(-2.765817441349,1.671080515303E-02,-4.242)
  );
#10686 = VECTOR('',#10687,1.);
#10687 = DIRECTION('',(-0.,-0.,-1.));
#10688 = ORIENTED_EDGE('',*,*,#10689,.F.);
#10689 = EDGE_CURVE('',#10651,#10682,#10690,.T.);
#10690 = LINE('',#10691,#10692);
#10691 = CARTESIAN_POINT('',(-2.765817441349,1.671080515303E-02,-4.242)
  );
#10692 = VECTOR('',#10693,1.);
#10693 = DIRECTION('',(0.99756405026,6.975647374412E-02,-0.));
#10694 = ORIENTED_EDGE('',*,*,#10650,.T.);
#10695 = PLANE('',#10696);
#10696 = AXIS2_PLACEMENT_3D('',#10697,#10698,#10699);
#10697 = CARTESIAN_POINT('',(-2.765817441349,1.671080515303E-02,-4.242)
  );
#10698 = DIRECTION('',(-6.975647374412E-02,0.99756405026,0.));
#10699 = DIRECTION('',(-0.99756405026,-6.975647374412E-02,0.));
#10700 = ADVANCED_FACE('',(#10701),#10728,.T.);
#10701 = FACE_BOUND('',#10702,.T.);
#10702 = EDGE_LOOP('',(#10703,#10712,#10720,#10727));
#10703 = ORIENTED_EDGE('',*,*,#10704,.T.);
#10704 = EDGE_CURVE('',#10674,#10705,#10707,.T.);
#10705 = VERTEX_POINT('',#10706);
#10706 = CARTESIAN_POINT('',(-2.47,0.333936173136,-4.648));
#10707 = CIRCLE('',#10708,0.318);
#10708 = AXIS2_PLACEMENT_3D('',#10709,#10710,#10711);
#10709 = CARTESIAN_POINT('',(-2.788,0.333936173136,-4.648));
#10710 = DIRECTION('',(0.,0.,1.));
#10711 = DIRECTION('',(-1.,0.,0.));
#10712 = ORIENTED_EDGE('',*,*,#10713,.F.);
#10713 = EDGE_CURVE('',#10714,#10705,#10716,.T.);
#10714 = VERTEX_POINT('',#10715);
#10715 = CARTESIAN_POINT('',(-2.47,0.333936173136,-4.242));
#10716 = LINE('',#10717,#10718);
#10717 = CARTESIAN_POINT('',(-2.47,0.333936173136,-4.242));
#10718 = VECTOR('',#10719,1.);
#10719 = DIRECTION('',(-0.,-0.,-1.));
#10720 = ORIENTED_EDGE('',*,*,#10721,.F.);
#10721 = EDGE_CURVE('',#10682,#10714,#10722,.T.);
#10722 = CIRCLE('',#10723,0.318);
#10723 = AXIS2_PLACEMENT_3D('',#10724,#10725,#10726);
#10724 = CARTESIAN_POINT('',(-2.788,0.333936173136,-4.242));
#10725 = DIRECTION('',(0.,0.,1.));
#10726 = DIRECTION('',(-1.,0.,0.));
#10727 = ORIENTED_EDGE('',*,*,#10681,.T.);
#10728 = CYLINDRICAL_SURFACE('',#10729,0.318);
#10729 = AXIS2_PLACEMENT_3D('',#10730,#10731,#10732);
#10730 = CARTESIAN_POINT('',(-2.788,0.333936173136,-4.242));
#10731 = DIRECTION('',(-0.,-0.,-1.));
#10732 = DIRECTION('',(-1.,0.,0.));
#10733 = ADVANCED_FACE('',(#10734),#10759,.F.);
#10734 = FACE_BOUND('',#10735,.T.);
#10735 = EDGE_LOOP('',(#10736,#10744,#10752,#10758));
#10736 = ORIENTED_EDGE('',*,*,#10737,.T.);
#10737 = EDGE_CURVE('',#10705,#10738,#10740,.T.);
#10738 = VERTEX_POINT('',#10739);
#10739 = CARTESIAN_POINT('',(-2.47,0.841,-4.648));
#10740 = LINE('',#10741,#10742);
#10741 = CARTESIAN_POINT('',(-2.47,0.841,-4.648));
#10742 = VECTOR('',#10743,1.);
#10743 = DIRECTION('',(-8.552786572769E-16,1.,-0.));
#10744 = ORIENTED_EDGE('',*,*,#10745,.F.);
#10745 = EDGE_CURVE('',#10746,#10738,#10748,.T.);
#10746 = VERTEX_POINT('',#10747);
#10747 = CARTESIAN_POINT('',(-2.47,0.841,-4.242));
#10748 = LINE('',#10749,#10750);
#10749 = CARTESIAN_POINT('',(-2.47,0.841,-4.242));
#10750 = VECTOR('',#10751,1.);
#10751 = DIRECTION('',(-0.,-0.,-1.));
#10752 = ORIENTED_EDGE('',*,*,#10753,.F.);
#10753 = EDGE_CURVE('',#10714,#10746,#10754,.T.);
#10754 = LINE('',#10755,#10756);
#10755 = CARTESIAN_POINT('',(-2.47,0.841,-4.242));
#10756 = VECTOR('',#10757,1.);
#10757 = DIRECTION('',(-8.552786572769E-16,1.,-0.));
#10758 = ORIENTED_EDGE('',*,*,#10713,.T.);
#10759 = PLANE('',#10760);
#10760 = AXIS2_PLACEMENT_3D('',#10761,#10762,#10763);
#10761 = CARTESIAN_POINT('',(-2.47,0.841,-4.242));
#10762 = DIRECTION('',(-1.,-8.552786572769E-16,0.));
#10763 = DIRECTION('',(8.552786572769E-16,-1.,0.));
#10764 = ADVANCED_FACE('',(#10765),#10792,.F.);
#10765 = FACE_BOUND('',#10766,.F.);
#10766 = EDGE_LOOP('',(#10767,#10768,#10777,#10785));
#10767 = ORIENTED_EDGE('',*,*,#10745,.F.);
#10768 = ORIENTED_EDGE('',*,*,#10769,.T.);
#10769 = EDGE_CURVE('',#10746,#10770,#10772,.T.);
#10770 = VERTEX_POINT('',#10771);
#10771 = CARTESIAN_POINT('',(-2.37,0.941,-4.242));
#10772 = CIRCLE('',#10773,1.E-01);
#10773 = AXIS2_PLACEMENT_3D('',#10774,#10775,#10776);
#10774 = CARTESIAN_POINT('',(-2.37,0.841,-4.242));
#10775 = DIRECTION('',(0.,0.,-1.));
#10776 = DIRECTION('',(1.,0.,0.));
#10777 = ORIENTED_EDGE('',*,*,#10778,.T.);
#10778 = EDGE_CURVE('',#10770,#10779,#10781,.T.);
#10779 = VERTEX_POINT('',#10780);
#10780 = CARTESIAN_POINT('',(-2.37,0.941,-4.648));
#10781 = LINE('',#10782,#10783);
#10782 = CARTESIAN_POINT('',(-2.37,0.941,-4.242));
#10783 = VECTOR('',#10784,1.);
#10784 = DIRECTION('',(-0.,-0.,-1.));
#10785 = ORIENTED_EDGE('',*,*,#10786,.F.);
#10786 = EDGE_CURVE('',#10738,#10779,#10787,.T.);
#10787 = CIRCLE('',#10788,1.E-01);
#10788 = AXIS2_PLACEMENT_3D('',#10789,#10790,#10791);
#10789 = CARTESIAN_POINT('',(-2.37,0.841,-4.648));
#10790 = DIRECTION('',(0.,0.,-1.));
#10791 = DIRECTION('',(1.,0.,0.));
#10792 = CYLINDRICAL_SURFACE('',#10793,1.E-01);
#10793 = AXIS2_PLACEMENT_3D('',#10794,#10795,#10796);
#10794 = CARTESIAN_POINT('',(-2.37,0.841,-4.242));
#10795 = DIRECTION('',(-0.,-0.,-1.));
#10796 = DIRECTION('',(-1.,0.,0.));
#10797 = ADVANCED_FACE('',(#10798),#10814,.F.);
#10798 = FACE_BOUND('',#10799,.T.);
#10799 = EDGE_LOOP('',(#10800,#10806,#10807,#10813));
#10800 = ORIENTED_EDGE('',*,*,#10801,.T.);
#10801 = EDGE_CURVE('',#10779,#10444,#10802,.T.);
#10802 = LINE('',#10803,#10804);
#10803 = CARTESIAN_POINT('',(-1.95,0.941,-4.648));
#10804 = VECTOR('',#10805,1.);
#10805 = DIRECTION('',(1.,2.581433744013E-16,-0.));
#10806 = ORIENTED_EDGE('',*,*,#10469,.F.);
#10807 = ORIENTED_EDGE('',*,*,#10808,.F.);
#10808 = EDGE_CURVE('',#10770,#10462,#10809,.T.);
#10809 = LINE('',#10810,#10811);
#10810 = CARTESIAN_POINT('',(-1.95,0.941,-4.242));
#10811 = VECTOR('',#10812,1.);
#10812 = DIRECTION('',(1.,2.581433744013E-16,-0.));
#10813 = ORIENTED_EDGE('',*,*,#10778,.T.);
#10814 = PLANE('',#10815);
#10815 = AXIS2_PLACEMENT_3D('',#10816,#10817,#10818);
#10816 = CARTESIAN_POINT('',(-1.95,0.941,-4.242));
#10817 = DIRECTION('',(-2.581433744013E-16,1.,0.));
#10818 = DIRECTION('',(-1.,-2.581433744013E-16,0.));
#10819 = ADVANCED_FACE('',(#10820),#10834,.T.);
#10820 = FACE_BOUND('',#10821,.T.);
#10821 = EDGE_LOOP('',(#10822,#10823,#10824,#10825,#10826,#10827,#10828,
    #10829,#10830,#10831,#10832,#10833));
#10822 = ORIENTED_EDGE('',*,*,#10461,.T.);
#10823 = ORIENTED_EDGE('',*,*,#10499,.T.);
#10824 = ORIENTED_EDGE('',*,*,#10531,.T.);
#10825 = ORIENTED_EDGE('',*,*,#10563,.T.);
#10826 = ORIENTED_EDGE('',*,*,#10579,.T.);
#10827 = ORIENTED_EDGE('',*,*,#10627,.T.);
#10828 = ORIENTED_EDGE('',*,*,#10658,.T.);
#10829 = ORIENTED_EDGE('',*,*,#10689,.T.);
#10830 = ORIENTED_EDGE('',*,*,#10721,.T.);
#10831 = ORIENTED_EDGE('',*,*,#10753,.T.);
#10832 = ORIENTED_EDGE('',*,*,#10769,.T.);
#10833 = ORIENTED_EDGE('',*,*,#10808,.T.);
#10834 = PLANE('',#10835);
#10835 = AXIS2_PLACEMENT_3D('',#10836,#10837,#10838);
#10836 = CARTESIAN_POINT('',(-2.37,0.841,-4.242));
#10837 = DIRECTION('',(0.,0.,1.));
#10838 = DIRECTION('',(1.,0.,-0.));
#10839 = ADVANCED_FACE('',(#10840),#10854,.F.);
#10840 = FACE_BOUND('',#10841,.T.);
#10841 = EDGE_LOOP('',(#10842,#10843,#10844,#10845,#10846,#10847,#10848,
    #10849,#10850,#10851,#10852,#10853));
#10842 = ORIENTED_EDGE('',*,*,#10443,.F.);
#10843 = ORIENTED_EDGE('',*,*,#10801,.F.);
#10844 = ORIENTED_EDGE('',*,*,#10786,.F.);
#10845 = ORIENTED_EDGE('',*,*,#10737,.F.);
#10846 = ORIENTED_EDGE('',*,*,#10704,.F.);
#10847 = ORIENTED_EDGE('',*,*,#10673,.F.);
#10848 = ORIENTED_EDGE('',*,*,#10642,.F.);
#10849 = ORIENTED_EDGE('',*,*,#10611,.F.);
#10850 = ORIENTED_EDGE('',*,*,#10596,.F.);
#10851 = ORIENTED_EDGE('',*,*,#10547,.F.);
#10852 = ORIENTED_EDGE('',*,*,#10514,.F.);
#10853 = ORIENTED_EDGE('',*,*,#10483,.F.);
#10854 = PLANE('',#10855);
#10855 = AXIS2_PLACEMENT_3D('',#10856,#10857,#10858);
#10856 = CARTESIAN_POINT('',(-2.37,0.841,-4.648));
#10857 = DIRECTION('',(0.,0.,1.));
#10858 = DIRECTION('',(1.,0.,-0.));
#10859 = MANIFOLD_SOLID_BREP('',#10860);
#10860 = CLOSED_SHELL('',(#10861,#10901,#10932,#10965,#10996,#11029,
    #11060,#11091,#11122,#11155,#11186,#11219,#11241,#11261));
#10861 = ADVANCED_FACE('',(#10862),#10896,.F.);
#10862 = FACE_BOUND('',#10863,.T.);
#10863 = EDGE_LOOP('',(#10864,#10874,#10882,#10890));
#10864 = ORIENTED_EDGE('',*,*,#10865,.T.);
#10865 = EDGE_CURVE('',#10866,#10868,#10870,.T.);
#10866 = VERTEX_POINT('',#10867);
#10867 = CARTESIAN_POINT('',(-1.95,0.941,-3.378));
#10868 = VERTEX_POINT('',#10869);
#10869 = CARTESIAN_POINT('',(-1.95,1.159,-3.378));
#10870 = LINE('',#10871,#10872);
#10871 = CARTESIAN_POINT('',(-1.95,1.159,-3.378));
#10872 = VECTOR('',#10873,1.);
#10873 = DIRECTION('',(-0.,1.,-0.));
#10874 = ORIENTED_EDGE('',*,*,#10875,.F.);
#10875 = EDGE_CURVE('',#10876,#10868,#10878,.T.);
#10876 = VERTEX_POINT('',#10877);
#10877 = CARTESIAN_POINT('',(-1.95,1.159,-2.972));
#10878 = LINE('',#10879,#10880);
#10879 = CARTESIAN_POINT('',(-1.95,1.159,-2.972));
#10880 = VECTOR('',#10881,1.);
#10881 = DIRECTION('',(-0.,-0.,-1.));
#10882 = ORIENTED_EDGE('',*,*,#10883,.F.);
#10883 = EDGE_CURVE('',#10884,#10876,#10886,.T.);
#10884 = VERTEX_POINT('',#10885);
#10885 = CARTESIAN_POINT('',(-1.95,0.941,-2.972));
#10886 = LINE('',#10887,#10888);
#10887 = CARTESIAN_POINT('',(-1.95,1.159,-2.972));
#10888 = VECTOR('',#10889,1.);
#10889 = DIRECTION('',(-0.,1.,-0.));
#10890 = ORIENTED_EDGE('',*,*,#10891,.T.);
#10891 = EDGE_CURVE('',#10884,#10866,#10892,.T.);
#10892 = LINE('',#10893,#10894);
#10893 = CARTESIAN_POINT('',(-1.95,0.941,-2.972));
#10894 = VECTOR('',#10895,1.);
#10895 = DIRECTION('',(-0.,-0.,-1.));
#10896 = PLANE('',#10897);
#10897 = AXIS2_PLACEMENT_3D('',#10898,#10899,#10900);
#10898 = CARTESIAN_POINT('',(-1.95,1.159,-2.972));
#10899 = DIRECTION('',(-1.,0.,0.));
#10900 = DIRECTION('',(0.,0.,1.));
#10901 = ADVANCED_FACE('',(#10902),#10927,.F.);
#10902 = FACE_BOUND('',#10903,.T.);
#10903 = EDGE_LOOP('',(#10904,#10912,#10920,#10926));
#10904 = ORIENTED_EDGE('',*,*,#10905,.T.);
#10905 = EDGE_CURVE('',#10868,#10906,#10908,.T.);
#10906 = VERTEX_POINT('',#10907);
#10907 = CARTESIAN_POINT('',(-2.37,1.159,-3.378));
#10908 = LINE('',#10909,#10910);
#10909 = CARTESIAN_POINT('',(-1.95,1.159,-3.378));
#10910 = VECTOR('',#10911,1.);
#10911 = DIRECTION('',(-1.,0.,0.));
#10912 = ORIENTED_EDGE('',*,*,#10913,.F.);
#10913 = EDGE_CURVE('',#10914,#10906,#10916,.T.);
#10914 = VERTEX_POINT('',#10915);
#10915 = CARTESIAN_POINT('',(-2.37,1.159,-2.972));
#10916 = LINE('',#10917,#10918);
#10917 = CARTESIAN_POINT('',(-2.37,1.159,-2.972));
#10918 = VECTOR('',#10919,1.);
#10919 = DIRECTION('',(-0.,-0.,-1.));
#10920 = ORIENTED_EDGE('',*,*,#10921,.F.);
#10921 = EDGE_CURVE('',#10876,#10914,#10922,.T.);
#10922 = LINE('',#10923,#10924);
#10923 = CARTESIAN_POINT('',(-1.95,1.159,-2.972));
#10924 = VECTOR('',#10925,1.);
#10925 = DIRECTION('',(-1.,0.,0.));
#10926 = ORIENTED_EDGE('',*,*,#10875,.T.);
#10927 = PLANE('',#10928);
#10928 = AXIS2_PLACEMENT_3D('',#10929,#10930,#10931);
#10929 = CARTESIAN_POINT('',(-1.95,1.159,-2.972));
#10930 = DIRECTION('',(0.,-1.,0.));
#10931 = DIRECTION('',(0.,-0.,-1.));
#10932 = ADVANCED_FACE('',(#10933),#10960,.T.);
#10933 = FACE_BOUND('',#10934,.T.);
#10934 = EDGE_LOOP('',(#10935,#10944,#10952,#10959));
#10935 = ORIENTED_EDGE('',*,*,#10936,.T.);
#10936 = EDGE_CURVE('',#10906,#10937,#10939,.T.);
#10937 = VERTEX_POINT('',#10938);
#10938 = CARTESIAN_POINT('',(-2.688,0.841,-3.378));
#10939 = CIRCLE('',#10940,0.318);
#10940 = AXIS2_PLACEMENT_3D('',#10941,#10942,#10943);
#10941 = CARTESIAN_POINT('',(-2.37,0.841,-3.378));
#10942 = DIRECTION('',(0.,0.,1.));
#10943 = DIRECTION('',(1.,0.,-0.));
#10944 = ORIENTED_EDGE('',*,*,#10945,.F.);
#10945 = EDGE_CURVE('',#10946,#10937,#10948,.T.);
#10946 = VERTEX_POINT('',#10947);
#10947 = CARTESIAN_POINT('',(-2.688,0.841,-2.972));
#10948 = LINE('',#10949,#10950);
#10949 = CARTESIAN_POINT('',(-2.688,0.841,-2.972));
#10950 = VECTOR('',#10951,1.);
#10951 = DIRECTION('',(-0.,-0.,-1.));
#10952 = ORIENTED_EDGE('',*,*,#10953,.F.);
#10953 = EDGE_CURVE('',#10914,#10946,#10954,.T.);
#10954 = CIRCLE('',#10955,0.318);
#10955 = AXIS2_PLACEMENT_3D('',#10956,#10957,#10958);
#10956 = CARTESIAN_POINT('',(-2.37,0.841,-2.972));
#10957 = DIRECTION('',(0.,0.,1.));
#10958 = DIRECTION('',(1.,0.,-0.));
#10959 = ORIENTED_EDGE('',*,*,#10913,.T.);
#10960 = CYLINDRICAL_SURFACE('',#10961,0.318);
#10961 = AXIS2_PLACEMENT_3D('',#10962,#10963,#10964);
#10962 = CARTESIAN_POINT('',(-2.37,0.841,-2.972));
#10963 = DIRECTION('',(-0.,-0.,-1.));
#10964 = DIRECTION('',(-1.,0.,0.));
#10965 = ADVANCED_FACE('',(#10966),#10991,.F.);
#10966 = FACE_BOUND('',#10967,.T.);
#10967 = EDGE_LOOP('',(#10968,#10976,#10984,#10990));
#10968 = ORIENTED_EDGE('',*,*,#10969,.T.);
#10969 = EDGE_CURVE('',#10937,#10970,#10972,.T.);
#10970 = VERTEX_POINT('',#10971);
#10971 = CARTESIAN_POINT('',(-2.688,0.333936173136,-3.378));
#10972 = LINE('',#10973,#10974);
#10973 = CARTESIAN_POINT('',(-2.688,0.841,-3.378));
#10974 = VECTOR('',#10975,1.);
#10975 = DIRECTION('',(-8.552786572769E-16,-1.,0.));
#10976 = ORIENTED_EDGE('',*,*,#10977,.F.);
#10977 = EDGE_CURVE('',#10978,#10970,#10980,.T.);
#10978 = VERTEX_POINT('',#10979);
#10979 = CARTESIAN_POINT('',(-2.688,0.333936173136,-2.972));
#10980 = LINE('',#10981,#10982);
#10981 = CARTESIAN_POINT('',(-2.688,0.333936173136,-2.972));
#10982 = VECTOR('',#10983,1.);
#10983 = DIRECTION('',(-0.,-0.,-1.));
#10984 = ORIENTED_EDGE('',*,*,#10985,.F.);
#10985 = EDGE_CURVE('',#10946,#10978,#10986,.T.);
#10986 = LINE('',#10987,#10988);
#10987 = CARTESIAN_POINT('',(-2.688,0.841,-2.972));
#10988 = VECTOR('',#10989,1.);
#10989 = DIRECTION('',(-8.552786572769E-16,-1.,0.));
#10990 = ORIENTED_EDGE('',*,*,#10945,.T.);
#10991 = PLANE('',#10992);
#10992 = AXIS2_PLACEMENT_3D('',#10993,#10994,#10995);
#10993 = CARTESIAN_POINT('',(-2.688,0.841,-2.972));
#10994 = DIRECTION('',(1.,-8.552786572769E-16,0.));
#10995 = DIRECTION('',(8.552786572769E-16,1.,0.));
#10996 = ADVANCED_FACE('',(#10997),#11024,.F.);
#10997 = FACE_BOUND('',#10998,.F.);
#10998 = EDGE_LOOP('',(#10999,#11000,#11009,#11017));
#10999 = ORIENTED_EDGE('',*,*,#10977,.F.);
#11000 = ORIENTED_EDGE('',*,*,#11001,.T.);
#11001 = EDGE_CURVE('',#10978,#11002,#11004,.T.);
#11002 = VERTEX_POINT('',#11003);
#11003 = CARTESIAN_POINT('',(-2.781024352626,0.23417976811,-2.972));
#11004 = CIRCLE('',#11005,1.E-01);
#11005 = AXIS2_PLACEMENT_3D('',#11006,#11007,#11008);
#11006 = CARTESIAN_POINT('',(-2.788,0.333936173136,-2.972));
#11007 = DIRECTION('',(-0.,0.,-1.));
#11008 = DIRECTION('',(-1.,0.,0.));
#11009 = ORIENTED_EDGE('',*,*,#11010,.T.);
#11010 = EDGE_CURVE('',#11002,#11011,#11013,.T.);
#11011 = VERTEX_POINT('',#11012);
#11012 = CARTESIAN_POINT('',(-2.781024352626,0.23417976811,-3.378));
#11013 = LINE('',#11014,#11015);
#11014 = CARTESIAN_POINT('',(-2.781024352626,0.23417976811,-2.972));
#11015 = VECTOR('',#11016,1.);
#11016 = DIRECTION('',(-0.,-0.,-1.));
#11017 = ORIENTED_EDGE('',*,*,#11018,.F.);
#11018 = EDGE_CURVE('',#10970,#11011,#11019,.T.);
#11019 = CIRCLE('',#11020,1.E-01);
#11020 = AXIS2_PLACEMENT_3D('',#11021,#11022,#11023);
#11021 = CARTESIAN_POINT('',(-2.788,0.333936173136,-3.378));
#11022 = DIRECTION('',(-0.,0.,-1.));
#11023 = DIRECTION('',(-1.,0.,0.));
#11024 = CYLINDRICAL_SURFACE('',#11025,1.E-01);
#11025 = AXIS2_PLACEMENT_3D('',#11026,#11027,#11028);
#11026 = CARTESIAN_POINT('',(-2.788,0.333936173136,-2.972));
#11027 = DIRECTION('',(-0.,-0.,-1.));
#11028 = DIRECTION('',(-1.,0.,0.));
#11029 = ADVANCED_FACE('',(#11030),#11055,.F.);
#11030 = FACE_BOUND('',#11031,.T.);
#11031 = EDGE_LOOP('',(#11032,#11040,#11048,#11054));
#11032 = ORIENTED_EDGE('',*,*,#11033,.T.);
#11033 = EDGE_CURVE('',#11011,#11034,#11036,.T.);
#11034 = VERTEX_POINT('',#11035);
#11035 = CARTESIAN_POINT('',(-3.02,0.217468962957,-3.378));
#11036 = LINE('',#11037,#11038);
#11037 = CARTESIAN_POINT('',(-2.781024352626,0.23417976811,-3.378));
#11038 = VECTOR('',#11039,1.);
#11039 = DIRECTION('',(-0.99756405026,-6.975647374412E-02,0.));
#11040 = ORIENTED_EDGE('',*,*,#11041,.F.);
#11041 = EDGE_CURVE('',#11042,#11034,#11044,.T.);
#11042 = VERTEX_POINT('',#11043);
#11043 = CARTESIAN_POINT('',(-3.02,0.217468962957,-2.972));
#11044 = LINE('',#11045,#11046);
#11045 = CARTESIAN_POINT('',(-3.02,0.217468962957,-2.972));
#11046 = VECTOR('',#11047,1.);
#11047 = DIRECTION('',(-0.,-0.,-1.));
#11048 = ORIENTED_EDGE('',*,*,#11049,.F.);
#11049 = EDGE_CURVE('',#11002,#11042,#11050,.T.);
#11050 = LINE('',#11051,#11052);
#11051 = CARTESIAN_POINT('',(-2.781024352626,0.23417976811,-2.972));
#11052 = VECTOR('',#11053,1.);
#11053 = DIRECTION('',(-0.99756405026,-6.975647374412E-02,0.));
#11054 = ORIENTED_EDGE('',*,*,#11010,.T.);
#11055 = PLANE('',#11056);
#11056 = AXIS2_PLACEMENT_3D('',#11057,#11058,#11059);
#11057 = CARTESIAN_POINT('',(-2.781024352626,0.23417976811,-2.972));
#11058 = DIRECTION('',(6.975647374412E-02,-0.99756405026,0.));
#11059 = DIRECTION('',(0.99756405026,6.975647374412E-02,0.));
#11060 = ADVANCED_FACE('',(#11061),#11086,.F.);
#11061 = FACE_BOUND('',#11062,.T.);
#11062 = EDGE_LOOP('',(#11063,#11071,#11079,#11085));
#11063 = ORIENTED_EDGE('',*,*,#11064,.T.);
#11064 = EDGE_CURVE('',#11034,#11065,#11067,.T.);
#11065 = VERTEX_POINT('',#11066);
#11066 = CARTESIAN_POINT('',(-3.004793088724,-6.776263578034E-18,-3.378)
  );
#11067 = LINE('',#11068,#11069);
#11068 = CARTESIAN_POINT('',(-3.02,0.217468962957,-3.378));
#11069 = VECTOR('',#11070,1.);
#11070 = DIRECTION('',(6.975647374412E-02,-0.99756405026,0.));
#11071 = ORIENTED_EDGE('',*,*,#11072,.F.);
#11072 = EDGE_CURVE('',#11073,#11065,#11075,.T.);
#11073 = VERTEX_POINT('',#11074);
#11074 = CARTESIAN_POINT('',(-3.004793088724,-6.776263578034E-18,-2.972)
  );
#11075 = LINE('',#11076,#11077);
#11076 = CARTESIAN_POINT('',(-3.004793088724,-6.776263578034E-18,-2.972)
  );
#11077 = VECTOR('',#11078,1.);
#11078 = DIRECTION('',(-0.,-0.,-1.));
#11079 = ORIENTED_EDGE('',*,*,#11080,.F.);
#11080 = EDGE_CURVE('',#11042,#11073,#11081,.T.);
#11081 = LINE('',#11082,#11083);
#11082 = CARTESIAN_POINT('',(-3.02,0.217468962957,-2.972));
#11083 = VECTOR('',#11084,1.);
#11084 = DIRECTION('',(6.975647374412E-02,-0.99756405026,0.));
#11085 = ORIENTED_EDGE('',*,*,#11041,.T.);
#11086 = PLANE('',#11087);
#11087 = AXIS2_PLACEMENT_3D('',#11088,#11089,#11090);
#11088 = CARTESIAN_POINT('',(-3.02,0.217468962957,-2.972));
#11089 = DIRECTION('',(0.99756405026,6.975647374412E-02,-0.));
#11090 = DIRECTION('',(-6.975647374412E-02,0.99756405026,0.));
#11091 = ADVANCED_FACE('',(#11092),#11117,.F.);
#11092 = FACE_BOUND('',#11093,.T.);
#11093 = EDGE_LOOP('',(#11094,#11102,#11110,#11116));
#11094 = ORIENTED_EDGE('',*,*,#11095,.T.);
#11095 = EDGE_CURVE('',#11065,#11096,#11098,.T.);
#11096 = VERTEX_POINT('',#11097);
#11097 = CARTESIAN_POINT('',(-2.765817441349,1.671080515303E-02,-3.378)
  );
#11098 = LINE('',#11099,#11100);
#11099 = CARTESIAN_POINT('',(-2.765817441349,1.671080515303E-02,-3.378)
  );
#11100 = VECTOR('',#11101,1.);
#11101 = DIRECTION('',(0.99756405026,6.975647374412E-02,-0.));
#11102 = ORIENTED_EDGE('',*,*,#11103,.F.);
#11103 = EDGE_CURVE('',#11104,#11096,#11106,.T.);
#11104 = VERTEX_POINT('',#11105);
#11105 = CARTESIAN_POINT('',(-2.765817441349,1.671080515303E-02,-2.972)
  );
#11106 = LINE('',#11107,#11108);
#11107 = CARTESIAN_POINT('',(-2.765817441349,1.671080515303E-02,-2.972)
  );
#11108 = VECTOR('',#11109,1.);
#11109 = DIRECTION('',(-0.,-0.,-1.));
#11110 = ORIENTED_EDGE('',*,*,#11111,.F.);
#11111 = EDGE_CURVE('',#11073,#11104,#11112,.T.);
#11112 = LINE('',#11113,#11114);
#11113 = CARTESIAN_POINT('',(-2.765817441349,1.671080515303E-02,-2.972)
  );
#11114 = VECTOR('',#11115,1.);
#11115 = DIRECTION('',(0.99756405026,6.975647374412E-02,-0.));
#11116 = ORIENTED_EDGE('',*,*,#11072,.T.);
#11117 = PLANE('',#11118);
#11118 = AXIS2_PLACEMENT_3D('',#11119,#11120,#11121);
#11119 = CARTESIAN_POINT('',(-2.765817441349,1.671080515303E-02,-2.972)
  );
#11120 = DIRECTION('',(-6.975647374412E-02,0.99756405026,0.));
#11121 = DIRECTION('',(-0.99756405026,-6.975647374412E-02,0.));
#11122 = ADVANCED_FACE('',(#11123),#11150,.T.);
#11123 = FACE_BOUND('',#11124,.T.);
#11124 = EDGE_LOOP('',(#11125,#11134,#11142,#11149));
#11125 = ORIENTED_EDGE('',*,*,#11126,.T.);
#11126 = EDGE_CURVE('',#11096,#11127,#11129,.T.);
#11127 = VERTEX_POINT('',#11128);
#11128 = CARTESIAN_POINT('',(-2.47,0.333936173136,-3.378));
#11129 = CIRCLE('',#11130,0.318);
#11130 = AXIS2_PLACEMENT_3D('',#11131,#11132,#11133);
#11131 = CARTESIAN_POINT('',(-2.788,0.333936173136,-3.378));
#11132 = DIRECTION('',(0.,0.,1.));
#11133 = DIRECTION('',(-1.,0.,0.));
#11134 = ORIENTED_EDGE('',*,*,#11135,.F.);
#11135 = EDGE_CURVE('',#11136,#11127,#11138,.T.);
#11136 = VERTEX_POINT('',#11137);
#11137 = CARTESIAN_POINT('',(-2.47,0.333936173136,-2.972));
#11138 = LINE('',#11139,#11140);
#11139 = CARTESIAN_POINT('',(-2.47,0.333936173136,-2.972));
#11140 = VECTOR('',#11141,1.);
#11141 = DIRECTION('',(-0.,-0.,-1.));
#11142 = ORIENTED_EDGE('',*,*,#11143,.F.);
#11143 = EDGE_CURVE('',#11104,#11136,#11144,.T.);
#11144 = CIRCLE('',#11145,0.318);
#11145 = AXIS2_PLACEMENT_3D('',#11146,#11147,#11148);
#11146 = CARTESIAN_POINT('',(-2.788,0.333936173136,-2.972));
#11147 = DIRECTION('',(0.,0.,1.));
#11148 = DIRECTION('',(-1.,0.,0.));
#11149 = ORIENTED_EDGE('',*,*,#11103,.T.);
#11150 = CYLINDRICAL_SURFACE('',#11151,0.318);
#11151 = AXIS2_PLACEMENT_3D('',#11152,#11153,#11154);
#11152 = CARTESIAN_POINT('',(-2.788,0.333936173136,-2.972));
#11153 = DIRECTION('',(-0.,-0.,-1.));
#11154 = DIRECTION('',(-1.,0.,0.));
#11155 = ADVANCED_FACE('',(#11156),#11181,.F.);
#11156 = FACE_BOUND('',#11157,.T.);
#11157 = EDGE_LOOP('',(#11158,#11166,#11174,#11180));
#11158 = ORIENTED_EDGE('',*,*,#11159,.T.);
#11159 = EDGE_CURVE('',#11127,#11160,#11162,.T.);
#11160 = VERTEX_POINT('',#11161);
#11161 = CARTESIAN_POINT('',(-2.47,0.841,-3.378));
#11162 = LINE('',#11163,#11164);
#11163 = CARTESIAN_POINT('',(-2.47,0.841,-3.378));
#11164 = VECTOR('',#11165,1.);
#11165 = DIRECTION('',(-8.552786572769E-16,1.,-0.));
#11166 = ORIENTED_EDGE('',*,*,#11167,.F.);
#11167 = EDGE_CURVE('',#11168,#11160,#11170,.T.);
#11168 = VERTEX_POINT('',#11169);
#11169 = CARTESIAN_POINT('',(-2.47,0.841,-2.972));
#11170 = LINE('',#11171,#11172);
#11171 = CARTESIAN_POINT('',(-2.47,0.841,-2.972));
#11172 = VECTOR('',#11173,1.);
#11173 = DIRECTION('',(-0.,-0.,-1.));
#11174 = ORIENTED_EDGE('',*,*,#11175,.F.);
#11175 = EDGE_CURVE('',#11136,#11168,#11176,.T.);
#11176 = LINE('',#11177,#11178);
#11177 = CARTESIAN_POINT('',(-2.47,0.841,-2.972));
#11178 = VECTOR('',#11179,1.);
#11179 = DIRECTION('',(-8.552786572769E-16,1.,-0.));
#11180 = ORIENTED_EDGE('',*,*,#11135,.T.);
#11181 = PLANE('',#11182);
#11182 = AXIS2_PLACEMENT_3D('',#11183,#11184,#11185);
#11183 = CARTESIAN_POINT('',(-2.47,0.841,-2.972));
#11184 = DIRECTION('',(-1.,-8.552786572769E-16,0.));
#11185 = DIRECTION('',(8.552786572769E-16,-1.,0.));
#11186 = ADVANCED_FACE('',(#11187),#11214,.F.);
#11187 = FACE_BOUND('',#11188,.F.);
#11188 = EDGE_LOOP('',(#11189,#11190,#11199,#11207));
#11189 = ORIENTED_EDGE('',*,*,#11167,.F.);
#11190 = ORIENTED_EDGE('',*,*,#11191,.T.);
#11191 = EDGE_CURVE('',#11168,#11192,#11194,.T.);
#11192 = VERTEX_POINT('',#11193);
#11193 = CARTESIAN_POINT('',(-2.37,0.941,-2.972));
#11194 = CIRCLE('',#11195,1.E-01);
#11195 = AXIS2_PLACEMENT_3D('',#11196,#11197,#11198);
#11196 = CARTESIAN_POINT('',(-2.37,0.841,-2.972));
#11197 = DIRECTION('',(0.,0.,-1.));
#11198 = DIRECTION('',(1.,0.,0.));
#11199 = ORIENTED_EDGE('',*,*,#11200,.T.);
#11200 = EDGE_CURVE('',#11192,#11201,#11203,.T.);
#11201 = VERTEX_POINT('',#11202);
#11202 = CARTESIAN_POINT('',(-2.37,0.941,-3.378));
#11203 = LINE('',#11204,#11205);
#11204 = CARTESIAN_POINT('',(-2.37,0.941,-2.972));
#11205 = VECTOR('',#11206,1.);
#11206 = DIRECTION('',(-0.,-0.,-1.));
#11207 = ORIENTED_EDGE('',*,*,#11208,.F.);
#11208 = EDGE_CURVE('',#11160,#11201,#11209,.T.);
#11209 = CIRCLE('',#11210,1.E-01);
#11210 = AXIS2_PLACEMENT_3D('',#11211,#11212,#11213);
#11211 = CARTESIAN_POINT('',(-2.37,0.841,-3.378));
#11212 = DIRECTION('',(0.,0.,-1.));
#11213 = DIRECTION('',(1.,0.,0.));
#11214 = CYLINDRICAL_SURFACE('',#11215,1.E-01);
#11215 = AXIS2_PLACEMENT_3D('',#11216,#11217,#11218);
#11216 = CARTESIAN_POINT('',(-2.37,0.841,-2.972));
#11217 = DIRECTION('',(-0.,-0.,-1.));
#11218 = DIRECTION('',(-1.,0.,0.));
#11219 = ADVANCED_FACE('',(#11220),#11236,.F.);
#11220 = FACE_BOUND('',#11221,.T.);
#11221 = EDGE_LOOP('',(#11222,#11228,#11229,#11235));
#11222 = ORIENTED_EDGE('',*,*,#11223,.T.);
#11223 = EDGE_CURVE('',#11201,#10866,#11224,.T.);
#11224 = LINE('',#11225,#11226);
#11225 = CARTESIAN_POINT('',(-1.95,0.941,-3.378));
#11226 = VECTOR('',#11227,1.);
#11227 = DIRECTION('',(1.,2.581433744013E-16,-0.));
#11228 = ORIENTED_EDGE('',*,*,#10891,.F.);
#11229 = ORIENTED_EDGE('',*,*,#11230,.F.);
#11230 = EDGE_CURVE('',#11192,#10884,#11231,.T.);
#11231 = LINE('',#11232,#11233);
#11232 = CARTESIAN_POINT('',(-1.95,0.941,-2.972));
#11233 = VECTOR('',#11234,1.);
#11234 = DIRECTION('',(1.,2.581433744013E-16,-0.));
#11235 = ORIENTED_EDGE('',*,*,#11200,.T.);
#11236 = PLANE('',#11237);
#11237 = AXIS2_PLACEMENT_3D('',#11238,#11239,#11240);
#11238 = CARTESIAN_POINT('',(-1.95,0.941,-2.972));
#11239 = DIRECTION('',(-2.581433744013E-16,1.,0.));
#11240 = DIRECTION('',(-1.,-2.581433744013E-16,0.));
#11241 = ADVANCED_FACE('',(#11242),#11256,.T.);
#11242 = FACE_BOUND('',#11243,.T.);
#11243 = EDGE_LOOP('',(#11244,#11245,#11246,#11247,#11248,#11249,#11250,
    #11251,#11252,#11253,#11254,#11255));
#11244 = ORIENTED_EDGE('',*,*,#10883,.T.);
#11245 = ORIENTED_EDGE('',*,*,#10921,.T.);
#11246 = ORIENTED_EDGE('',*,*,#10953,.T.);
#11247 = ORIENTED_EDGE('',*,*,#10985,.T.);
#11248 = ORIENTED_EDGE('',*,*,#11001,.T.);
#11249 = ORIENTED_EDGE('',*,*,#11049,.T.);
#11250 = ORIENTED_EDGE('',*,*,#11080,.T.);
#11251 = ORIENTED_EDGE('',*,*,#11111,.T.);
#11252 = ORIENTED_EDGE('',*,*,#11143,.T.);
#11253 = ORIENTED_EDGE('',*,*,#11175,.T.);
#11254 = ORIENTED_EDGE('',*,*,#11191,.T.);
#11255 = ORIENTED_EDGE('',*,*,#11230,.T.);
#11256 = PLANE('',#11257);
#11257 = AXIS2_PLACEMENT_3D('',#11258,#11259,#11260);
#11258 = CARTESIAN_POINT('',(-2.37,0.841,-2.972));
#11259 = DIRECTION('',(0.,0.,1.));
#11260 = DIRECTION('',(1.,0.,-0.));
#11261 = ADVANCED_FACE('',(#11262),#11276,.F.);
#11262 = FACE_BOUND('',#11263,.T.);
#11263 = EDGE_LOOP('',(#11264,#11265,#11266,#11267,#11268,#11269,#11270,
    #11271,#11272,#11273,#11274,#11275));
#11264 = ORIENTED_EDGE('',*,*,#10865,.F.);
#11265 = ORIENTED_EDGE('',*,*,#11223,.F.);
#11266 = ORIENTED_EDGE('',*,*,#11208,.F.);
#11267 = ORIENTED_EDGE('',*,*,#11159,.F.);
#11268 = ORIENTED_EDGE('',*,*,#11126,.F.);
#11269 = ORIENTED_EDGE('',*,*,#11095,.F.);
#11270 = ORIENTED_EDGE('',*,*,#11064,.F.);
#11271 = ORIENTED_EDGE('',*,*,#11033,.F.);
#11272 = ORIENTED_EDGE('',*,*,#11018,.F.);
#11273 = ORIENTED_EDGE('',*,*,#10969,.F.);
#11274 = ORIENTED_EDGE('',*,*,#10936,.F.);
#11275 = ORIENTED_EDGE('',*,*,#10905,.F.);
#11276 = PLANE('',#11277);
#11277 = AXIS2_PLACEMENT_3D('',#11278,#11279,#11280);
#11278 = CARTESIAN_POINT('',(-2.37,0.841,-3.378));
#11279 = DIRECTION('',(0.,0.,1.));
#11280 = DIRECTION('',(1.,0.,-0.));
#11281 = MANIFOLD_SOLID_BREP('',#11282);
#11282 = CLOSED_SHELL('',(#11283,#11323,#11354,#11387,#11418,#11451,
    #11482,#11513,#11544,#11577,#11608,#11641,#11663,#11683));
#11283 = ADVANCED_FACE('',(#11284),#11318,.F.);
#11284 = FACE_BOUND('',#11285,.T.);
#11285 = EDGE_LOOP('',(#11286,#11296,#11304,#11312));
#11286 = ORIENTED_EDGE('',*,*,#11287,.T.);
#11287 = EDGE_CURVE('',#11288,#11290,#11292,.T.);
#11288 = VERTEX_POINT('',#11289);
#11289 = CARTESIAN_POINT('',(-1.95,0.941,-2.108));
#11290 = VERTEX_POINT('',#11291);
#11291 = CARTESIAN_POINT('',(-1.95,1.159,-2.108));
#11292 = LINE('',#11293,#11294);
#11293 = CARTESIAN_POINT('',(-1.95,1.159,-2.108));
#11294 = VECTOR('',#11295,1.);
#11295 = DIRECTION('',(-0.,1.,-0.));
#11296 = ORIENTED_EDGE('',*,*,#11297,.F.);
#11297 = EDGE_CURVE('',#11298,#11290,#11300,.T.);
#11298 = VERTEX_POINT('',#11299);
#11299 = CARTESIAN_POINT('',(-1.95,1.159,-1.702));
#11300 = LINE('',#11301,#11302);
#11301 = CARTESIAN_POINT('',(-1.95,1.159,-1.702));
#11302 = VECTOR('',#11303,1.);
#11303 = DIRECTION('',(-0.,-0.,-1.));
#11304 = ORIENTED_EDGE('',*,*,#11305,.F.);
#11305 = EDGE_CURVE('',#11306,#11298,#11308,.T.);
#11306 = VERTEX_POINT('',#11307);
#11307 = CARTESIAN_POINT('',(-1.95,0.941,-1.702));
#11308 = LINE('',#11309,#11310);
#11309 = CARTESIAN_POINT('',(-1.95,1.159,-1.702));
#11310 = VECTOR('',#11311,1.);
#11311 = DIRECTION('',(-0.,1.,-0.));
#11312 = ORIENTED_EDGE('',*,*,#11313,.T.);
#11313 = EDGE_CURVE('',#11306,#11288,#11314,.T.);
#11314 = LINE('',#11315,#11316);
#11315 = CARTESIAN_POINT('',(-1.95,0.941,-1.702));
#11316 = VECTOR('',#11317,1.);
#11317 = DIRECTION('',(-0.,-0.,-1.));
#11318 = PLANE('',#11319);
#11319 = AXIS2_PLACEMENT_3D('',#11320,#11321,#11322);
#11320 = CARTESIAN_POINT('',(-1.95,1.159,-1.702));
#11321 = DIRECTION('',(-1.,0.,0.));
#11322 = DIRECTION('',(0.,0.,1.));
#11323 = ADVANCED_FACE('',(#11324),#11349,.F.);
#11324 = FACE_BOUND('',#11325,.T.);
#11325 = EDGE_LOOP('',(#11326,#11334,#11342,#11348));
#11326 = ORIENTED_EDGE('',*,*,#11327,.T.);
#11327 = EDGE_CURVE('',#11290,#11328,#11330,.T.);
#11328 = VERTEX_POINT('',#11329);
#11329 = CARTESIAN_POINT('',(-2.37,1.159,-2.108));
#11330 = LINE('',#11331,#11332);
#11331 = CARTESIAN_POINT('',(-1.95,1.159,-2.108));
#11332 = VECTOR('',#11333,1.);
#11333 = DIRECTION('',(-1.,0.,0.));
#11334 = ORIENTED_EDGE('',*,*,#11335,.F.);
#11335 = EDGE_CURVE('',#11336,#11328,#11338,.T.);
#11336 = VERTEX_POINT('',#11337);
#11337 = CARTESIAN_POINT('',(-2.37,1.159,-1.702));
#11338 = LINE('',#11339,#11340);
#11339 = CARTESIAN_POINT('',(-2.37,1.159,-1.702));
#11340 = VECTOR('',#11341,1.);
#11341 = DIRECTION('',(-0.,-0.,-1.));
#11342 = ORIENTED_EDGE('',*,*,#11343,.F.);
#11343 = EDGE_CURVE('',#11298,#11336,#11344,.T.);
#11344 = LINE('',#11345,#11346);
#11345 = CARTESIAN_POINT('',(-1.95,1.159,-1.702));
#11346 = VECTOR('',#11347,1.);
#11347 = DIRECTION('',(-1.,0.,0.));
#11348 = ORIENTED_EDGE('',*,*,#11297,.T.);
#11349 = PLANE('',#11350);
#11350 = AXIS2_PLACEMENT_3D('',#11351,#11352,#11353);
#11351 = CARTESIAN_POINT('',(-1.95,1.159,-1.702));
#11352 = DIRECTION('',(0.,-1.,0.));
#11353 = DIRECTION('',(0.,-0.,-1.));
#11354 = ADVANCED_FACE('',(#11355),#11382,.T.);
#11355 = FACE_BOUND('',#11356,.T.);
#11356 = EDGE_LOOP('',(#11357,#11366,#11374,#11381));
#11357 = ORIENTED_EDGE('',*,*,#11358,.T.);
#11358 = EDGE_CURVE('',#11328,#11359,#11361,.T.);
#11359 = VERTEX_POINT('',#11360);
#11360 = CARTESIAN_POINT('',(-2.688,0.841,-2.108));
#11361 = CIRCLE('',#11362,0.318);
#11362 = AXIS2_PLACEMENT_3D('',#11363,#11364,#11365);
#11363 = CARTESIAN_POINT('',(-2.37,0.841,-2.108));
#11364 = DIRECTION('',(0.,0.,1.));
#11365 = DIRECTION('',(1.,0.,-0.));
#11366 = ORIENTED_EDGE('',*,*,#11367,.F.);
#11367 = EDGE_CURVE('',#11368,#11359,#11370,.T.);
#11368 = VERTEX_POINT('',#11369);
#11369 = CARTESIAN_POINT('',(-2.688,0.841,-1.702));
#11370 = LINE('',#11371,#11372);
#11371 = CARTESIAN_POINT('',(-2.688,0.841,-1.702));
#11372 = VECTOR('',#11373,1.);
#11373 = DIRECTION('',(-0.,-0.,-1.));
#11374 = ORIENTED_EDGE('',*,*,#11375,.F.);
#11375 = EDGE_CURVE('',#11336,#11368,#11376,.T.);
#11376 = CIRCLE('',#11377,0.318);
#11377 = AXIS2_PLACEMENT_3D('',#11378,#11379,#11380);
#11378 = CARTESIAN_POINT('',(-2.37,0.841,-1.702));
#11379 = DIRECTION('',(0.,0.,1.));
#11380 = DIRECTION('',(1.,0.,-0.));
#11381 = ORIENTED_EDGE('',*,*,#11335,.T.);
#11382 = CYLINDRICAL_SURFACE('',#11383,0.318);
#11383 = AXIS2_PLACEMENT_3D('',#11384,#11385,#11386);
#11384 = CARTESIAN_POINT('',(-2.37,0.841,-1.702));
#11385 = DIRECTION('',(-0.,-0.,-1.));
#11386 = DIRECTION('',(-1.,0.,0.));
#11387 = ADVANCED_FACE('',(#11388),#11413,.F.);
#11388 = FACE_BOUND('',#11389,.T.);
#11389 = EDGE_LOOP('',(#11390,#11398,#11406,#11412));
#11390 = ORIENTED_EDGE('',*,*,#11391,.T.);
#11391 = EDGE_CURVE('',#11359,#11392,#11394,.T.);
#11392 = VERTEX_POINT('',#11393);
#11393 = CARTESIAN_POINT('',(-2.688,0.333936173136,-2.108));
#11394 = LINE('',#11395,#11396);
#11395 = CARTESIAN_POINT('',(-2.688,0.841,-2.108));
#11396 = VECTOR('',#11397,1.);
#11397 = DIRECTION('',(-8.552786572769E-16,-1.,0.));
#11398 = ORIENTED_EDGE('',*,*,#11399,.F.);
#11399 = EDGE_CURVE('',#11400,#11392,#11402,.T.);
#11400 = VERTEX_POINT('',#11401);
#11401 = CARTESIAN_POINT('',(-2.688,0.333936173136,-1.702));
#11402 = LINE('',#11403,#11404);
#11403 = CARTESIAN_POINT('',(-2.688,0.333936173136,-1.702));
#11404 = VECTOR('',#11405,1.);
#11405 = DIRECTION('',(-0.,-0.,-1.));
#11406 = ORIENTED_EDGE('',*,*,#11407,.F.);
#11407 = EDGE_CURVE('',#11368,#11400,#11408,.T.);
#11408 = LINE('',#11409,#11410);
#11409 = CARTESIAN_POINT('',(-2.688,0.841,-1.702));
#11410 = VECTOR('',#11411,1.);
#11411 = DIRECTION('',(-8.552786572769E-16,-1.,0.));
#11412 = ORIENTED_EDGE('',*,*,#11367,.T.);
#11413 = PLANE('',#11414);
#11414 = AXIS2_PLACEMENT_3D('',#11415,#11416,#11417);
#11415 = CARTESIAN_POINT('',(-2.688,0.841,-1.702));
#11416 = DIRECTION('',(1.,-8.552786572769E-16,0.));
#11417 = DIRECTION('',(8.552786572769E-16,1.,0.));
#11418 = ADVANCED_FACE('',(#11419),#11446,.F.);
#11419 = FACE_BOUND('',#11420,.F.);
#11420 = EDGE_LOOP('',(#11421,#11422,#11431,#11439));
#11421 = ORIENTED_EDGE('',*,*,#11399,.F.);
#11422 = ORIENTED_EDGE('',*,*,#11423,.T.);
#11423 = EDGE_CURVE('',#11400,#11424,#11426,.T.);
#11424 = VERTEX_POINT('',#11425);
#11425 = CARTESIAN_POINT('',(-2.781024352626,0.23417976811,-1.702));
#11426 = CIRCLE('',#11427,1.E-01);
#11427 = AXIS2_PLACEMENT_3D('',#11428,#11429,#11430);
#11428 = CARTESIAN_POINT('',(-2.788,0.333936173136,-1.702));
#11429 = DIRECTION('',(-0.,0.,-1.));
#11430 = DIRECTION('',(-1.,0.,0.));
#11431 = ORIENTED_EDGE('',*,*,#11432,.T.);
#11432 = EDGE_CURVE('',#11424,#11433,#11435,.T.);
#11433 = VERTEX_POINT('',#11434);
#11434 = CARTESIAN_POINT('',(-2.781024352626,0.23417976811,-2.108));
#11435 = LINE('',#11436,#11437);
#11436 = CARTESIAN_POINT('',(-2.781024352626,0.23417976811,-1.702));
#11437 = VECTOR('',#11438,1.);
#11438 = DIRECTION('',(-0.,-0.,-1.));
#11439 = ORIENTED_EDGE('',*,*,#11440,.F.);
#11440 = EDGE_CURVE('',#11392,#11433,#11441,.T.);
#11441 = CIRCLE('',#11442,1.E-01);
#11442 = AXIS2_PLACEMENT_3D('',#11443,#11444,#11445);
#11443 = CARTESIAN_POINT('',(-2.788,0.333936173136,-2.108));
#11444 = DIRECTION('',(-0.,0.,-1.));
#11445 = DIRECTION('',(-1.,0.,0.));
#11446 = CYLINDRICAL_SURFACE('',#11447,1.E-01);
#11447 = AXIS2_PLACEMENT_3D('',#11448,#11449,#11450);
#11448 = CARTESIAN_POINT('',(-2.788,0.333936173136,-1.702));
#11449 = DIRECTION('',(-0.,-0.,-1.));
#11450 = DIRECTION('',(-1.,0.,0.));
#11451 = ADVANCED_FACE('',(#11452),#11477,.F.);
#11452 = FACE_BOUND('',#11453,.T.);
#11453 = EDGE_LOOP('',(#11454,#11462,#11470,#11476));
#11454 = ORIENTED_EDGE('',*,*,#11455,.T.);
#11455 = EDGE_CURVE('',#11433,#11456,#11458,.T.);
#11456 = VERTEX_POINT('',#11457);
#11457 = CARTESIAN_POINT('',(-3.02,0.217468962957,-2.108));
#11458 = LINE('',#11459,#11460);
#11459 = CARTESIAN_POINT('',(-2.781024352626,0.23417976811,-2.108));
#11460 = VECTOR('',#11461,1.);
#11461 = DIRECTION('',(-0.99756405026,-6.975647374412E-02,0.));
#11462 = ORIENTED_EDGE('',*,*,#11463,.F.);
#11463 = EDGE_CURVE('',#11464,#11456,#11466,.T.);
#11464 = VERTEX_POINT('',#11465);
#11465 = CARTESIAN_POINT('',(-3.02,0.217468962957,-1.702));
#11466 = LINE('',#11467,#11468);
#11467 = CARTESIAN_POINT('',(-3.02,0.217468962957,-1.702));
#11468 = VECTOR('',#11469,1.);
#11469 = DIRECTION('',(-0.,-0.,-1.));
#11470 = ORIENTED_EDGE('',*,*,#11471,.F.);
#11471 = EDGE_CURVE('',#11424,#11464,#11472,.T.);
#11472 = LINE('',#11473,#11474);
#11473 = CARTESIAN_POINT('',(-2.781024352626,0.23417976811,-1.702));
#11474 = VECTOR('',#11475,1.);
#11475 = DIRECTION('',(-0.99756405026,-6.975647374412E-02,0.));
#11476 = ORIENTED_EDGE('',*,*,#11432,.T.);
#11477 = PLANE('',#11478);
#11478 = AXIS2_PLACEMENT_3D('',#11479,#11480,#11481);
#11479 = CARTESIAN_POINT('',(-2.781024352626,0.23417976811,-1.702));
#11480 = DIRECTION('',(6.975647374412E-02,-0.99756405026,0.));
#11481 = DIRECTION('',(0.99756405026,6.975647374412E-02,0.));
#11482 = ADVANCED_FACE('',(#11483),#11508,.F.);
#11483 = FACE_BOUND('',#11484,.T.);
#11484 = EDGE_LOOP('',(#11485,#11493,#11501,#11507));
#11485 = ORIENTED_EDGE('',*,*,#11486,.T.);
#11486 = EDGE_CURVE('',#11456,#11487,#11489,.T.);
#11487 = VERTEX_POINT('',#11488);
#11488 = CARTESIAN_POINT('',(-3.004793088724,-6.776263578034E-18,-2.108)
  );
#11489 = LINE('',#11490,#11491);
#11490 = CARTESIAN_POINT('',(-3.02,0.217468962957,-2.108));
#11491 = VECTOR('',#11492,1.);
#11492 = DIRECTION('',(6.975647374412E-02,-0.99756405026,0.));
#11493 = ORIENTED_EDGE('',*,*,#11494,.F.);
#11494 = EDGE_CURVE('',#11495,#11487,#11497,.T.);
#11495 = VERTEX_POINT('',#11496);
#11496 = CARTESIAN_POINT('',(-3.004793088724,-6.776263578034E-18,-1.702)
  );
#11497 = LINE('',#11498,#11499);
#11498 = CARTESIAN_POINT('',(-3.004793088724,-6.776263578034E-18,-1.702)
  );
#11499 = VECTOR('',#11500,1.);
#11500 = DIRECTION('',(-0.,-0.,-1.));
#11501 = ORIENTED_EDGE('',*,*,#11502,.F.);
#11502 = EDGE_CURVE('',#11464,#11495,#11503,.T.);
#11503 = LINE('',#11504,#11505);
#11504 = CARTESIAN_POINT('',(-3.02,0.217468962957,-1.702));
#11505 = VECTOR('',#11506,1.);
#11506 = DIRECTION('',(6.975647374412E-02,-0.99756405026,0.));
#11507 = ORIENTED_EDGE('',*,*,#11463,.T.);
#11508 = PLANE('',#11509);
#11509 = AXIS2_PLACEMENT_3D('',#11510,#11511,#11512);
#11510 = CARTESIAN_POINT('',(-3.02,0.217468962957,-1.702));
#11511 = DIRECTION('',(0.99756405026,6.975647374412E-02,-0.));
#11512 = DIRECTION('',(-6.975647374412E-02,0.99756405026,0.));
#11513 = ADVANCED_FACE('',(#11514),#11539,.F.);
#11514 = FACE_BOUND('',#11515,.T.);
#11515 = EDGE_LOOP('',(#11516,#11524,#11532,#11538));
#11516 = ORIENTED_EDGE('',*,*,#11517,.T.);
#11517 = EDGE_CURVE('',#11487,#11518,#11520,.T.);
#11518 = VERTEX_POINT('',#11519);
#11519 = CARTESIAN_POINT('',(-2.765817441349,1.671080515303E-02,-2.108)
  );
#11520 = LINE('',#11521,#11522);
#11521 = CARTESIAN_POINT('',(-2.765817441349,1.671080515303E-02,-2.108)
  );
#11522 = VECTOR('',#11523,1.);
#11523 = DIRECTION('',(0.99756405026,6.975647374412E-02,-0.));
#11524 = ORIENTED_EDGE('',*,*,#11525,.F.);
#11525 = EDGE_CURVE('',#11526,#11518,#11528,.T.);
#11526 = VERTEX_POINT('',#11527);
#11527 = CARTESIAN_POINT('',(-2.765817441349,1.671080515303E-02,-1.702)
  );
#11528 = LINE('',#11529,#11530);
#11529 = CARTESIAN_POINT('',(-2.765817441349,1.671080515303E-02,-1.702)
  );
#11530 = VECTOR('',#11531,1.);
#11531 = DIRECTION('',(-0.,-0.,-1.));
#11532 = ORIENTED_EDGE('',*,*,#11533,.F.);
#11533 = EDGE_CURVE('',#11495,#11526,#11534,.T.);
#11534 = LINE('',#11535,#11536);
#11535 = CARTESIAN_POINT('',(-2.765817441349,1.671080515303E-02,-1.702)
  );
#11536 = VECTOR('',#11537,1.);
#11537 = DIRECTION('',(0.99756405026,6.975647374412E-02,-0.));
#11538 = ORIENTED_EDGE('',*,*,#11494,.T.);
#11539 = PLANE('',#11540);
#11540 = AXIS2_PLACEMENT_3D('',#11541,#11542,#11543);
#11541 = CARTESIAN_POINT('',(-2.765817441349,1.671080515303E-02,-1.702)
  );
#11542 = DIRECTION('',(-6.975647374412E-02,0.99756405026,0.));
#11543 = DIRECTION('',(-0.99756405026,-6.975647374412E-02,0.));
#11544 = ADVANCED_FACE('',(#11545),#11572,.T.);
#11545 = FACE_BOUND('',#11546,.T.);
#11546 = EDGE_LOOP('',(#11547,#11556,#11564,#11571));
#11547 = ORIENTED_EDGE('',*,*,#11548,.T.);
#11548 = EDGE_CURVE('',#11518,#11549,#11551,.T.);
#11549 = VERTEX_POINT('',#11550);
#11550 = CARTESIAN_POINT('',(-2.47,0.333936173136,-2.108));
#11551 = CIRCLE('',#11552,0.318);
#11552 = AXIS2_PLACEMENT_3D('',#11553,#11554,#11555);
#11553 = CARTESIAN_POINT('',(-2.788,0.333936173136,-2.108));
#11554 = DIRECTION('',(0.,0.,1.));
#11555 = DIRECTION('',(-1.,0.,0.));
#11556 = ORIENTED_EDGE('',*,*,#11557,.F.);
#11557 = EDGE_CURVE('',#11558,#11549,#11560,.T.);
#11558 = VERTEX_POINT('',#11559);
#11559 = CARTESIAN_POINT('',(-2.47,0.333936173136,-1.702));
#11560 = LINE('',#11561,#11562);
#11561 = CARTESIAN_POINT('',(-2.47,0.333936173136,-1.702));
#11562 = VECTOR('',#11563,1.);
#11563 = DIRECTION('',(-0.,-0.,-1.));
#11564 = ORIENTED_EDGE('',*,*,#11565,.F.);
#11565 = EDGE_CURVE('',#11526,#11558,#11566,.T.);
#11566 = CIRCLE('',#11567,0.318);
#11567 = AXIS2_PLACEMENT_3D('',#11568,#11569,#11570);
#11568 = CARTESIAN_POINT('',(-2.788,0.333936173136,-1.702));
#11569 = DIRECTION('',(0.,0.,1.));
#11570 = DIRECTION('',(-1.,0.,0.));
#11571 = ORIENTED_EDGE('',*,*,#11525,.T.);
#11572 = CYLINDRICAL_SURFACE('',#11573,0.318);
#11573 = AXIS2_PLACEMENT_3D('',#11574,#11575,#11576);
#11574 = CARTESIAN_POINT('',(-2.788,0.333936173136,-1.702));
#11575 = DIRECTION('',(-0.,-0.,-1.));
#11576 = DIRECTION('',(-1.,0.,0.));
#11577 = ADVANCED_FACE('',(#11578),#11603,.F.);
#11578 = FACE_BOUND('',#11579,.T.);
#11579 = EDGE_LOOP('',(#11580,#11588,#11596,#11602));
#11580 = ORIENTED_EDGE('',*,*,#11581,.T.);
#11581 = EDGE_CURVE('',#11549,#11582,#11584,.T.);
#11582 = VERTEX_POINT('',#11583);
#11583 = CARTESIAN_POINT('',(-2.47,0.841,-2.108));
#11584 = LINE('',#11585,#11586);
#11585 = CARTESIAN_POINT('',(-2.47,0.841,-2.108));
#11586 = VECTOR('',#11587,1.);
#11587 = DIRECTION('',(-8.552786572769E-16,1.,-0.));
#11588 = ORIENTED_EDGE('',*,*,#11589,.F.);
#11589 = EDGE_CURVE('',#11590,#11582,#11592,.T.);
#11590 = VERTEX_POINT('',#11591);
#11591 = CARTESIAN_POINT('',(-2.47,0.841,-1.702));
#11592 = LINE('',#11593,#11594);
#11593 = CARTESIAN_POINT('',(-2.47,0.841,-1.702));
#11594 = VECTOR('',#11595,1.);
#11595 = DIRECTION('',(-0.,-0.,-1.));
#11596 = ORIENTED_EDGE('',*,*,#11597,.F.);
#11597 = EDGE_CURVE('',#11558,#11590,#11598,.T.);
#11598 = LINE('',#11599,#11600);
#11599 = CARTESIAN_POINT('',(-2.47,0.841,-1.702));
#11600 = VECTOR('',#11601,1.);
#11601 = DIRECTION('',(-8.552786572769E-16,1.,-0.));
#11602 = ORIENTED_EDGE('',*,*,#11557,.T.);
#11603 = PLANE('',#11604);
#11604 = AXIS2_PLACEMENT_3D('',#11605,#11606,#11607);
#11605 = CARTESIAN_POINT('',(-2.47,0.841,-1.702));
#11606 = DIRECTION('',(-1.,-8.552786572769E-16,0.));
#11607 = DIRECTION('',(8.552786572769E-16,-1.,0.));
#11608 = ADVANCED_FACE('',(#11609),#11636,.F.);
#11609 = FACE_BOUND('',#11610,.F.);
#11610 = EDGE_LOOP('',(#11611,#11612,#11621,#11629));
#11611 = ORIENTED_EDGE('',*,*,#11589,.F.);
#11612 = ORIENTED_EDGE('',*,*,#11613,.T.);
#11613 = EDGE_CURVE('',#11590,#11614,#11616,.T.);
#11614 = VERTEX_POINT('',#11615);
#11615 = CARTESIAN_POINT('',(-2.37,0.941,-1.702));
#11616 = CIRCLE('',#11617,1.E-01);
#11617 = AXIS2_PLACEMENT_3D('',#11618,#11619,#11620);
#11618 = CARTESIAN_POINT('',(-2.37,0.841,-1.702));
#11619 = DIRECTION('',(0.,0.,-1.));
#11620 = DIRECTION('',(1.,0.,0.));
#11621 = ORIENTED_EDGE('',*,*,#11622,.T.);
#11622 = EDGE_CURVE('',#11614,#11623,#11625,.T.);
#11623 = VERTEX_POINT('',#11624);
#11624 = CARTESIAN_POINT('',(-2.37,0.941,-2.108));
#11625 = LINE('',#11626,#11627);
#11626 = CARTESIAN_POINT('',(-2.37,0.941,-1.702));
#11627 = VECTOR('',#11628,1.);
#11628 = DIRECTION('',(-0.,-0.,-1.));
#11629 = ORIENTED_EDGE('',*,*,#11630,.F.);
#11630 = EDGE_CURVE('',#11582,#11623,#11631,.T.);
#11631 = CIRCLE('',#11632,1.E-01);
#11632 = AXIS2_PLACEMENT_3D('',#11633,#11634,#11635);
#11633 = CARTESIAN_POINT('',(-2.37,0.841,-2.108));
#11634 = DIRECTION('',(0.,0.,-1.));
#11635 = DIRECTION('',(1.,0.,0.));
#11636 = CYLINDRICAL_SURFACE('',#11637,1.E-01);
#11637 = AXIS2_PLACEMENT_3D('',#11638,#11639,#11640);
#11638 = CARTESIAN_POINT('',(-2.37,0.841,-1.702));
#11639 = DIRECTION('',(-0.,-0.,-1.));
#11640 = DIRECTION('',(-1.,0.,0.));
#11641 = ADVANCED_FACE('',(#11642),#11658,.F.);
#11642 = FACE_BOUND('',#11643,.T.);
#11643 = EDGE_LOOP('',(#11644,#11650,#11651,#11657));
#11644 = ORIENTED_EDGE('',*,*,#11645,.T.);
#11645 = EDGE_CURVE('',#11623,#11288,#11646,.T.);
#11646 = LINE('',#11647,#11648);
#11647 = CARTESIAN_POINT('',(-1.95,0.941,-2.108));
#11648 = VECTOR('',#11649,1.);
#11649 = DIRECTION('',(1.,2.581433744013E-16,-0.));
#11650 = ORIENTED_EDGE('',*,*,#11313,.F.);
#11651 = ORIENTED_EDGE('',*,*,#11652,.F.);
#11652 = EDGE_CURVE('',#11614,#11306,#11653,.T.);
#11653 = LINE('',#11654,#11655);
#11654 = CARTESIAN_POINT('',(-1.95,0.941,-1.702));
#11655 = VECTOR('',#11656,1.);
#11656 = DIRECTION('',(1.,2.581433744013E-16,-0.));
#11657 = ORIENTED_EDGE('',*,*,#11622,.T.);
#11658 = PLANE('',#11659);
#11659 = AXIS2_PLACEMENT_3D('',#11660,#11661,#11662);
#11660 = CARTESIAN_POINT('',(-1.95,0.941,-1.702));
#11661 = DIRECTION('',(-2.581433744013E-16,1.,0.));
#11662 = DIRECTION('',(-1.,-2.581433744013E-16,0.));
#11663 = ADVANCED_FACE('',(#11664),#11678,.T.);
#11664 = FACE_BOUND('',#11665,.T.);
#11665 = EDGE_LOOP('',(#11666,#11667,#11668,#11669,#11670,#11671,#11672,
    #11673,#11674,#11675,#11676,#11677));
#11666 = ORIENTED_EDGE('',*,*,#11305,.T.);
#11667 = ORIENTED_EDGE('',*,*,#11343,.T.);
#11668 = ORIENTED_EDGE('',*,*,#11375,.T.);
#11669 = ORIENTED_EDGE('',*,*,#11407,.T.);
#11670 = ORIENTED_EDGE('',*,*,#11423,.T.);
#11671 = ORIENTED_EDGE('',*,*,#11471,.T.);
#11672 = ORIENTED_EDGE('',*,*,#11502,.T.);
#11673 = ORIENTED_EDGE('',*,*,#11533,.T.);
#11674 = ORIENTED_EDGE('',*,*,#11565,.T.);
#11675 = ORIENTED_EDGE('',*,*,#11597,.T.);
#11676 = ORIENTED_EDGE('',*,*,#11613,.T.);
#11677 = ORIENTED_EDGE('',*,*,#11652,.T.);
#11678 = PLANE('',#11679);
#11679 = AXIS2_PLACEMENT_3D('',#11680,#11681,#11682);
#11680 = CARTESIAN_POINT('',(-2.37,0.841,-1.702));
#11681 = DIRECTION('',(0.,0.,1.));
#11682 = DIRECTION('',(1.,0.,-0.));
#11683 = ADVANCED_FACE('',(#11684),#11698,.F.);
#11684 = FACE_BOUND('',#11685,.T.);
#11685 = EDGE_LOOP('',(#11686,#11687,#11688,#11689,#11690,#11691,#11692,
    #11693,#11694,#11695,#11696,#11697));
#11686 = ORIENTED_EDGE('',*,*,#11287,.F.);
#11687 = ORIENTED_EDGE('',*,*,#11645,.F.);
#11688 = ORIENTED_EDGE('',*,*,#11630,.F.);
#11689 = ORIENTED_EDGE('',*,*,#11581,.F.);
#11690 = ORIENTED_EDGE('',*,*,#11548,.F.);
#11691 = ORIENTED_EDGE('',*,*,#11517,.F.);
#11692 = ORIENTED_EDGE('',*,*,#11486,.F.);
#11693 = ORIENTED_EDGE('',*,*,#11455,.F.);
#11694 = ORIENTED_EDGE('',*,*,#11440,.F.);
#11695 = ORIENTED_EDGE('',*,*,#11391,.F.);
#11696 = ORIENTED_EDGE('',*,*,#11358,.F.);
#11697 = ORIENTED_EDGE('',*,*,#11327,.F.);
#11698 = PLANE('',#11699);
#11699 = AXIS2_PLACEMENT_3D('',#11700,#11701,#11702);
#11700 = CARTESIAN_POINT('',(-2.37,0.841,-2.108));
#11701 = DIRECTION('',(0.,0.,1.));
#11702 = DIRECTION('',(1.,0.,-0.));
#11703 = MANIFOLD_SOLID_BREP('',#11704);
#11704 = CLOSED_SHELL('',(#11705,#11745,#11776,#11809,#11840,#11873,
    #11904,#11935,#11966,#11999,#12030,#12063,#12085,#12105));
#11705 = ADVANCED_FACE('',(#11706),#11740,.F.);
#11706 = FACE_BOUND('',#11707,.T.);
#11707 = EDGE_LOOP('',(#11708,#11718,#11726,#11734));
#11708 = ORIENTED_EDGE('',*,*,#11709,.T.);
#11709 = EDGE_CURVE('',#11710,#11712,#11714,.T.);
#11710 = VERTEX_POINT('',#11711);
#11711 = CARTESIAN_POINT('',(-1.95,0.941,-0.838));
#11712 = VERTEX_POINT('',#11713);
#11713 = CARTESIAN_POINT('',(-1.95,1.159,-0.838));
#11714 = LINE('',#11715,#11716);
#11715 = CARTESIAN_POINT('',(-1.95,1.159,-0.838));
#11716 = VECTOR('',#11717,1.);
#11717 = DIRECTION('',(-0.,1.,-0.));
#11718 = ORIENTED_EDGE('',*,*,#11719,.F.);
#11719 = EDGE_CURVE('',#11720,#11712,#11722,.T.);
#11720 = VERTEX_POINT('',#11721);
#11721 = CARTESIAN_POINT('',(-1.95,1.159,-0.432));
#11722 = LINE('',#11723,#11724);
#11723 = CARTESIAN_POINT('',(-1.95,1.159,-0.432));
#11724 = VECTOR('',#11725,1.);
#11725 = DIRECTION('',(-0.,-0.,-1.));
#11726 = ORIENTED_EDGE('',*,*,#11727,.F.);
#11727 = EDGE_CURVE('',#11728,#11720,#11730,.T.);
#11728 = VERTEX_POINT('',#11729);
#11729 = CARTESIAN_POINT('',(-1.95,0.941,-0.432));
#11730 = LINE('',#11731,#11732);
#11731 = CARTESIAN_POINT('',(-1.95,1.159,-0.432));
#11732 = VECTOR('',#11733,1.);
#11733 = DIRECTION('',(-0.,1.,-0.));
#11734 = ORIENTED_EDGE('',*,*,#11735,.T.);
#11735 = EDGE_CURVE('',#11728,#11710,#11736,.T.);
#11736 = LINE('',#11737,#11738);
#11737 = CARTESIAN_POINT('',(-1.95,0.941,-0.432));
#11738 = VECTOR('',#11739,1.);
#11739 = DIRECTION('',(-0.,-0.,-1.));
#11740 = PLANE('',#11741);
#11741 = AXIS2_PLACEMENT_3D('',#11742,#11743,#11744);
#11742 = CARTESIAN_POINT('',(-1.95,1.159,-0.432));
#11743 = DIRECTION('',(-1.,0.,0.));
#11744 = DIRECTION('',(0.,0.,1.));
#11745 = ADVANCED_FACE('',(#11746),#11771,.F.);
#11746 = FACE_BOUND('',#11747,.T.);
#11747 = EDGE_LOOP('',(#11748,#11756,#11764,#11770));
#11748 = ORIENTED_EDGE('',*,*,#11749,.T.);
#11749 = EDGE_CURVE('',#11712,#11750,#11752,.T.);
#11750 = VERTEX_POINT('',#11751);
#11751 = CARTESIAN_POINT('',(-2.37,1.159,-0.838));
#11752 = LINE('',#11753,#11754);
#11753 = CARTESIAN_POINT('',(-1.95,1.159,-0.838));
#11754 = VECTOR('',#11755,1.);
#11755 = DIRECTION('',(-1.,0.,0.));
#11756 = ORIENTED_EDGE('',*,*,#11757,.F.);
#11757 = EDGE_CURVE('',#11758,#11750,#11760,.T.);
#11758 = VERTEX_POINT('',#11759);
#11759 = CARTESIAN_POINT('',(-2.37,1.159,-0.432));
#11760 = LINE('',#11761,#11762);
#11761 = CARTESIAN_POINT('',(-2.37,1.159,-0.432));
#11762 = VECTOR('',#11763,1.);
#11763 = DIRECTION('',(-0.,-0.,-1.));
#11764 = ORIENTED_EDGE('',*,*,#11765,.F.);
#11765 = EDGE_CURVE('',#11720,#11758,#11766,.T.);
#11766 = LINE('',#11767,#11768);
#11767 = CARTESIAN_POINT('',(-1.95,1.159,-0.432));
#11768 = VECTOR('',#11769,1.);
#11769 = DIRECTION('',(-1.,0.,0.));
#11770 = ORIENTED_EDGE('',*,*,#11719,.T.);
#11771 = PLANE('',#11772);
#11772 = AXIS2_PLACEMENT_3D('',#11773,#11774,#11775);
#11773 = CARTESIAN_POINT('',(-1.95,1.159,-0.432));
#11774 = DIRECTION('',(0.,-1.,0.));
#11775 = DIRECTION('',(0.,-0.,-1.));
#11776 = ADVANCED_FACE('',(#11777),#11804,.T.);
#11777 = FACE_BOUND('',#11778,.T.);
#11778 = EDGE_LOOP('',(#11779,#11788,#11796,#11803));
#11779 = ORIENTED_EDGE('',*,*,#11780,.T.);
#11780 = EDGE_CURVE('',#11750,#11781,#11783,.T.);
#11781 = VERTEX_POINT('',#11782);
#11782 = CARTESIAN_POINT('',(-2.688,0.841,-0.838));
#11783 = CIRCLE('',#11784,0.318);
#11784 = AXIS2_PLACEMENT_3D('',#11785,#11786,#11787);
#11785 = CARTESIAN_POINT('',(-2.37,0.841,-0.838));
#11786 = DIRECTION('',(0.,0.,1.));
#11787 = DIRECTION('',(1.,0.,-0.));
#11788 = ORIENTED_EDGE('',*,*,#11789,.F.);
#11789 = EDGE_CURVE('',#11790,#11781,#11792,.T.);
#11790 = VERTEX_POINT('',#11791);
#11791 = CARTESIAN_POINT('',(-2.688,0.841,-0.432));
#11792 = LINE('',#11793,#11794);
#11793 = CARTESIAN_POINT('',(-2.688,0.841,-0.432));
#11794 = VECTOR('',#11795,1.);
#11795 = DIRECTION('',(-0.,-0.,-1.));
#11796 = ORIENTED_EDGE('',*,*,#11797,.F.);
#11797 = EDGE_CURVE('',#11758,#11790,#11798,.T.);
#11798 = CIRCLE('',#11799,0.318);
#11799 = AXIS2_PLACEMENT_3D('',#11800,#11801,#11802);
#11800 = CARTESIAN_POINT('',(-2.37,0.841,-0.432));
#11801 = DIRECTION('',(0.,0.,1.));
#11802 = DIRECTION('',(1.,0.,-0.));
#11803 = ORIENTED_EDGE('',*,*,#11757,.T.);
#11804 = CYLINDRICAL_SURFACE('',#11805,0.318);
#11805 = AXIS2_PLACEMENT_3D('',#11806,#11807,#11808);
#11806 = CARTESIAN_POINT('',(-2.37,0.841,-0.432));
#11807 = DIRECTION('',(-0.,-0.,-1.));
#11808 = DIRECTION('',(-1.,0.,0.));
#11809 = ADVANCED_FACE('',(#11810),#11835,.F.);
#11810 = FACE_BOUND('',#11811,.T.);
#11811 = EDGE_LOOP('',(#11812,#11820,#11828,#11834));
#11812 = ORIENTED_EDGE('',*,*,#11813,.T.);
#11813 = EDGE_CURVE('',#11781,#11814,#11816,.T.);
#11814 = VERTEX_POINT('',#11815);
#11815 = CARTESIAN_POINT('',(-2.688,0.333936173136,-0.838));
#11816 = LINE('',#11817,#11818);
#11817 = CARTESIAN_POINT('',(-2.688,0.841,-0.838));
#11818 = VECTOR('',#11819,1.);
#11819 = DIRECTION('',(-8.552786572769E-16,-1.,0.));
#11820 = ORIENTED_EDGE('',*,*,#11821,.F.);
#11821 = EDGE_CURVE('',#11822,#11814,#11824,.T.);
#11822 = VERTEX_POINT('',#11823);
#11823 = CARTESIAN_POINT('',(-2.688,0.333936173136,-0.432));
#11824 = LINE('',#11825,#11826);
#11825 = CARTESIAN_POINT('',(-2.688,0.333936173136,-0.432));
#11826 = VECTOR('',#11827,1.);
#11827 = DIRECTION('',(-0.,-0.,-1.));
#11828 = ORIENTED_EDGE('',*,*,#11829,.F.);
#11829 = EDGE_CURVE('',#11790,#11822,#11830,.T.);
#11830 = LINE('',#11831,#11832);
#11831 = CARTESIAN_POINT('',(-2.688,0.841,-0.432));
#11832 = VECTOR('',#11833,1.);
#11833 = DIRECTION('',(-8.552786572769E-16,-1.,0.));
#11834 = ORIENTED_EDGE('',*,*,#11789,.T.);
#11835 = PLANE('',#11836);
#11836 = AXIS2_PLACEMENT_3D('',#11837,#11838,#11839);
#11837 = CARTESIAN_POINT('',(-2.688,0.841,-0.432));
#11838 = DIRECTION('',(1.,-8.552786572769E-16,0.));
#11839 = DIRECTION('',(8.552786572769E-16,1.,0.));
#11840 = ADVANCED_FACE('',(#11841),#11868,.F.);
#11841 = FACE_BOUND('',#11842,.F.);
#11842 = EDGE_LOOP('',(#11843,#11844,#11853,#11861));
#11843 = ORIENTED_EDGE('',*,*,#11821,.F.);
#11844 = ORIENTED_EDGE('',*,*,#11845,.T.);
#11845 = EDGE_CURVE('',#11822,#11846,#11848,.T.);
#11846 = VERTEX_POINT('',#11847);
#11847 = CARTESIAN_POINT('',(-2.781024352626,0.23417976811,-0.432));
#11848 = CIRCLE('',#11849,1.E-01);
#11849 = AXIS2_PLACEMENT_3D('',#11850,#11851,#11852);
#11850 = CARTESIAN_POINT('',(-2.788,0.333936173136,-0.432));
#11851 = DIRECTION('',(-0.,0.,-1.));
#11852 = DIRECTION('',(-1.,0.,0.));
#11853 = ORIENTED_EDGE('',*,*,#11854,.T.);
#11854 = EDGE_CURVE('',#11846,#11855,#11857,.T.);
#11855 = VERTEX_POINT('',#11856);
#11856 = CARTESIAN_POINT('',(-2.781024352626,0.23417976811,-0.838));
#11857 = LINE('',#11858,#11859);
#11858 = CARTESIAN_POINT('',(-2.781024352626,0.23417976811,-0.432));
#11859 = VECTOR('',#11860,1.);
#11860 = DIRECTION('',(-0.,-0.,-1.));
#11861 = ORIENTED_EDGE('',*,*,#11862,.F.);
#11862 = EDGE_CURVE('',#11814,#11855,#11863,.T.);
#11863 = CIRCLE('',#11864,1.E-01);
#11864 = AXIS2_PLACEMENT_3D('',#11865,#11866,#11867);
#11865 = CARTESIAN_POINT('',(-2.788,0.333936173136,-0.838));
#11866 = DIRECTION('',(-0.,0.,-1.));
#11867 = DIRECTION('',(-1.,0.,0.));
#11868 = CYLINDRICAL_SURFACE('',#11869,1.E-01);
#11869 = AXIS2_PLACEMENT_3D('',#11870,#11871,#11872);
#11870 = CARTESIAN_POINT('',(-2.788,0.333936173136,-0.432));
#11871 = DIRECTION('',(-0.,-0.,-1.));
#11872 = DIRECTION('',(-1.,0.,0.));
#11873 = ADVANCED_FACE('',(#11874),#11899,.F.);
#11874 = FACE_BOUND('',#11875,.T.);
#11875 = EDGE_LOOP('',(#11876,#11884,#11892,#11898));
#11876 = ORIENTED_EDGE('',*,*,#11877,.T.);
#11877 = EDGE_CURVE('',#11855,#11878,#11880,.T.);
#11878 = VERTEX_POINT('',#11879);
#11879 = CARTESIAN_POINT('',(-3.02,0.217468962957,-0.838));
#11880 = LINE('',#11881,#11882);
#11881 = CARTESIAN_POINT('',(-2.781024352626,0.23417976811,-0.838));
#11882 = VECTOR('',#11883,1.);
#11883 = DIRECTION('',(-0.99756405026,-6.975647374412E-02,0.));
#11884 = ORIENTED_EDGE('',*,*,#11885,.F.);
#11885 = EDGE_CURVE('',#11886,#11878,#11888,.T.);
#11886 = VERTEX_POINT('',#11887);
#11887 = CARTESIAN_POINT('',(-3.02,0.217468962957,-0.432));
#11888 = LINE('',#11889,#11890);
#11889 = CARTESIAN_POINT('',(-3.02,0.217468962957,-0.432));
#11890 = VECTOR('',#11891,1.);
#11891 = DIRECTION('',(-0.,-0.,-1.));
#11892 = ORIENTED_EDGE('',*,*,#11893,.F.);
#11893 = EDGE_CURVE('',#11846,#11886,#11894,.T.);
#11894 = LINE('',#11895,#11896);
#11895 = CARTESIAN_POINT('',(-2.781024352626,0.23417976811,-0.432));
#11896 = VECTOR('',#11897,1.);
#11897 = DIRECTION('',(-0.99756405026,-6.975647374412E-02,0.));
#11898 = ORIENTED_EDGE('',*,*,#11854,.T.);
#11899 = PLANE('',#11900);
#11900 = AXIS2_PLACEMENT_3D('',#11901,#11902,#11903);
#11901 = CARTESIAN_POINT('',(-2.781024352626,0.23417976811,-0.432));
#11902 = DIRECTION('',(6.975647374412E-02,-0.99756405026,0.));
#11903 = DIRECTION('',(0.99756405026,6.975647374412E-02,0.));
#11904 = ADVANCED_FACE('',(#11905),#11930,.F.);
#11905 = FACE_BOUND('',#11906,.T.);
#11906 = EDGE_LOOP('',(#11907,#11915,#11923,#11929));
#11907 = ORIENTED_EDGE('',*,*,#11908,.T.);
#11908 = EDGE_CURVE('',#11878,#11909,#11911,.T.);
#11909 = VERTEX_POINT('',#11910);
#11910 = CARTESIAN_POINT('',(-3.004793088724,-6.776263578034E-18,-0.838)
  );
#11911 = LINE('',#11912,#11913);
#11912 = CARTESIAN_POINT('',(-3.02,0.217468962957,-0.838));
#11913 = VECTOR('',#11914,1.);
#11914 = DIRECTION('',(6.975647374412E-02,-0.99756405026,0.));
#11915 = ORIENTED_EDGE('',*,*,#11916,.F.);
#11916 = EDGE_CURVE('',#11917,#11909,#11919,.T.);
#11917 = VERTEX_POINT('',#11918);
#11918 = CARTESIAN_POINT('',(-3.004793088724,-6.776263578034E-18,-0.432)
  );
#11919 = LINE('',#11920,#11921);
#11920 = CARTESIAN_POINT('',(-3.004793088724,-6.776263578034E-18,-0.432)
  );
#11921 = VECTOR('',#11922,1.);
#11922 = DIRECTION('',(-0.,-0.,-1.));
#11923 = ORIENTED_EDGE('',*,*,#11924,.F.);
#11924 = EDGE_CURVE('',#11886,#11917,#11925,.T.);
#11925 = LINE('',#11926,#11927);
#11926 = CARTESIAN_POINT('',(-3.02,0.217468962957,-0.432));
#11927 = VECTOR('',#11928,1.);
#11928 = DIRECTION('',(6.975647374412E-02,-0.99756405026,0.));
#11929 = ORIENTED_EDGE('',*,*,#11885,.T.);
#11930 = PLANE('',#11931);
#11931 = AXIS2_PLACEMENT_3D('',#11932,#11933,#11934);
#11932 = CARTESIAN_POINT('',(-3.02,0.217468962957,-0.432));
#11933 = DIRECTION('',(0.99756405026,6.975647374412E-02,-0.));
#11934 = DIRECTION('',(-6.975647374412E-02,0.99756405026,0.));
#11935 = ADVANCED_FACE('',(#11936),#11961,.F.);
#11936 = FACE_BOUND('',#11937,.T.);
#11937 = EDGE_LOOP('',(#11938,#11946,#11954,#11960));
#11938 = ORIENTED_EDGE('',*,*,#11939,.T.);
#11939 = EDGE_CURVE('',#11909,#11940,#11942,.T.);
#11940 = VERTEX_POINT('',#11941);
#11941 = CARTESIAN_POINT('',(-2.765817441349,1.671080515303E-02,-0.838)
  );
#11942 = LINE('',#11943,#11944);
#11943 = CARTESIAN_POINT('',(-2.765817441349,1.671080515303E-02,-0.838)
  );
#11944 = VECTOR('',#11945,1.);
#11945 = DIRECTION('',(0.99756405026,6.975647374412E-02,-0.));
#11946 = ORIENTED_EDGE('',*,*,#11947,.F.);
#11947 = EDGE_CURVE('',#11948,#11940,#11950,.T.);
#11948 = VERTEX_POINT('',#11949);
#11949 = CARTESIAN_POINT('',(-2.765817441349,1.671080515303E-02,-0.432)
  );
#11950 = LINE('',#11951,#11952);
#11951 = CARTESIAN_POINT('',(-2.765817441349,1.671080515303E-02,-0.432)
  );
#11952 = VECTOR('',#11953,1.);
#11953 = DIRECTION('',(-0.,-0.,-1.));
#11954 = ORIENTED_EDGE('',*,*,#11955,.F.);
#11955 = EDGE_CURVE('',#11917,#11948,#11956,.T.);
#11956 = LINE('',#11957,#11958);
#11957 = CARTESIAN_POINT('',(-2.765817441349,1.671080515303E-02,-0.432)
  );
#11958 = VECTOR('',#11959,1.);
#11959 = DIRECTION('',(0.99756405026,6.975647374412E-02,-0.));
#11960 = ORIENTED_EDGE('',*,*,#11916,.T.);
#11961 = PLANE('',#11962);
#11962 = AXIS2_PLACEMENT_3D('',#11963,#11964,#11965);
#11963 = CARTESIAN_POINT('',(-2.765817441349,1.671080515303E-02,-0.432)
  );
#11964 = DIRECTION('',(-6.975647374412E-02,0.99756405026,0.));
#11965 = DIRECTION('',(-0.99756405026,-6.975647374412E-02,0.));
#11966 = ADVANCED_FACE('',(#11967),#11994,.T.);
#11967 = FACE_BOUND('',#11968,.T.);
#11968 = EDGE_LOOP('',(#11969,#11978,#11986,#11993));
#11969 = ORIENTED_EDGE('',*,*,#11970,.T.);
#11970 = EDGE_CURVE('',#11940,#11971,#11973,.T.);
#11971 = VERTEX_POINT('',#11972);
#11972 = CARTESIAN_POINT('',(-2.47,0.333936173136,-0.838));
#11973 = CIRCLE('',#11974,0.318);
#11974 = AXIS2_PLACEMENT_3D('',#11975,#11976,#11977);
#11975 = CARTESIAN_POINT('',(-2.788,0.333936173136,-0.838));
#11976 = DIRECTION('',(0.,0.,1.));
#11977 = DIRECTION('',(-1.,0.,0.));
#11978 = ORIENTED_EDGE('',*,*,#11979,.F.);
#11979 = EDGE_CURVE('',#11980,#11971,#11982,.T.);
#11980 = VERTEX_POINT('',#11981);
#11981 = CARTESIAN_POINT('',(-2.47,0.333936173136,-0.432));
#11982 = LINE('',#11983,#11984);
#11983 = CARTESIAN_POINT('',(-2.47,0.333936173136,-0.432));
#11984 = VECTOR('',#11985,1.);
#11985 = DIRECTION('',(-0.,-0.,-1.));
#11986 = ORIENTED_EDGE('',*,*,#11987,.F.);
#11987 = EDGE_CURVE('',#11948,#11980,#11988,.T.);
#11988 = CIRCLE('',#11989,0.318);
#11989 = AXIS2_PLACEMENT_3D('',#11990,#11991,#11992);
#11990 = CARTESIAN_POINT('',(-2.788,0.333936173136,-0.432));
#11991 = DIRECTION('',(0.,0.,1.));
#11992 = DIRECTION('',(-1.,0.,0.));
#11993 = ORIENTED_EDGE('',*,*,#11947,.T.);
#11994 = CYLINDRICAL_SURFACE('',#11995,0.318);
#11995 = AXIS2_PLACEMENT_3D('',#11996,#11997,#11998);
#11996 = CARTESIAN_POINT('',(-2.788,0.333936173136,-0.432));
#11997 = DIRECTION('',(-0.,-0.,-1.));
#11998 = DIRECTION('',(-1.,0.,0.));
#11999 = ADVANCED_FACE('',(#12000),#12025,.F.);
#12000 = FACE_BOUND('',#12001,.T.);
#12001 = EDGE_LOOP('',(#12002,#12010,#12018,#12024));
#12002 = ORIENTED_EDGE('',*,*,#12003,.T.);
#12003 = EDGE_CURVE('',#11971,#12004,#12006,.T.);
#12004 = VERTEX_POINT('',#12005);
#12005 = CARTESIAN_POINT('',(-2.47,0.841,-0.838));
#12006 = LINE('',#12007,#12008);
#12007 = CARTESIAN_POINT('',(-2.47,0.841,-0.838));
#12008 = VECTOR('',#12009,1.);
#12009 = DIRECTION('',(-8.552786572769E-16,1.,-0.));
#12010 = ORIENTED_EDGE('',*,*,#12011,.F.);
#12011 = EDGE_CURVE('',#12012,#12004,#12014,.T.);
#12012 = VERTEX_POINT('',#12013);
#12013 = CARTESIAN_POINT('',(-2.47,0.841,-0.432));
#12014 = LINE('',#12015,#12016);
#12015 = CARTESIAN_POINT('',(-2.47,0.841,-0.432));
#12016 = VECTOR('',#12017,1.);
#12017 = DIRECTION('',(-0.,-0.,-1.));
#12018 = ORIENTED_EDGE('',*,*,#12019,.F.);
#12019 = EDGE_CURVE('',#11980,#12012,#12020,.T.);
#12020 = LINE('',#12021,#12022);
#12021 = CARTESIAN_POINT('',(-2.47,0.841,-0.432));
#12022 = VECTOR('',#12023,1.);
#12023 = DIRECTION('',(-8.552786572769E-16,1.,-0.));
#12024 = ORIENTED_EDGE('',*,*,#11979,.T.);
#12025 = PLANE('',#12026);
#12026 = AXIS2_PLACEMENT_3D('',#12027,#12028,#12029);
#12027 = CARTESIAN_POINT('',(-2.47,0.841,-0.432));
#12028 = DIRECTION('',(-1.,-8.552786572769E-16,0.));
#12029 = DIRECTION('',(8.552786572769E-16,-1.,0.));
#12030 = ADVANCED_FACE('',(#12031),#12058,.F.);
#12031 = FACE_BOUND('',#12032,.F.);
#12032 = EDGE_LOOP('',(#12033,#12034,#12043,#12051));
#12033 = ORIENTED_EDGE('',*,*,#12011,.F.);
#12034 = ORIENTED_EDGE('',*,*,#12035,.T.);
#12035 = EDGE_CURVE('',#12012,#12036,#12038,.T.);
#12036 = VERTEX_POINT('',#12037);
#12037 = CARTESIAN_POINT('',(-2.37,0.941,-0.432));
#12038 = CIRCLE('',#12039,1.E-01);
#12039 = AXIS2_PLACEMENT_3D('',#12040,#12041,#12042);
#12040 = CARTESIAN_POINT('',(-2.37,0.841,-0.432));
#12041 = DIRECTION('',(0.,0.,-1.));
#12042 = DIRECTION('',(1.,0.,0.));
#12043 = ORIENTED_EDGE('',*,*,#12044,.T.);
#12044 = EDGE_CURVE('',#12036,#12045,#12047,.T.);
#12045 = VERTEX_POINT('',#12046);
#12046 = CARTESIAN_POINT('',(-2.37,0.941,-0.838));
#12047 = LINE('',#12048,#12049);
#12048 = CARTESIAN_POINT('',(-2.37,0.941,-0.432));
#12049 = VECTOR('',#12050,1.);
#12050 = DIRECTION('',(-0.,-0.,-1.));
#12051 = ORIENTED_EDGE('',*,*,#12052,.F.);
#12052 = EDGE_CURVE('',#12004,#12045,#12053,.T.);
#12053 = CIRCLE('',#12054,1.E-01);
#12054 = AXIS2_PLACEMENT_3D('',#12055,#12056,#12057);
#12055 = CARTESIAN_POINT('',(-2.37,0.841,-0.838));
#12056 = DIRECTION('',(0.,0.,-1.));
#12057 = DIRECTION('',(1.,0.,0.));
#12058 = CYLINDRICAL_SURFACE('',#12059,1.E-01);
#12059 = AXIS2_PLACEMENT_3D('',#12060,#12061,#12062);
#12060 = CARTESIAN_POINT('',(-2.37,0.841,-0.432));
#12061 = DIRECTION('',(-0.,-0.,-1.));
#12062 = DIRECTION('',(-1.,0.,0.));
#12063 = ADVANCED_FACE('',(#12064),#12080,.F.);
#12064 = FACE_BOUND('',#12065,.T.);
#12065 = EDGE_LOOP('',(#12066,#12072,#12073,#12079));
#12066 = ORIENTED_EDGE('',*,*,#12067,.T.);
#12067 = EDGE_CURVE('',#12045,#11710,#12068,.T.);
#12068 = LINE('',#12069,#12070);
#12069 = CARTESIAN_POINT('',(-1.95,0.941,-0.838));
#12070 = VECTOR('',#12071,1.);
#12071 = DIRECTION('',(1.,2.581433744013E-16,-0.));
#12072 = ORIENTED_EDGE('',*,*,#11735,.F.);
#12073 = ORIENTED_EDGE('',*,*,#12074,.F.);
#12074 = EDGE_CURVE('',#12036,#11728,#12075,.T.);
#12075 = LINE('',#12076,#12077);
#12076 = CARTESIAN_POINT('',(-1.95,0.941,-0.432));
#12077 = VECTOR('',#12078,1.);
#12078 = DIRECTION('',(1.,2.581433744013E-16,-0.));
#12079 = ORIENTED_EDGE('',*,*,#12044,.T.);
#12080 = PLANE('',#12081);
#12081 = AXIS2_PLACEMENT_3D('',#12082,#12083,#12084);
#12082 = CARTESIAN_POINT('',(-1.95,0.941,-0.432));
#12083 = DIRECTION('',(-2.581433744013E-16,1.,0.));
#12084 = DIRECTION('',(-1.,-2.581433744013E-16,0.));
#12085 = ADVANCED_FACE('',(#12086),#12100,.T.);
#12086 = FACE_BOUND('',#12087,.T.);
#12087 = EDGE_LOOP('',(#12088,#12089,#12090,#12091,#12092,#12093,#12094,
    #12095,#12096,#12097,#12098,#12099));
#12088 = ORIENTED_EDGE('',*,*,#11727,.T.);
#12089 = ORIENTED_EDGE('',*,*,#11765,.T.);
#12090 = ORIENTED_EDGE('',*,*,#11797,.T.);
#12091 = ORIENTED_EDGE('',*,*,#11829,.T.);
#12092 = ORIENTED_EDGE('',*,*,#11845,.T.);
#12093 = ORIENTED_EDGE('',*,*,#11893,.T.);
#12094 = ORIENTED_EDGE('',*,*,#11924,.T.);
#12095 = ORIENTED_EDGE('',*,*,#11955,.T.);
#12096 = ORIENTED_EDGE('',*,*,#11987,.T.);
#12097 = ORIENTED_EDGE('',*,*,#12019,.T.);
#12098 = ORIENTED_EDGE('',*,*,#12035,.T.);
#12099 = ORIENTED_EDGE('',*,*,#12074,.T.);
#12100 = PLANE('',#12101);
#12101 = AXIS2_PLACEMENT_3D('',#12102,#12103,#12104);
#12102 = CARTESIAN_POINT('',(-2.37,0.841,-0.432));
#12103 = DIRECTION('',(0.,0.,1.));
#12104 = DIRECTION('',(1.,0.,-0.));
#12105 = ADVANCED_FACE('',(#12106),#12120,.F.);
#12106 = FACE_BOUND('',#12107,.T.);
#12107 = EDGE_LOOP('',(#12108,#12109,#12110,#12111,#12112,#12113,#12114,
    #12115,#12116,#12117,#12118,#12119));
#12108 = ORIENTED_EDGE('',*,*,#11709,.F.);
#12109 = ORIENTED_EDGE('',*,*,#12067,.F.);
#12110 = ORIENTED_EDGE('',*,*,#12052,.F.);
#12111 = ORIENTED_EDGE('',*,*,#12003,.F.);
#12112 = ORIENTED_EDGE('',*,*,#11970,.F.);
#12113 = ORIENTED_EDGE('',*,*,#11939,.F.);
#12114 = ORIENTED_EDGE('',*,*,#11908,.F.);
#12115 = ORIENTED_EDGE('',*,*,#11877,.F.);
#12116 = ORIENTED_EDGE('',*,*,#11862,.F.);
#12117 = ORIENTED_EDGE('',*,*,#11813,.F.);
#12118 = ORIENTED_EDGE('',*,*,#11780,.F.);
#12119 = ORIENTED_EDGE('',*,*,#11749,.F.);
#12120 = PLANE('',#12121);
#12121 = AXIS2_PLACEMENT_3D('',#12122,#12123,#12124);
#12122 = CARTESIAN_POINT('',(-2.37,0.841,-0.838));
#12123 = DIRECTION('',(0.,0.,1.));
#12124 = DIRECTION('',(1.,0.,-0.));
#12125 = MANIFOLD_SOLID_BREP('',#12126);
#12126 = CLOSED_SHELL('',(#12127,#12167,#12198,#12231,#12262,#12295,
    #12326,#12357,#12388,#12421,#12452,#12485,#12507,#12527));
#12127 = ADVANCED_FACE('',(#12128),#12162,.F.);
#12128 = FACE_BOUND('',#12129,.T.);
#12129 = EDGE_LOOP('',(#12130,#12140,#12148,#12156));
#12130 = ORIENTED_EDGE('',*,*,#12131,.T.);
#12131 = EDGE_CURVE('',#12132,#12134,#12136,.T.);
#12132 = VERTEX_POINT('',#12133);
#12133 = CARTESIAN_POINT('',(-1.95,0.941,0.432));
#12134 = VERTEX_POINT('',#12135);
#12135 = CARTESIAN_POINT('',(-1.95,1.159,0.432));
#12136 = LINE('',#12137,#12138);
#12137 = CARTESIAN_POINT('',(-1.95,1.159,0.432));
#12138 = VECTOR('',#12139,1.);
#12139 = DIRECTION('',(-0.,1.,-0.));
#12140 = ORIENTED_EDGE('',*,*,#12141,.F.);
#12141 = EDGE_CURVE('',#12142,#12134,#12144,.T.);
#12142 = VERTEX_POINT('',#12143);
#12143 = CARTESIAN_POINT('',(-1.95,1.159,0.838));
#12144 = LINE('',#12145,#12146);
#12145 = CARTESIAN_POINT('',(-1.95,1.159,0.838));
#12146 = VECTOR('',#12147,1.);
#12147 = DIRECTION('',(-0.,-0.,-1.));
#12148 = ORIENTED_EDGE('',*,*,#12149,.F.);
#12149 = EDGE_CURVE('',#12150,#12142,#12152,.T.);
#12150 = VERTEX_POINT('',#12151);
#12151 = CARTESIAN_POINT('',(-1.95,0.941,0.838));
#12152 = LINE('',#12153,#12154);
#12153 = CARTESIAN_POINT('',(-1.95,1.159,0.838));
#12154 = VECTOR('',#12155,1.);
#12155 = DIRECTION('',(-0.,1.,-0.));
#12156 = ORIENTED_EDGE('',*,*,#12157,.T.);
#12157 = EDGE_CURVE('',#12150,#12132,#12158,.T.);
#12158 = LINE('',#12159,#12160);
#12159 = CARTESIAN_POINT('',(-1.95,0.941,0.838));
#12160 = VECTOR('',#12161,1.);
#12161 = DIRECTION('',(-0.,-0.,-1.));
#12162 = PLANE('',#12163);
#12163 = AXIS2_PLACEMENT_3D('',#12164,#12165,#12166);
#12164 = CARTESIAN_POINT('',(-1.95,1.159,0.838));
#12165 = DIRECTION('',(-1.,0.,0.));
#12166 = DIRECTION('',(0.,0.,1.));
#12167 = ADVANCED_FACE('',(#12168),#12193,.F.);
#12168 = FACE_BOUND('',#12169,.T.);
#12169 = EDGE_LOOP('',(#12170,#12178,#12186,#12192));
#12170 = ORIENTED_EDGE('',*,*,#12171,.T.);
#12171 = EDGE_CURVE('',#12134,#12172,#12174,.T.);
#12172 = VERTEX_POINT('',#12173);
#12173 = CARTESIAN_POINT('',(-2.37,1.159,0.432));
#12174 = LINE('',#12175,#12176);
#12175 = CARTESIAN_POINT('',(-1.95,1.159,0.432));
#12176 = VECTOR('',#12177,1.);
#12177 = DIRECTION('',(-1.,0.,0.));
#12178 = ORIENTED_EDGE('',*,*,#12179,.F.);
#12179 = EDGE_CURVE('',#12180,#12172,#12182,.T.);
#12180 = VERTEX_POINT('',#12181);
#12181 = CARTESIAN_POINT('',(-2.37,1.159,0.838));
#12182 = LINE('',#12183,#12184);
#12183 = CARTESIAN_POINT('',(-2.37,1.159,0.838));
#12184 = VECTOR('',#12185,1.);
#12185 = DIRECTION('',(-0.,-0.,-1.));
#12186 = ORIENTED_EDGE('',*,*,#12187,.F.);
#12187 = EDGE_CURVE('',#12142,#12180,#12188,.T.);
#12188 = LINE('',#12189,#12190);
#12189 = CARTESIAN_POINT('',(-1.95,1.159,0.838));
#12190 = VECTOR('',#12191,1.);
#12191 = DIRECTION('',(-1.,0.,0.));
#12192 = ORIENTED_EDGE('',*,*,#12141,.T.);
#12193 = PLANE('',#12194);
#12194 = AXIS2_PLACEMENT_3D('',#12195,#12196,#12197);
#12195 = CARTESIAN_POINT('',(-1.95,1.159,0.838));
#12196 = DIRECTION('',(0.,-1.,0.));
#12197 = DIRECTION('',(0.,-0.,-1.));
#12198 = ADVANCED_FACE('',(#12199),#12226,.T.);
#12199 = FACE_BOUND('',#12200,.T.);
#12200 = EDGE_LOOP('',(#12201,#12210,#12218,#12225));
#12201 = ORIENTED_EDGE('',*,*,#12202,.T.);
#12202 = EDGE_CURVE('',#12172,#12203,#12205,.T.);
#12203 = VERTEX_POINT('',#12204);
#12204 = CARTESIAN_POINT('',(-2.688,0.841,0.432));
#12205 = CIRCLE('',#12206,0.318);
#12206 = AXIS2_PLACEMENT_3D('',#12207,#12208,#12209);
#12207 = CARTESIAN_POINT('',(-2.37,0.841,0.432));
#12208 = DIRECTION('',(0.,0.,1.));
#12209 = DIRECTION('',(1.,0.,-0.));
#12210 = ORIENTED_EDGE('',*,*,#12211,.F.);
#12211 = EDGE_CURVE('',#12212,#12203,#12214,.T.);
#12212 = VERTEX_POINT('',#12213);
#12213 = CARTESIAN_POINT('',(-2.688,0.841,0.838));
#12214 = LINE('',#12215,#12216);
#12215 = CARTESIAN_POINT('',(-2.688,0.841,0.838));
#12216 = VECTOR('',#12217,1.);
#12217 = DIRECTION('',(-0.,-0.,-1.));
#12218 = ORIENTED_EDGE('',*,*,#12219,.F.);
#12219 = EDGE_CURVE('',#12180,#12212,#12220,.T.);
#12220 = CIRCLE('',#12221,0.318);
#12221 = AXIS2_PLACEMENT_3D('',#12222,#12223,#12224);
#12222 = CARTESIAN_POINT('',(-2.37,0.841,0.838));
#12223 = DIRECTION('',(0.,0.,1.));
#12224 = DIRECTION('',(1.,0.,-0.));
#12225 = ORIENTED_EDGE('',*,*,#12179,.T.);
#12226 = CYLINDRICAL_SURFACE('',#12227,0.318);
#12227 = AXIS2_PLACEMENT_3D('',#12228,#12229,#12230);
#12228 = CARTESIAN_POINT('',(-2.37,0.841,0.838));
#12229 = DIRECTION('',(-0.,-0.,-1.));
#12230 = DIRECTION('',(-1.,0.,0.));
#12231 = ADVANCED_FACE('',(#12232),#12257,.F.);
#12232 = FACE_BOUND('',#12233,.T.);
#12233 = EDGE_LOOP('',(#12234,#12242,#12250,#12256));
#12234 = ORIENTED_EDGE('',*,*,#12235,.T.);
#12235 = EDGE_CURVE('',#12203,#12236,#12238,.T.);
#12236 = VERTEX_POINT('',#12237);
#12237 = CARTESIAN_POINT('',(-2.688,0.333936173136,0.432));
#12238 = LINE('',#12239,#12240);
#12239 = CARTESIAN_POINT('',(-2.688,0.841,0.432));
#12240 = VECTOR('',#12241,1.);
#12241 = DIRECTION('',(-8.552786572769E-16,-1.,0.));
#12242 = ORIENTED_EDGE('',*,*,#12243,.F.);
#12243 = EDGE_CURVE('',#12244,#12236,#12246,.T.);
#12244 = VERTEX_POINT('',#12245);
#12245 = CARTESIAN_POINT('',(-2.688,0.333936173136,0.838));
#12246 = LINE('',#12247,#12248);
#12247 = CARTESIAN_POINT('',(-2.688,0.333936173136,0.838));
#12248 = VECTOR('',#12249,1.);
#12249 = DIRECTION('',(-0.,-0.,-1.));
#12250 = ORIENTED_EDGE('',*,*,#12251,.F.);
#12251 = EDGE_CURVE('',#12212,#12244,#12252,.T.);
#12252 = LINE('',#12253,#12254);
#12253 = CARTESIAN_POINT('',(-2.688,0.841,0.838));
#12254 = VECTOR('',#12255,1.);
#12255 = DIRECTION('',(-8.552786572769E-16,-1.,0.));
#12256 = ORIENTED_EDGE('',*,*,#12211,.T.);
#12257 = PLANE('',#12258);
#12258 = AXIS2_PLACEMENT_3D('',#12259,#12260,#12261);
#12259 = CARTESIAN_POINT('',(-2.688,0.841,0.838));
#12260 = DIRECTION('',(1.,-8.552786572769E-16,0.));
#12261 = DIRECTION('',(8.552786572769E-16,1.,0.));
#12262 = ADVANCED_FACE('',(#12263),#12290,.F.);
#12263 = FACE_BOUND('',#12264,.F.);
#12264 = EDGE_LOOP('',(#12265,#12266,#12275,#12283));
#12265 = ORIENTED_EDGE('',*,*,#12243,.F.);
#12266 = ORIENTED_EDGE('',*,*,#12267,.T.);
#12267 = EDGE_CURVE('',#12244,#12268,#12270,.T.);
#12268 = VERTEX_POINT('',#12269);
#12269 = CARTESIAN_POINT('',(-2.781024352626,0.23417976811,0.838));
#12270 = CIRCLE('',#12271,1.E-01);
#12271 = AXIS2_PLACEMENT_3D('',#12272,#12273,#12274);
#12272 = CARTESIAN_POINT('',(-2.788,0.333936173136,0.838));
#12273 = DIRECTION('',(-0.,0.,-1.));
#12274 = DIRECTION('',(-1.,0.,0.));
#12275 = ORIENTED_EDGE('',*,*,#12276,.T.);
#12276 = EDGE_CURVE('',#12268,#12277,#12279,.T.);
#12277 = VERTEX_POINT('',#12278);
#12278 = CARTESIAN_POINT('',(-2.781024352626,0.23417976811,0.432));
#12279 = LINE('',#12280,#12281);
#12280 = CARTESIAN_POINT('',(-2.781024352626,0.23417976811,0.838));
#12281 = VECTOR('',#12282,1.);
#12282 = DIRECTION('',(-0.,-0.,-1.));
#12283 = ORIENTED_EDGE('',*,*,#12284,.F.);
#12284 = EDGE_CURVE('',#12236,#12277,#12285,.T.);
#12285 = CIRCLE('',#12286,1.E-01);
#12286 = AXIS2_PLACEMENT_3D('',#12287,#12288,#12289);
#12287 = CARTESIAN_POINT('',(-2.788,0.333936173136,0.432));
#12288 = DIRECTION('',(-0.,0.,-1.));
#12289 = DIRECTION('',(-1.,0.,0.));
#12290 = CYLINDRICAL_SURFACE('',#12291,1.E-01);
#12291 = AXIS2_PLACEMENT_3D('',#12292,#12293,#12294);
#12292 = CARTESIAN_POINT('',(-2.788,0.333936173136,0.838));
#12293 = DIRECTION('',(-0.,-0.,-1.));
#12294 = DIRECTION('',(-1.,0.,0.));
#12295 = ADVANCED_FACE('',(#12296),#12321,.F.);
#12296 = FACE_BOUND('',#12297,.T.);
#12297 = EDGE_LOOP('',(#12298,#12306,#12314,#12320));
#12298 = ORIENTED_EDGE('',*,*,#12299,.T.);
#12299 = EDGE_CURVE('',#12277,#12300,#12302,.T.);
#12300 = VERTEX_POINT('',#12301);
#12301 = CARTESIAN_POINT('',(-3.02,0.217468962957,0.432));
#12302 = LINE('',#12303,#12304);
#12303 = CARTESIAN_POINT('',(-2.781024352626,0.23417976811,0.432));
#12304 = VECTOR('',#12305,1.);
#12305 = DIRECTION('',(-0.99756405026,-6.975647374412E-02,0.));
#12306 = ORIENTED_EDGE('',*,*,#12307,.F.);
#12307 = EDGE_CURVE('',#12308,#12300,#12310,.T.);
#12308 = VERTEX_POINT('',#12309);
#12309 = CARTESIAN_POINT('',(-3.02,0.217468962957,0.838));
#12310 = LINE('',#12311,#12312);
#12311 = CARTESIAN_POINT('',(-3.02,0.217468962957,0.838));
#12312 = VECTOR('',#12313,1.);
#12313 = DIRECTION('',(-0.,-0.,-1.));
#12314 = ORIENTED_EDGE('',*,*,#12315,.F.);
#12315 = EDGE_CURVE('',#12268,#12308,#12316,.T.);
#12316 = LINE('',#12317,#12318);
#12317 = CARTESIAN_POINT('',(-2.781024352626,0.23417976811,0.838));
#12318 = VECTOR('',#12319,1.);
#12319 = DIRECTION('',(-0.99756405026,-6.975647374412E-02,0.));
#12320 = ORIENTED_EDGE('',*,*,#12276,.T.);
#12321 = PLANE('',#12322);
#12322 = AXIS2_PLACEMENT_3D('',#12323,#12324,#12325);
#12323 = CARTESIAN_POINT('',(-2.781024352626,0.23417976811,0.838));
#12324 = DIRECTION('',(6.975647374412E-02,-0.99756405026,0.));
#12325 = DIRECTION('',(0.99756405026,6.975647374412E-02,0.));
#12326 = ADVANCED_FACE('',(#12327),#12352,.F.);
#12327 = FACE_BOUND('',#12328,.T.);
#12328 = EDGE_LOOP('',(#12329,#12337,#12345,#12351));
#12329 = ORIENTED_EDGE('',*,*,#12330,.T.);
#12330 = EDGE_CURVE('',#12300,#12331,#12333,.T.);
#12331 = VERTEX_POINT('',#12332);
#12332 = CARTESIAN_POINT('',(-3.004793088724,-6.776263578034E-18,0.432)
  );
#12333 = LINE('',#12334,#12335);
#12334 = CARTESIAN_POINT('',(-3.02,0.217468962957,0.432));
#12335 = VECTOR('',#12336,1.);
#12336 = DIRECTION('',(6.975647374412E-02,-0.99756405026,0.));
#12337 = ORIENTED_EDGE('',*,*,#12338,.F.);
#12338 = EDGE_CURVE('',#12339,#12331,#12341,.T.);
#12339 = VERTEX_POINT('',#12340);
#12340 = CARTESIAN_POINT('',(-3.004793088724,-6.776263578034E-18,0.838)
  );
#12341 = LINE('',#12342,#12343);
#12342 = CARTESIAN_POINT('',(-3.004793088724,-6.776263578034E-18,0.838)
  );
#12343 = VECTOR('',#12344,1.);
#12344 = DIRECTION('',(-0.,-0.,-1.));
#12345 = ORIENTED_EDGE('',*,*,#12346,.F.);
#12346 = EDGE_CURVE('',#12308,#12339,#12347,.T.);
#12347 = LINE('',#12348,#12349);
#12348 = CARTESIAN_POINT('',(-3.02,0.217468962957,0.838));
#12349 = VECTOR('',#12350,1.);
#12350 = DIRECTION('',(6.975647374412E-02,-0.99756405026,0.));
#12351 = ORIENTED_EDGE('',*,*,#12307,.T.);
#12352 = PLANE('',#12353);
#12353 = AXIS2_PLACEMENT_3D('',#12354,#12355,#12356);
#12354 = CARTESIAN_POINT('',(-3.02,0.217468962957,0.838));
#12355 = DIRECTION('',(0.99756405026,6.975647374412E-02,-0.));
#12356 = DIRECTION('',(-6.975647374412E-02,0.99756405026,0.));
#12357 = ADVANCED_FACE('',(#12358),#12383,.F.);
#12358 = FACE_BOUND('',#12359,.T.);
#12359 = EDGE_LOOP('',(#12360,#12368,#12376,#12382));
#12360 = ORIENTED_EDGE('',*,*,#12361,.T.);
#12361 = EDGE_CURVE('',#12331,#12362,#12364,.T.);
#12362 = VERTEX_POINT('',#12363);
#12363 = CARTESIAN_POINT('',(-2.765817441349,1.671080515303E-02,0.432));
#12364 = LINE('',#12365,#12366);
#12365 = CARTESIAN_POINT('',(-2.765817441349,1.671080515303E-02,0.432));
#12366 = VECTOR('',#12367,1.);
#12367 = DIRECTION('',(0.99756405026,6.975647374412E-02,-0.));
#12368 = ORIENTED_EDGE('',*,*,#12369,.F.);
#12369 = EDGE_CURVE('',#12370,#12362,#12372,.T.);
#12370 = VERTEX_POINT('',#12371);
#12371 = CARTESIAN_POINT('',(-2.765817441349,1.671080515303E-02,0.838));
#12372 = LINE('',#12373,#12374);
#12373 = CARTESIAN_POINT('',(-2.765817441349,1.671080515303E-02,0.838));
#12374 = VECTOR('',#12375,1.);
#12375 = DIRECTION('',(-0.,-0.,-1.));
#12376 = ORIENTED_EDGE('',*,*,#12377,.F.);
#12377 = EDGE_CURVE('',#12339,#12370,#12378,.T.);
#12378 = LINE('',#12379,#12380);
#12379 = CARTESIAN_POINT('',(-2.765817441349,1.671080515303E-02,0.838));
#12380 = VECTOR('',#12381,1.);
#12381 = DIRECTION('',(0.99756405026,6.975647374412E-02,-0.));
#12382 = ORIENTED_EDGE('',*,*,#12338,.T.);
#12383 = PLANE('',#12384);
#12384 = AXIS2_PLACEMENT_3D('',#12385,#12386,#12387);
#12385 = CARTESIAN_POINT('',(-2.765817441349,1.671080515303E-02,0.838));
#12386 = DIRECTION('',(-6.975647374412E-02,0.99756405026,0.));
#12387 = DIRECTION('',(-0.99756405026,-6.975647374412E-02,0.));
#12388 = ADVANCED_FACE('',(#12389),#12416,.T.);
#12389 = FACE_BOUND('',#12390,.T.);
#12390 = EDGE_LOOP('',(#12391,#12400,#12408,#12415));
#12391 = ORIENTED_EDGE('',*,*,#12392,.T.);
#12392 = EDGE_CURVE('',#12362,#12393,#12395,.T.);
#12393 = VERTEX_POINT('',#12394);
#12394 = CARTESIAN_POINT('',(-2.47,0.333936173136,0.432));
#12395 = CIRCLE('',#12396,0.318);
#12396 = AXIS2_PLACEMENT_3D('',#12397,#12398,#12399);
#12397 = CARTESIAN_POINT('',(-2.788,0.333936173136,0.432));
#12398 = DIRECTION('',(0.,0.,1.));
#12399 = DIRECTION('',(-1.,0.,0.));
#12400 = ORIENTED_EDGE('',*,*,#12401,.F.);
#12401 = EDGE_CURVE('',#12402,#12393,#12404,.T.);
#12402 = VERTEX_POINT('',#12403);
#12403 = CARTESIAN_POINT('',(-2.47,0.333936173136,0.838));
#12404 = LINE('',#12405,#12406);
#12405 = CARTESIAN_POINT('',(-2.47,0.333936173136,0.838));
#12406 = VECTOR('',#12407,1.);
#12407 = DIRECTION('',(-0.,-0.,-1.));
#12408 = ORIENTED_EDGE('',*,*,#12409,.F.);
#12409 = EDGE_CURVE('',#12370,#12402,#12410,.T.);
#12410 = CIRCLE('',#12411,0.318);
#12411 = AXIS2_PLACEMENT_3D('',#12412,#12413,#12414);
#12412 = CARTESIAN_POINT('',(-2.788,0.333936173136,0.838));
#12413 = DIRECTION('',(0.,0.,1.));
#12414 = DIRECTION('',(-1.,0.,0.));
#12415 = ORIENTED_EDGE('',*,*,#12369,.T.);
#12416 = CYLINDRICAL_SURFACE('',#12417,0.318);
#12417 = AXIS2_PLACEMENT_3D('',#12418,#12419,#12420);
#12418 = CARTESIAN_POINT('',(-2.788,0.333936173136,0.838));
#12419 = DIRECTION('',(-0.,-0.,-1.));
#12420 = DIRECTION('',(-1.,0.,0.));
#12421 = ADVANCED_FACE('',(#12422),#12447,.F.);
#12422 = FACE_BOUND('',#12423,.T.);
#12423 = EDGE_LOOP('',(#12424,#12432,#12440,#12446));
#12424 = ORIENTED_EDGE('',*,*,#12425,.T.);
#12425 = EDGE_CURVE('',#12393,#12426,#12428,.T.);
#12426 = VERTEX_POINT('',#12427);
#12427 = CARTESIAN_POINT('',(-2.47,0.841,0.432));
#12428 = LINE('',#12429,#12430);
#12429 = CARTESIAN_POINT('',(-2.47,0.841,0.432));
#12430 = VECTOR('',#12431,1.);
#12431 = DIRECTION('',(-8.552786572769E-16,1.,-0.));
#12432 = ORIENTED_EDGE('',*,*,#12433,.F.);
#12433 = EDGE_CURVE('',#12434,#12426,#12436,.T.);
#12434 = VERTEX_POINT('',#12435);
#12435 = CARTESIAN_POINT('',(-2.47,0.841,0.838));
#12436 = LINE('',#12437,#12438);
#12437 = CARTESIAN_POINT('',(-2.47,0.841,0.838));
#12438 = VECTOR('',#12439,1.);
#12439 = DIRECTION('',(-0.,-0.,-1.));
#12440 = ORIENTED_EDGE('',*,*,#12441,.F.);
#12441 = EDGE_CURVE('',#12402,#12434,#12442,.T.);
#12442 = LINE('',#12443,#12444);
#12443 = CARTESIAN_POINT('',(-2.47,0.841,0.838));
#12444 = VECTOR('',#12445,1.);
#12445 = DIRECTION('',(-8.552786572769E-16,1.,-0.));
#12446 = ORIENTED_EDGE('',*,*,#12401,.T.);
#12447 = PLANE('',#12448);
#12448 = AXIS2_PLACEMENT_3D('',#12449,#12450,#12451);
#12449 = CARTESIAN_POINT('',(-2.47,0.841,0.838));
#12450 = DIRECTION('',(-1.,-8.552786572769E-16,0.));
#12451 = DIRECTION('',(8.552786572769E-16,-1.,0.));
#12452 = ADVANCED_FACE('',(#12453),#12480,.F.);
#12453 = FACE_BOUND('',#12454,.F.);
#12454 = EDGE_LOOP('',(#12455,#12456,#12465,#12473));
#12455 = ORIENTED_EDGE('',*,*,#12433,.F.);
#12456 = ORIENTED_EDGE('',*,*,#12457,.T.);
#12457 = EDGE_CURVE('',#12434,#12458,#12460,.T.);
#12458 = VERTEX_POINT('',#12459);
#12459 = CARTESIAN_POINT('',(-2.37,0.941,0.838));
#12460 = CIRCLE('',#12461,1.E-01);
#12461 = AXIS2_PLACEMENT_3D('',#12462,#12463,#12464);
#12462 = CARTESIAN_POINT('',(-2.37,0.841,0.838));
#12463 = DIRECTION('',(0.,0.,-1.));
#12464 = DIRECTION('',(1.,0.,0.));
#12465 = ORIENTED_EDGE('',*,*,#12466,.T.);
#12466 = EDGE_CURVE('',#12458,#12467,#12469,.T.);
#12467 = VERTEX_POINT('',#12468);
#12468 = CARTESIAN_POINT('',(-2.37,0.941,0.432));
#12469 = LINE('',#12470,#12471);
#12470 = CARTESIAN_POINT('',(-2.37,0.941,0.838));
#12471 = VECTOR('',#12472,1.);
#12472 = DIRECTION('',(-0.,-0.,-1.));
#12473 = ORIENTED_EDGE('',*,*,#12474,.F.);
#12474 = EDGE_CURVE('',#12426,#12467,#12475,.T.);
#12475 = CIRCLE('',#12476,1.E-01);
#12476 = AXIS2_PLACEMENT_3D('',#12477,#12478,#12479);
#12477 = CARTESIAN_POINT('',(-2.37,0.841,0.432));
#12478 = DIRECTION('',(0.,0.,-1.));
#12479 = DIRECTION('',(1.,0.,0.));
#12480 = CYLINDRICAL_SURFACE('',#12481,1.E-01);
#12481 = AXIS2_PLACEMENT_3D('',#12482,#12483,#12484);
#12482 = CARTESIAN_POINT('',(-2.37,0.841,0.838));
#12483 = DIRECTION('',(-0.,-0.,-1.));
#12484 = DIRECTION('',(-1.,0.,0.));
#12485 = ADVANCED_FACE('',(#12486),#12502,.F.);
#12486 = FACE_BOUND('',#12487,.T.);
#12487 = EDGE_LOOP('',(#12488,#12494,#12495,#12501));
#12488 = ORIENTED_EDGE('',*,*,#12489,.T.);
#12489 = EDGE_CURVE('',#12467,#12132,#12490,.T.);
#12490 = LINE('',#12491,#12492);
#12491 = CARTESIAN_POINT('',(-1.95,0.941,0.432));
#12492 = VECTOR('',#12493,1.);
#12493 = DIRECTION('',(1.,2.581433744013E-16,-0.));
#12494 = ORIENTED_EDGE('',*,*,#12157,.F.);
#12495 = ORIENTED_EDGE('',*,*,#12496,.F.);
#12496 = EDGE_CURVE('',#12458,#12150,#12497,.T.);
#12497 = LINE('',#12498,#12499);
#12498 = CARTESIAN_POINT('',(-1.95,0.941,0.838));
#12499 = VECTOR('',#12500,1.);
#12500 = DIRECTION('',(1.,2.581433744013E-16,-0.));
#12501 = ORIENTED_EDGE('',*,*,#12466,.T.);
#12502 = PLANE('',#12503);
#12503 = AXIS2_PLACEMENT_3D('',#12504,#12505,#12506);
#12504 = CARTESIAN_POINT('',(-1.95,0.941,0.838));
#12505 = DIRECTION('',(-2.581433744013E-16,1.,0.));
#12506 = DIRECTION('',(-1.,-2.581433744013E-16,0.));
#12507 = ADVANCED_FACE('',(#12508),#12522,.T.);
#12508 = FACE_BOUND('',#12509,.T.);
#12509 = EDGE_LOOP('',(#12510,#12511,#12512,#12513,#12514,#12515,#12516,
    #12517,#12518,#12519,#12520,#12521));
#12510 = ORIENTED_EDGE('',*,*,#12149,.T.);
#12511 = ORIENTED_EDGE('',*,*,#12187,.T.);
#12512 = ORIENTED_EDGE('',*,*,#12219,.T.);
#12513 = ORIENTED_EDGE('',*,*,#12251,.T.);
#12514 = ORIENTED_EDGE('',*,*,#12267,.T.);
#12515 = ORIENTED_EDGE('',*,*,#12315,.T.);
#12516 = ORIENTED_EDGE('',*,*,#12346,.T.);
#12517 = ORIENTED_EDGE('',*,*,#12377,.T.);
#12518 = ORIENTED_EDGE('',*,*,#12409,.T.);
#12519 = ORIENTED_EDGE('',*,*,#12441,.T.);
#12520 = ORIENTED_EDGE('',*,*,#12457,.T.);
#12521 = ORIENTED_EDGE('',*,*,#12496,.T.);
#12522 = PLANE('',#12523);
#12523 = AXIS2_PLACEMENT_3D('',#12524,#12525,#12526);
#12524 = CARTESIAN_POINT('',(-2.37,0.841,0.838));
#12525 = DIRECTION('',(0.,0.,1.));
#12526 = DIRECTION('',(1.,0.,-0.));
#12527 = ADVANCED_FACE('',(#12528),#12542,.F.);
#12528 = FACE_BOUND('',#12529,.T.);
#12529 = EDGE_LOOP('',(#12530,#12531,#12532,#12533,#12534,#12535,#12536,
    #12537,#12538,#12539,#12540,#12541));
#12530 = ORIENTED_EDGE('',*,*,#12131,.F.);
#12531 = ORIENTED_EDGE('',*,*,#12489,.F.);
#12532 = ORIENTED_EDGE('',*,*,#12474,.F.);
#12533 = ORIENTED_EDGE('',*,*,#12425,.F.);
#12534 = ORIENTED_EDGE('',*,*,#12392,.F.);
#12535 = ORIENTED_EDGE('',*,*,#12361,.F.);
#12536 = ORIENTED_EDGE('',*,*,#12330,.F.);
#12537 = ORIENTED_EDGE('',*,*,#12299,.F.);
#12538 = ORIENTED_EDGE('',*,*,#12284,.F.);
#12539 = ORIENTED_EDGE('',*,*,#12235,.F.);
#12540 = ORIENTED_EDGE('',*,*,#12202,.F.);
#12541 = ORIENTED_EDGE('',*,*,#12171,.F.);
#12542 = PLANE('',#12543);
#12543 = AXIS2_PLACEMENT_3D('',#12544,#12545,#12546);
#12544 = CARTESIAN_POINT('',(-2.37,0.841,0.432));
#12545 = DIRECTION('',(0.,0.,1.));
#12546 = DIRECTION('',(1.,0.,-0.));
#12547 = MANIFOLD_SOLID_BREP('',#12548);
#12548 = CLOSED_SHELL('',(#12549,#12589,#12620,#12653,#12684,#12717,
    #12748,#12779,#12810,#12843,#12874,#12907,#12929,#12949));
#12549 = ADVANCED_FACE('',(#12550),#12584,.F.);
#12550 = FACE_BOUND('',#12551,.T.);
#12551 = EDGE_LOOP('',(#12552,#12562,#12570,#12578));
#12552 = ORIENTED_EDGE('',*,*,#12553,.T.);
#12553 = EDGE_CURVE('',#12554,#12556,#12558,.T.);
#12554 = VERTEX_POINT('',#12555);
#12555 = CARTESIAN_POINT('',(-1.95,0.941,1.702));
#12556 = VERTEX_POINT('',#12557);
#12557 = CARTESIAN_POINT('',(-1.95,1.159,1.702));
#12558 = LINE('',#12559,#12560);
#12559 = CARTESIAN_POINT('',(-1.95,1.159,1.702));
#12560 = VECTOR('',#12561,1.);
#12561 = DIRECTION('',(-0.,1.,-0.));
#12562 = ORIENTED_EDGE('',*,*,#12563,.F.);
#12563 = EDGE_CURVE('',#12564,#12556,#12566,.T.);
#12564 = VERTEX_POINT('',#12565);
#12565 = CARTESIAN_POINT('',(-1.95,1.159,2.108));
#12566 = LINE('',#12567,#12568);
#12567 = CARTESIAN_POINT('',(-1.95,1.159,2.108));
#12568 = VECTOR('',#12569,1.);
#12569 = DIRECTION('',(-0.,-0.,-1.));
#12570 = ORIENTED_EDGE('',*,*,#12571,.F.);
#12571 = EDGE_CURVE('',#12572,#12564,#12574,.T.);
#12572 = VERTEX_POINT('',#12573);
#12573 = CARTESIAN_POINT('',(-1.95,0.941,2.108));
#12574 = LINE('',#12575,#12576);
#12575 = CARTESIAN_POINT('',(-1.95,1.159,2.108));
#12576 = VECTOR('',#12577,1.);
#12577 = DIRECTION('',(-0.,1.,-0.));
#12578 = ORIENTED_EDGE('',*,*,#12579,.T.);
#12579 = EDGE_CURVE('',#12572,#12554,#12580,.T.);
#12580 = LINE('',#12581,#12582);
#12581 = CARTESIAN_POINT('',(-1.95,0.941,2.108));
#12582 = VECTOR('',#12583,1.);
#12583 = DIRECTION('',(-0.,-0.,-1.));
#12584 = PLANE('',#12585);
#12585 = AXIS2_PLACEMENT_3D('',#12586,#12587,#12588);
#12586 = CARTESIAN_POINT('',(-1.95,1.159,2.108));
#12587 = DIRECTION('',(-1.,0.,0.));
#12588 = DIRECTION('',(0.,0.,1.));
#12589 = ADVANCED_FACE('',(#12590),#12615,.F.);
#12590 = FACE_BOUND('',#12591,.T.);
#12591 = EDGE_LOOP('',(#12592,#12600,#12608,#12614));
#12592 = ORIENTED_EDGE('',*,*,#12593,.T.);
#12593 = EDGE_CURVE('',#12556,#12594,#12596,.T.);
#12594 = VERTEX_POINT('',#12595);
#12595 = CARTESIAN_POINT('',(-2.37,1.159,1.702));
#12596 = LINE('',#12597,#12598);
#12597 = CARTESIAN_POINT('',(-1.95,1.159,1.702));
#12598 = VECTOR('',#12599,1.);
#12599 = DIRECTION('',(-1.,0.,0.));
#12600 = ORIENTED_EDGE('',*,*,#12601,.F.);
#12601 = EDGE_CURVE('',#12602,#12594,#12604,.T.);
#12602 = VERTEX_POINT('',#12603);
#12603 = CARTESIAN_POINT('',(-2.37,1.159,2.108));
#12604 = LINE('',#12605,#12606);
#12605 = CARTESIAN_POINT('',(-2.37,1.159,2.108));
#12606 = VECTOR('',#12607,1.);
#12607 = DIRECTION('',(-0.,-0.,-1.));
#12608 = ORIENTED_EDGE('',*,*,#12609,.F.);
#12609 = EDGE_CURVE('',#12564,#12602,#12610,.T.);
#12610 = LINE('',#12611,#12612);
#12611 = CARTESIAN_POINT('',(-1.95,1.159,2.108));
#12612 = VECTOR('',#12613,1.);
#12613 = DIRECTION('',(-1.,0.,0.));
#12614 = ORIENTED_EDGE('',*,*,#12563,.T.);
#12615 = PLANE('',#12616);
#12616 = AXIS2_PLACEMENT_3D('',#12617,#12618,#12619);
#12617 = CARTESIAN_POINT('',(-1.95,1.159,2.108));
#12618 = DIRECTION('',(0.,-1.,0.));
#12619 = DIRECTION('',(0.,-0.,-1.));
#12620 = ADVANCED_FACE('',(#12621),#12648,.T.);
#12621 = FACE_BOUND('',#12622,.T.);
#12622 = EDGE_LOOP('',(#12623,#12632,#12640,#12647));
#12623 = ORIENTED_EDGE('',*,*,#12624,.T.);
#12624 = EDGE_CURVE('',#12594,#12625,#12627,.T.);
#12625 = VERTEX_POINT('',#12626);
#12626 = CARTESIAN_POINT('',(-2.688,0.841,1.702));
#12627 = CIRCLE('',#12628,0.318);
#12628 = AXIS2_PLACEMENT_3D('',#12629,#12630,#12631);
#12629 = CARTESIAN_POINT('',(-2.37,0.841,1.702));
#12630 = DIRECTION('',(0.,0.,1.));
#12631 = DIRECTION('',(1.,0.,-0.));
#12632 = ORIENTED_EDGE('',*,*,#12633,.F.);
#12633 = EDGE_CURVE('',#12634,#12625,#12636,.T.);
#12634 = VERTEX_POINT('',#12635);
#12635 = CARTESIAN_POINT('',(-2.688,0.841,2.108));
#12636 = LINE('',#12637,#12638);
#12637 = CARTESIAN_POINT('',(-2.688,0.841,2.108));
#12638 = VECTOR('',#12639,1.);
#12639 = DIRECTION('',(-0.,-0.,-1.));
#12640 = ORIENTED_EDGE('',*,*,#12641,.F.);
#12641 = EDGE_CURVE('',#12602,#12634,#12642,.T.);
#12642 = CIRCLE('',#12643,0.318);
#12643 = AXIS2_PLACEMENT_3D('',#12644,#12645,#12646);
#12644 = CARTESIAN_POINT('',(-2.37,0.841,2.108));
#12645 = DIRECTION('',(0.,0.,1.));
#12646 = DIRECTION('',(1.,0.,-0.));
#12647 = ORIENTED_EDGE('',*,*,#12601,.T.);
#12648 = CYLINDRICAL_SURFACE('',#12649,0.318);
#12649 = AXIS2_PLACEMENT_3D('',#12650,#12651,#12652);
#12650 = CARTESIAN_POINT('',(-2.37,0.841,2.108));
#12651 = DIRECTION('',(-0.,-0.,-1.));
#12652 = DIRECTION('',(-1.,0.,0.));
#12653 = ADVANCED_FACE('',(#12654),#12679,.F.);
#12654 = FACE_BOUND('',#12655,.T.);
#12655 = EDGE_LOOP('',(#12656,#12664,#12672,#12678));
#12656 = ORIENTED_EDGE('',*,*,#12657,.T.);
#12657 = EDGE_CURVE('',#12625,#12658,#12660,.T.);
#12658 = VERTEX_POINT('',#12659);
#12659 = CARTESIAN_POINT('',(-2.688,0.333936173136,1.702));
#12660 = LINE('',#12661,#12662);
#12661 = CARTESIAN_POINT('',(-2.688,0.841,1.702));
#12662 = VECTOR('',#12663,1.);
#12663 = DIRECTION('',(-8.552786572769E-16,-1.,0.));
#12664 = ORIENTED_EDGE('',*,*,#12665,.F.);
#12665 = EDGE_CURVE('',#12666,#12658,#12668,.T.);
#12666 = VERTEX_POINT('',#12667);
#12667 = CARTESIAN_POINT('',(-2.688,0.333936173136,2.108));
#12668 = LINE('',#12669,#12670);
#12669 = CARTESIAN_POINT('',(-2.688,0.333936173136,2.108));
#12670 = VECTOR('',#12671,1.);
#12671 = DIRECTION('',(-0.,-0.,-1.));
#12672 = ORIENTED_EDGE('',*,*,#12673,.F.);
#12673 = EDGE_CURVE('',#12634,#12666,#12674,.T.);
#12674 = LINE('',#12675,#12676);
#12675 = CARTESIAN_POINT('',(-2.688,0.841,2.108));
#12676 = VECTOR('',#12677,1.);
#12677 = DIRECTION('',(-8.552786572769E-16,-1.,0.));
#12678 = ORIENTED_EDGE('',*,*,#12633,.T.);
#12679 = PLANE('',#12680);
#12680 = AXIS2_PLACEMENT_3D('',#12681,#12682,#12683);
#12681 = CARTESIAN_POINT('',(-2.688,0.841,2.108));
#12682 = DIRECTION('',(1.,-8.552786572769E-16,0.));
#12683 = DIRECTION('',(8.552786572769E-16,1.,0.));
#12684 = ADVANCED_FACE('',(#12685),#12712,.F.);
#12685 = FACE_BOUND('',#12686,.F.);
#12686 = EDGE_LOOP('',(#12687,#12688,#12697,#12705));
#12687 = ORIENTED_EDGE('',*,*,#12665,.F.);
#12688 = ORIENTED_EDGE('',*,*,#12689,.T.);
#12689 = EDGE_CURVE('',#12666,#12690,#12692,.T.);
#12690 = VERTEX_POINT('',#12691);
#12691 = CARTESIAN_POINT('',(-2.781024352626,0.23417976811,2.108));
#12692 = CIRCLE('',#12693,1.E-01);
#12693 = AXIS2_PLACEMENT_3D('',#12694,#12695,#12696);
#12694 = CARTESIAN_POINT('',(-2.788,0.333936173136,2.108));
#12695 = DIRECTION('',(-0.,0.,-1.));
#12696 = DIRECTION('',(-1.,0.,0.));
#12697 = ORIENTED_EDGE('',*,*,#12698,.T.);
#12698 = EDGE_CURVE('',#12690,#12699,#12701,.T.);
#12699 = VERTEX_POINT('',#12700);
#12700 = CARTESIAN_POINT('',(-2.781024352626,0.23417976811,1.702));
#12701 = LINE('',#12702,#12703);
#12702 = CARTESIAN_POINT('',(-2.781024352626,0.23417976811,2.108));
#12703 = VECTOR('',#12704,1.);
#12704 = DIRECTION('',(-0.,-0.,-1.));
#12705 = ORIENTED_EDGE('',*,*,#12706,.F.);
#12706 = EDGE_CURVE('',#12658,#12699,#12707,.T.);
#12707 = CIRCLE('',#12708,1.E-01);
#12708 = AXIS2_PLACEMENT_3D('',#12709,#12710,#12711);
#12709 = CARTESIAN_POINT('',(-2.788,0.333936173136,1.702));
#12710 = DIRECTION('',(-0.,0.,-1.));
#12711 = DIRECTION('',(-1.,0.,0.));
#12712 = CYLINDRICAL_SURFACE('',#12713,1.E-01);
#12713 = AXIS2_PLACEMENT_3D('',#12714,#12715,#12716);
#12714 = CARTESIAN_POINT('',(-2.788,0.333936173136,2.108));
#12715 = DIRECTION('',(-0.,-0.,-1.));
#12716 = DIRECTION('',(-1.,0.,0.));
#12717 = ADVANCED_FACE('',(#12718),#12743,.F.);
#12718 = FACE_BOUND('',#12719,.T.);
#12719 = EDGE_LOOP('',(#12720,#12728,#12736,#12742));
#12720 = ORIENTED_EDGE('',*,*,#12721,.T.);
#12721 = EDGE_CURVE('',#12699,#12722,#12724,.T.);
#12722 = VERTEX_POINT('',#12723);
#12723 = CARTESIAN_POINT('',(-3.02,0.217468962957,1.702));
#12724 = LINE('',#12725,#12726);
#12725 = CARTESIAN_POINT('',(-2.781024352626,0.23417976811,1.702));
#12726 = VECTOR('',#12727,1.);
#12727 = DIRECTION('',(-0.99756405026,-6.975647374412E-02,0.));
#12728 = ORIENTED_EDGE('',*,*,#12729,.F.);
#12729 = EDGE_CURVE('',#12730,#12722,#12732,.T.);
#12730 = VERTEX_POINT('',#12731);
#12731 = CARTESIAN_POINT('',(-3.02,0.217468962957,2.108));
#12732 = LINE('',#12733,#12734);
#12733 = CARTESIAN_POINT('',(-3.02,0.217468962957,2.108));
#12734 = VECTOR('',#12735,1.);
#12735 = DIRECTION('',(-0.,-0.,-1.));
#12736 = ORIENTED_EDGE('',*,*,#12737,.F.);
#12737 = EDGE_CURVE('',#12690,#12730,#12738,.T.);
#12738 = LINE('',#12739,#12740);
#12739 = CARTESIAN_POINT('',(-2.781024352626,0.23417976811,2.108));
#12740 = VECTOR('',#12741,1.);
#12741 = DIRECTION('',(-0.99756405026,-6.975647374412E-02,0.));
#12742 = ORIENTED_EDGE('',*,*,#12698,.T.);
#12743 = PLANE('',#12744);
#12744 = AXIS2_PLACEMENT_3D('',#12745,#12746,#12747);
#12745 = CARTESIAN_POINT('',(-2.781024352626,0.23417976811,2.108));
#12746 = DIRECTION('',(6.975647374412E-02,-0.99756405026,0.));
#12747 = DIRECTION('',(0.99756405026,6.975647374412E-02,0.));
#12748 = ADVANCED_FACE('',(#12749),#12774,.F.);
#12749 = FACE_BOUND('',#12750,.T.);
#12750 = EDGE_LOOP('',(#12751,#12759,#12767,#12773));
#12751 = ORIENTED_EDGE('',*,*,#12752,.T.);
#12752 = EDGE_CURVE('',#12722,#12753,#12755,.T.);
#12753 = VERTEX_POINT('',#12754);
#12754 = CARTESIAN_POINT('',(-3.004793088724,-6.776263578034E-18,1.702)
  );
#12755 = LINE('',#12756,#12757);
#12756 = CARTESIAN_POINT('',(-3.02,0.217468962957,1.702));
#12757 = VECTOR('',#12758,1.);
#12758 = DIRECTION('',(6.975647374412E-02,-0.99756405026,0.));
#12759 = ORIENTED_EDGE('',*,*,#12760,.F.);
#12760 = EDGE_CURVE('',#12761,#12753,#12763,.T.);
#12761 = VERTEX_POINT('',#12762);
#12762 = CARTESIAN_POINT('',(-3.004793088724,-6.776263578034E-18,2.108)
  );
#12763 = LINE('',#12764,#12765);
#12764 = CARTESIAN_POINT('',(-3.004793088724,-6.776263578034E-18,2.108)
  );
#12765 = VECTOR('',#12766,1.);
#12766 = DIRECTION('',(-0.,-0.,-1.));
#12767 = ORIENTED_EDGE('',*,*,#12768,.F.);
#12768 = EDGE_CURVE('',#12730,#12761,#12769,.T.);
#12769 = LINE('',#12770,#12771);
#12770 = CARTESIAN_POINT('',(-3.02,0.217468962957,2.108));
#12771 = VECTOR('',#12772,1.);
#12772 = DIRECTION('',(6.975647374412E-02,-0.99756405026,0.));
#12773 = ORIENTED_EDGE('',*,*,#12729,.T.);
#12774 = PLANE('',#12775);
#12775 = AXIS2_PLACEMENT_3D('',#12776,#12777,#12778);
#12776 = CARTESIAN_POINT('',(-3.02,0.217468962957,2.108));
#12777 = DIRECTION('',(0.99756405026,6.975647374412E-02,-0.));
#12778 = DIRECTION('',(-6.975647374412E-02,0.99756405026,0.));
#12779 = ADVANCED_FACE('',(#12780),#12805,.F.);
#12780 = FACE_BOUND('',#12781,.T.);
#12781 = EDGE_LOOP('',(#12782,#12790,#12798,#12804));
#12782 = ORIENTED_EDGE('',*,*,#12783,.T.);
#12783 = EDGE_CURVE('',#12753,#12784,#12786,.T.);
#12784 = VERTEX_POINT('',#12785);
#12785 = CARTESIAN_POINT('',(-2.765817441349,1.671080515303E-02,1.702));
#12786 = LINE('',#12787,#12788);
#12787 = CARTESIAN_POINT('',(-2.765817441349,1.671080515303E-02,1.702));
#12788 = VECTOR('',#12789,1.);
#12789 = DIRECTION('',(0.99756405026,6.975647374412E-02,-0.));
#12790 = ORIENTED_EDGE('',*,*,#12791,.F.);
#12791 = EDGE_CURVE('',#12792,#12784,#12794,.T.);
#12792 = VERTEX_POINT('',#12793);
#12793 = CARTESIAN_POINT('',(-2.765817441349,1.671080515303E-02,2.108));
#12794 = LINE('',#12795,#12796);
#12795 = CARTESIAN_POINT('',(-2.765817441349,1.671080515303E-02,2.108));
#12796 = VECTOR('',#12797,1.);
#12797 = DIRECTION('',(-0.,-0.,-1.));
#12798 = ORIENTED_EDGE('',*,*,#12799,.F.);
#12799 = EDGE_CURVE('',#12761,#12792,#12800,.T.);
#12800 = LINE('',#12801,#12802);
#12801 = CARTESIAN_POINT('',(-2.765817441349,1.671080515303E-02,2.108));
#12802 = VECTOR('',#12803,1.);
#12803 = DIRECTION('',(0.99756405026,6.975647374412E-02,-0.));
#12804 = ORIENTED_EDGE('',*,*,#12760,.T.);
#12805 = PLANE('',#12806);
#12806 = AXIS2_PLACEMENT_3D('',#12807,#12808,#12809);
#12807 = CARTESIAN_POINT('',(-2.765817441349,1.671080515303E-02,2.108));
#12808 = DIRECTION('',(-6.975647374412E-02,0.99756405026,0.));
#12809 = DIRECTION('',(-0.99756405026,-6.975647374412E-02,0.));
#12810 = ADVANCED_FACE('',(#12811),#12838,.T.);
#12811 = FACE_BOUND('',#12812,.T.);
#12812 = EDGE_LOOP('',(#12813,#12822,#12830,#12837));
#12813 = ORIENTED_EDGE('',*,*,#12814,.T.);
#12814 = EDGE_CURVE('',#12784,#12815,#12817,.T.);
#12815 = VERTEX_POINT('',#12816);
#12816 = CARTESIAN_POINT('',(-2.47,0.333936173136,1.702));
#12817 = CIRCLE('',#12818,0.318);
#12818 = AXIS2_PLACEMENT_3D('',#12819,#12820,#12821);
#12819 = CARTESIAN_POINT('',(-2.788,0.333936173136,1.702));
#12820 = DIRECTION('',(0.,0.,1.));
#12821 = DIRECTION('',(-1.,0.,0.));
#12822 = ORIENTED_EDGE('',*,*,#12823,.F.);
#12823 = EDGE_CURVE('',#12824,#12815,#12826,.T.);
#12824 = VERTEX_POINT('',#12825);
#12825 = CARTESIAN_POINT('',(-2.47,0.333936173136,2.108));
#12826 = LINE('',#12827,#12828);
#12827 = CARTESIAN_POINT('',(-2.47,0.333936173136,2.108));
#12828 = VECTOR('',#12829,1.);
#12829 = DIRECTION('',(-0.,-0.,-1.));
#12830 = ORIENTED_EDGE('',*,*,#12831,.F.);
#12831 = EDGE_CURVE('',#12792,#12824,#12832,.T.);
#12832 = CIRCLE('',#12833,0.318);
#12833 = AXIS2_PLACEMENT_3D('',#12834,#12835,#12836);
#12834 = CARTESIAN_POINT('',(-2.788,0.333936173136,2.108));
#12835 = DIRECTION('',(0.,0.,1.));
#12836 = DIRECTION('',(-1.,0.,0.));
#12837 = ORIENTED_EDGE('',*,*,#12791,.T.);
#12838 = CYLINDRICAL_SURFACE('',#12839,0.318);
#12839 = AXIS2_PLACEMENT_3D('',#12840,#12841,#12842);
#12840 = CARTESIAN_POINT('',(-2.788,0.333936173136,2.108));
#12841 = DIRECTION('',(-0.,-0.,-1.));
#12842 = DIRECTION('',(-1.,0.,0.));
#12843 = ADVANCED_FACE('',(#12844),#12869,.F.);
#12844 = FACE_BOUND('',#12845,.T.);
#12845 = EDGE_LOOP('',(#12846,#12854,#12862,#12868));
#12846 = ORIENTED_EDGE('',*,*,#12847,.T.);
#12847 = EDGE_CURVE('',#12815,#12848,#12850,.T.);
#12848 = VERTEX_POINT('',#12849);
#12849 = CARTESIAN_POINT('',(-2.47,0.841,1.702));
#12850 = LINE('',#12851,#12852);
#12851 = CARTESIAN_POINT('',(-2.47,0.841,1.702));
#12852 = VECTOR('',#12853,1.);
#12853 = DIRECTION('',(-8.552786572769E-16,1.,-0.));
#12854 = ORIENTED_EDGE('',*,*,#12855,.F.);
#12855 = EDGE_CURVE('',#12856,#12848,#12858,.T.);
#12856 = VERTEX_POINT('',#12857);
#12857 = CARTESIAN_POINT('',(-2.47,0.841,2.108));
#12858 = LINE('',#12859,#12860);
#12859 = CARTESIAN_POINT('',(-2.47,0.841,2.108));
#12860 = VECTOR('',#12861,1.);
#12861 = DIRECTION('',(-0.,-0.,-1.));
#12862 = ORIENTED_EDGE('',*,*,#12863,.F.);
#12863 = EDGE_CURVE('',#12824,#12856,#12864,.T.);
#12864 = LINE('',#12865,#12866);
#12865 = CARTESIAN_POINT('',(-2.47,0.841,2.108));
#12866 = VECTOR('',#12867,1.);
#12867 = DIRECTION('',(-8.552786572769E-16,1.,-0.));
#12868 = ORIENTED_EDGE('',*,*,#12823,.T.);
#12869 = PLANE('',#12870);
#12870 = AXIS2_PLACEMENT_3D('',#12871,#12872,#12873);
#12871 = CARTESIAN_POINT('',(-2.47,0.841,2.108));
#12872 = DIRECTION('',(-1.,-8.552786572769E-16,0.));
#12873 = DIRECTION('',(8.552786572769E-16,-1.,0.));
#12874 = ADVANCED_FACE('',(#12875),#12902,.F.);
#12875 = FACE_BOUND('',#12876,.F.);
#12876 = EDGE_LOOP('',(#12877,#12878,#12887,#12895));
#12877 = ORIENTED_EDGE('',*,*,#12855,.F.);
#12878 = ORIENTED_EDGE('',*,*,#12879,.T.);
#12879 = EDGE_CURVE('',#12856,#12880,#12882,.T.);
#12880 = VERTEX_POINT('',#12881);
#12881 = CARTESIAN_POINT('',(-2.37,0.941,2.108));
#12882 = CIRCLE('',#12883,1.E-01);
#12883 = AXIS2_PLACEMENT_3D('',#12884,#12885,#12886);
#12884 = CARTESIAN_POINT('',(-2.37,0.841,2.108));
#12885 = DIRECTION('',(0.,0.,-1.));
#12886 = DIRECTION('',(1.,0.,0.));
#12887 = ORIENTED_EDGE('',*,*,#12888,.T.);
#12888 = EDGE_CURVE('',#12880,#12889,#12891,.T.);
#12889 = VERTEX_POINT('',#12890);
#12890 = CARTESIAN_POINT('',(-2.37,0.941,1.702));
#12891 = LINE('',#12892,#12893);
#12892 = CARTESIAN_POINT('',(-2.37,0.941,2.108));
#12893 = VECTOR('',#12894,1.);
#12894 = DIRECTION('',(-0.,-0.,-1.));
#12895 = ORIENTED_EDGE('',*,*,#12896,.F.);
#12896 = EDGE_CURVE('',#12848,#12889,#12897,.T.);
#12897 = CIRCLE('',#12898,1.E-01);
#12898 = AXIS2_PLACEMENT_3D('',#12899,#12900,#12901);
#12899 = CARTESIAN_POINT('',(-2.37,0.841,1.702));
#12900 = DIRECTION('',(0.,0.,-1.));
#12901 = DIRECTION('',(1.,0.,0.));
#12902 = CYLINDRICAL_SURFACE('',#12903,1.E-01);
#12903 = AXIS2_PLACEMENT_3D('',#12904,#12905,#12906);
#12904 = CARTESIAN_POINT('',(-2.37,0.841,2.108));
#12905 = DIRECTION('',(-0.,-0.,-1.));
#12906 = DIRECTION('',(-1.,0.,0.));
#12907 = ADVANCED_FACE('',(#12908),#12924,.F.);
#12908 = FACE_BOUND('',#12909,.T.);
#12909 = EDGE_LOOP('',(#12910,#12916,#12917,#12923));
#12910 = ORIENTED_EDGE('',*,*,#12911,.T.);
#12911 = EDGE_CURVE('',#12889,#12554,#12912,.T.);
#12912 = LINE('',#12913,#12914);
#12913 = CARTESIAN_POINT('',(-1.95,0.941,1.702));
#12914 = VECTOR('',#12915,1.);
#12915 = DIRECTION('',(1.,2.581433744013E-16,-0.));
#12916 = ORIENTED_EDGE('',*,*,#12579,.F.);
#12917 = ORIENTED_EDGE('',*,*,#12918,.F.);
#12918 = EDGE_CURVE('',#12880,#12572,#12919,.T.);
#12919 = LINE('',#12920,#12921);
#12920 = CARTESIAN_POINT('',(-1.95,0.941,2.108));
#12921 = VECTOR('',#12922,1.);
#12922 = DIRECTION('',(1.,2.581433744013E-16,-0.));
#12923 = ORIENTED_EDGE('',*,*,#12888,.T.);
#12924 = PLANE('',#12925);
#12925 = AXIS2_PLACEMENT_3D('',#12926,#12927,#12928);
#12926 = CARTESIAN_POINT('',(-1.95,0.941,2.108));
#12927 = DIRECTION('',(-2.581433744013E-16,1.,0.));
#12928 = DIRECTION('',(-1.,-2.581433744013E-16,0.));
#12929 = ADVANCED_FACE('',(#12930),#12944,.T.);
#12930 = FACE_BOUND('',#12931,.T.);
#12931 = EDGE_LOOP('',(#12932,#12933,#12934,#12935,#12936,#12937,#12938,
    #12939,#12940,#12941,#12942,#12943));
#12932 = ORIENTED_EDGE('',*,*,#12571,.T.);
#12933 = ORIENTED_EDGE('',*,*,#12609,.T.);
#12934 = ORIENTED_EDGE('',*,*,#12641,.T.);
#12935 = ORIENTED_EDGE('',*,*,#12673,.T.);
#12936 = ORIENTED_EDGE('',*,*,#12689,.T.);
#12937 = ORIENTED_EDGE('',*,*,#12737,.T.);
#12938 = ORIENTED_EDGE('',*,*,#12768,.T.);
#12939 = ORIENTED_EDGE('',*,*,#12799,.T.);
#12940 = ORIENTED_EDGE('',*,*,#12831,.T.);
#12941 = ORIENTED_EDGE('',*,*,#12863,.T.);
#12942 = ORIENTED_EDGE('',*,*,#12879,.T.);
#12943 = ORIENTED_EDGE('',*,*,#12918,.T.);
#12944 = PLANE('',#12945);
#12945 = AXIS2_PLACEMENT_3D('',#12946,#12947,#12948);
#12946 = CARTESIAN_POINT('',(-2.37,0.841,2.108));
#12947 = DIRECTION('',(0.,0.,1.));
#12948 = DIRECTION('',(1.,0.,-0.));
#12949 = ADVANCED_FACE('',(#12950),#12964,.F.);
#12950 = FACE_BOUND('',#12951,.T.);
#12951 = EDGE_LOOP('',(#12952,#12953,#12954,#12955,#12956,#12957,#12958,
    #12959,#12960,#12961,#12962,#12963));
#12952 = ORIENTED_EDGE('',*,*,#12553,.F.);
#12953 = ORIENTED_EDGE('',*,*,#12911,.F.);
#12954 = ORIENTED_EDGE('',*,*,#12896,.F.);
#12955 = ORIENTED_EDGE('',*,*,#12847,.F.);
#12956 = ORIENTED_EDGE('',*,*,#12814,.F.);
#12957 = ORIENTED_EDGE('',*,*,#12783,.F.);
#12958 = ORIENTED_EDGE('',*,*,#12752,.F.);
#12959 = ORIENTED_EDGE('',*,*,#12721,.F.);
#12960 = ORIENTED_EDGE('',*,*,#12706,.F.);
#12961 = ORIENTED_EDGE('',*,*,#12657,.F.);
#12962 = ORIENTED_EDGE('',*,*,#12624,.F.);
#12963 = ORIENTED_EDGE('',*,*,#12593,.F.);
#12964 = PLANE('',#12965);
#12965 = AXIS2_PLACEMENT_3D('',#12966,#12967,#12968);
#12966 = CARTESIAN_POINT('',(-2.37,0.841,1.702));
#12967 = DIRECTION('',(0.,0.,1.));
#12968 = DIRECTION('',(1.,0.,-0.));
#12969 = MANIFOLD_SOLID_BREP('',#12970);
#12970 = CLOSED_SHELL('',(#12971,#13011,#13042,#13075,#13106,#13139,
    #13170,#13201,#13232,#13265,#13296,#13329,#13351,#13371));
#12971 = ADVANCED_FACE('',(#12972),#13006,.F.);
#12972 = FACE_BOUND('',#12973,.T.);
#12973 = EDGE_LOOP('',(#12974,#12984,#12992,#13000));
#12974 = ORIENTED_EDGE('',*,*,#12975,.T.);
#12975 = EDGE_CURVE('',#12976,#12978,#12980,.T.);
#12976 = VERTEX_POINT('',#12977);
#12977 = CARTESIAN_POINT('',(-1.95,0.941,2.972));
#12978 = VERTEX_POINT('',#12979);
#12979 = CARTESIAN_POINT('',(-1.95,1.159,2.972));
#12980 = LINE('',#12981,#12982);
#12981 = CARTESIAN_POINT('',(-1.95,1.159,2.972));
#12982 = VECTOR('',#12983,1.);
#12983 = DIRECTION('',(-0.,1.,-0.));
#12984 = ORIENTED_EDGE('',*,*,#12985,.F.);
#12985 = EDGE_CURVE('',#12986,#12978,#12988,.T.);
#12986 = VERTEX_POINT('',#12987);
#12987 = CARTESIAN_POINT('',(-1.95,1.159,3.378));
#12988 = LINE('',#12989,#12990);
#12989 = CARTESIAN_POINT('',(-1.95,1.159,3.378));
#12990 = VECTOR('',#12991,1.);
#12991 = DIRECTION('',(-0.,-0.,-1.));
#12992 = ORIENTED_EDGE('',*,*,#12993,.F.);
#12993 = EDGE_CURVE('',#12994,#12986,#12996,.T.);
#12994 = VERTEX_POINT('',#12995);
#12995 = CARTESIAN_POINT('',(-1.95,0.941,3.378));
#12996 = LINE('',#12997,#12998);
#12997 = CARTESIAN_POINT('',(-1.95,1.159,3.378));
#12998 = VECTOR('',#12999,1.);
#12999 = DIRECTION('',(-0.,1.,-0.));
#13000 = ORIENTED_EDGE('',*,*,#13001,.T.);
#13001 = EDGE_CURVE('',#12994,#12976,#13002,.T.);
#13002 = LINE('',#13003,#13004);
#13003 = CARTESIAN_POINT('',(-1.95,0.941,3.378));
#13004 = VECTOR('',#13005,1.);
#13005 = DIRECTION('',(-0.,-0.,-1.));
#13006 = PLANE('',#13007);
#13007 = AXIS2_PLACEMENT_3D('',#13008,#13009,#13010);
#13008 = CARTESIAN_POINT('',(-1.95,1.159,3.378));
#13009 = DIRECTION('',(-1.,0.,0.));
#13010 = DIRECTION('',(0.,0.,1.));
#13011 = ADVANCED_FACE('',(#13012),#13037,.F.);
#13012 = FACE_BOUND('',#13013,.T.);
#13013 = EDGE_LOOP('',(#13014,#13022,#13030,#13036));
#13014 = ORIENTED_EDGE('',*,*,#13015,.T.);
#13015 = EDGE_CURVE('',#12978,#13016,#13018,.T.);
#13016 = VERTEX_POINT('',#13017);
#13017 = CARTESIAN_POINT('',(-2.37,1.159,2.972));
#13018 = LINE('',#13019,#13020);
#13019 = CARTESIAN_POINT('',(-1.95,1.159,2.972));
#13020 = VECTOR('',#13021,1.);
#13021 = DIRECTION('',(-1.,0.,0.));
#13022 = ORIENTED_EDGE('',*,*,#13023,.F.);
#13023 = EDGE_CURVE('',#13024,#13016,#13026,.T.);
#13024 = VERTEX_POINT('',#13025);
#13025 = CARTESIAN_POINT('',(-2.37,1.159,3.378));
#13026 = LINE('',#13027,#13028);
#13027 = CARTESIAN_POINT('',(-2.37,1.159,3.378));
#13028 = VECTOR('',#13029,1.);
#13029 = DIRECTION('',(-0.,-0.,-1.));
#13030 = ORIENTED_EDGE('',*,*,#13031,.F.);
#13031 = EDGE_CURVE('',#12986,#13024,#13032,.T.);
#13032 = LINE('',#13033,#13034);
#13033 = CARTESIAN_POINT('',(-1.95,1.159,3.378));
#13034 = VECTOR('',#13035,1.);
#13035 = DIRECTION('',(-1.,0.,0.));
#13036 = ORIENTED_EDGE('',*,*,#12985,.T.);
#13037 = PLANE('',#13038);
#13038 = AXIS2_PLACEMENT_3D('',#13039,#13040,#13041);
#13039 = CARTESIAN_POINT('',(-1.95,1.159,3.378));
#13040 = DIRECTION('',(0.,-1.,0.));
#13041 = DIRECTION('',(0.,-0.,-1.));
#13042 = ADVANCED_FACE('',(#13043),#13070,.T.);
#13043 = FACE_BOUND('',#13044,.T.);
#13044 = EDGE_LOOP('',(#13045,#13054,#13062,#13069));
#13045 = ORIENTED_EDGE('',*,*,#13046,.T.);
#13046 = EDGE_CURVE('',#13016,#13047,#13049,.T.);
#13047 = VERTEX_POINT('',#13048);
#13048 = CARTESIAN_POINT('',(-2.688,0.841,2.972));
#13049 = CIRCLE('',#13050,0.318);
#13050 = AXIS2_PLACEMENT_3D('',#13051,#13052,#13053);
#13051 = CARTESIAN_POINT('',(-2.37,0.841,2.972));
#13052 = DIRECTION('',(0.,0.,1.));
#13053 = DIRECTION('',(1.,0.,-0.));
#13054 = ORIENTED_EDGE('',*,*,#13055,.F.);
#13055 = EDGE_CURVE('',#13056,#13047,#13058,.T.);
#13056 = VERTEX_POINT('',#13057);
#13057 = CARTESIAN_POINT('',(-2.688,0.841,3.378));
#13058 = LINE('',#13059,#13060);
#13059 = CARTESIAN_POINT('',(-2.688,0.841,3.378));
#13060 = VECTOR('',#13061,1.);
#13061 = DIRECTION('',(-0.,-0.,-1.));
#13062 = ORIENTED_EDGE('',*,*,#13063,.F.);
#13063 = EDGE_CURVE('',#13024,#13056,#13064,.T.);
#13064 = CIRCLE('',#13065,0.318);
#13065 = AXIS2_PLACEMENT_3D('',#13066,#13067,#13068);
#13066 = CARTESIAN_POINT('',(-2.37,0.841,3.378));
#13067 = DIRECTION('',(0.,0.,1.));
#13068 = DIRECTION('',(1.,0.,-0.));
#13069 = ORIENTED_EDGE('',*,*,#13023,.T.);
#13070 = CYLINDRICAL_SURFACE('',#13071,0.318);
#13071 = AXIS2_PLACEMENT_3D('',#13072,#13073,#13074);
#13072 = CARTESIAN_POINT('',(-2.37,0.841,3.378));
#13073 = DIRECTION('',(-0.,-0.,-1.));
#13074 = DIRECTION('',(-1.,0.,0.));
#13075 = ADVANCED_FACE('',(#13076),#13101,.F.);
#13076 = FACE_BOUND('',#13077,.T.);
#13077 = EDGE_LOOP('',(#13078,#13086,#13094,#13100));
#13078 = ORIENTED_EDGE('',*,*,#13079,.T.);
#13079 = EDGE_CURVE('',#13047,#13080,#13082,.T.);
#13080 = VERTEX_POINT('',#13081);
#13081 = CARTESIAN_POINT('',(-2.688,0.333936173136,2.972));
#13082 = LINE('',#13083,#13084);
#13083 = CARTESIAN_POINT('',(-2.688,0.841,2.972));
#13084 = VECTOR('',#13085,1.);
#13085 = DIRECTION('',(-8.552786572769E-16,-1.,0.));
#13086 = ORIENTED_EDGE('',*,*,#13087,.F.);
#13087 = EDGE_CURVE('',#13088,#13080,#13090,.T.);
#13088 = VERTEX_POINT('',#13089);
#13089 = CARTESIAN_POINT('',(-2.688,0.333936173136,3.378));
#13090 = LINE('',#13091,#13092);
#13091 = CARTESIAN_POINT('',(-2.688,0.333936173136,3.378));
#13092 = VECTOR('',#13093,1.);
#13093 = DIRECTION('',(-0.,-0.,-1.));
#13094 = ORIENTED_EDGE('',*,*,#13095,.F.);
#13095 = EDGE_CURVE('',#13056,#13088,#13096,.T.);
#13096 = LINE('',#13097,#13098);
#13097 = CARTESIAN_POINT('',(-2.688,0.841,3.378));
#13098 = VECTOR('',#13099,1.);
#13099 = DIRECTION('',(-8.552786572769E-16,-1.,0.));
#13100 = ORIENTED_EDGE('',*,*,#13055,.T.);
#13101 = PLANE('',#13102);
#13102 = AXIS2_PLACEMENT_3D('',#13103,#13104,#13105);
#13103 = CARTESIAN_POINT('',(-2.688,0.841,3.378));
#13104 = DIRECTION('',(1.,-8.552786572769E-16,0.));
#13105 = DIRECTION('',(8.552786572769E-16,1.,0.));
#13106 = ADVANCED_FACE('',(#13107),#13134,.F.);
#13107 = FACE_BOUND('',#13108,.F.);
#13108 = EDGE_LOOP('',(#13109,#13110,#13119,#13127));
#13109 = ORIENTED_EDGE('',*,*,#13087,.F.);
#13110 = ORIENTED_EDGE('',*,*,#13111,.T.);
#13111 = EDGE_CURVE('',#13088,#13112,#13114,.T.);
#13112 = VERTEX_POINT('',#13113);
#13113 = CARTESIAN_POINT('',(-2.781024352626,0.23417976811,3.378));
#13114 = CIRCLE('',#13115,1.E-01);
#13115 = AXIS2_PLACEMENT_3D('',#13116,#13117,#13118);
#13116 = CARTESIAN_POINT('',(-2.788,0.333936173136,3.378));
#13117 = DIRECTION('',(-0.,0.,-1.));
#13118 = DIRECTION('',(-1.,0.,0.));
#13119 = ORIENTED_EDGE('',*,*,#13120,.T.);
#13120 = EDGE_CURVE('',#13112,#13121,#13123,.T.);
#13121 = VERTEX_POINT('',#13122);
#13122 = CARTESIAN_POINT('',(-2.781024352626,0.23417976811,2.972));
#13123 = LINE('',#13124,#13125);
#13124 = CARTESIAN_POINT('',(-2.781024352626,0.23417976811,3.378));
#13125 = VECTOR('',#13126,1.);
#13126 = DIRECTION('',(-0.,-0.,-1.));
#13127 = ORIENTED_EDGE('',*,*,#13128,.F.);
#13128 = EDGE_CURVE('',#13080,#13121,#13129,.T.);
#13129 = CIRCLE('',#13130,1.E-01);
#13130 = AXIS2_PLACEMENT_3D('',#13131,#13132,#13133);
#13131 = CARTESIAN_POINT('',(-2.788,0.333936173136,2.972));
#13132 = DIRECTION('',(-0.,0.,-1.));
#13133 = DIRECTION('',(-1.,0.,0.));
#13134 = CYLINDRICAL_SURFACE('',#13135,1.E-01);
#13135 = AXIS2_PLACEMENT_3D('',#13136,#13137,#13138);
#13136 = CARTESIAN_POINT('',(-2.788,0.333936173136,3.378));
#13137 = DIRECTION('',(-0.,-0.,-1.));
#13138 = DIRECTION('',(-1.,0.,0.));
#13139 = ADVANCED_FACE('',(#13140),#13165,.F.);
#13140 = FACE_BOUND('',#13141,.T.);
#13141 = EDGE_LOOP('',(#13142,#13150,#13158,#13164));
#13142 = ORIENTED_EDGE('',*,*,#13143,.T.);
#13143 = EDGE_CURVE('',#13121,#13144,#13146,.T.);
#13144 = VERTEX_POINT('',#13145);
#13145 = CARTESIAN_POINT('',(-3.02,0.217468962957,2.972));
#13146 = LINE('',#13147,#13148);
#13147 = CARTESIAN_POINT('',(-2.781024352626,0.23417976811,2.972));
#13148 = VECTOR('',#13149,1.);
#13149 = DIRECTION('',(-0.99756405026,-6.975647374412E-02,0.));
#13150 = ORIENTED_EDGE('',*,*,#13151,.F.);
#13151 = EDGE_CURVE('',#13152,#13144,#13154,.T.);
#13152 = VERTEX_POINT('',#13153);
#13153 = CARTESIAN_POINT('',(-3.02,0.217468962957,3.378));
#13154 = LINE('',#13155,#13156);
#13155 = CARTESIAN_POINT('',(-3.02,0.217468962957,3.378));
#13156 = VECTOR('',#13157,1.);
#13157 = DIRECTION('',(-0.,-0.,-1.));
#13158 = ORIENTED_EDGE('',*,*,#13159,.F.);
#13159 = EDGE_CURVE('',#13112,#13152,#13160,.T.);
#13160 = LINE('',#13161,#13162);
#13161 = CARTESIAN_POINT('',(-2.781024352626,0.23417976811,3.378));
#13162 = VECTOR('',#13163,1.);
#13163 = DIRECTION('',(-0.99756405026,-6.975647374412E-02,0.));
#13164 = ORIENTED_EDGE('',*,*,#13120,.T.);
#13165 = PLANE('',#13166);
#13166 = AXIS2_PLACEMENT_3D('',#13167,#13168,#13169);
#13167 = CARTESIAN_POINT('',(-2.781024352626,0.23417976811,3.378));
#13168 = DIRECTION('',(6.975647374412E-02,-0.99756405026,0.));
#13169 = DIRECTION('',(0.99756405026,6.975647374412E-02,0.));
#13170 = ADVANCED_FACE('',(#13171),#13196,.F.);
#13171 = FACE_BOUND('',#13172,.T.);
#13172 = EDGE_LOOP('',(#13173,#13181,#13189,#13195));
#13173 = ORIENTED_EDGE('',*,*,#13174,.T.);
#13174 = EDGE_CURVE('',#13144,#13175,#13177,.T.);
#13175 = VERTEX_POINT('',#13176);
#13176 = CARTESIAN_POINT('',(-3.004793088724,-6.776263578034E-18,2.972)
  );
#13177 = LINE('',#13178,#13179);
#13178 = CARTESIAN_POINT('',(-3.02,0.217468962957,2.972));
#13179 = VECTOR('',#13180,1.);
#13180 = DIRECTION('',(6.975647374412E-02,-0.99756405026,0.));
#13181 = ORIENTED_EDGE('',*,*,#13182,.F.);
#13182 = EDGE_CURVE('',#13183,#13175,#13185,.T.);
#13183 = VERTEX_POINT('',#13184);
#13184 = CARTESIAN_POINT('',(-3.004793088724,-6.776263578034E-18,3.378)
  );
#13185 = LINE('',#13186,#13187);
#13186 = CARTESIAN_POINT('',(-3.004793088724,-6.776263578034E-18,3.378)
  );
#13187 = VECTOR('',#13188,1.);
#13188 = DIRECTION('',(-0.,-0.,-1.));
#13189 = ORIENTED_EDGE('',*,*,#13190,.F.);
#13190 = EDGE_CURVE('',#13152,#13183,#13191,.T.);
#13191 = LINE('',#13192,#13193);
#13192 = CARTESIAN_POINT('',(-3.02,0.217468962957,3.378));
#13193 = VECTOR('',#13194,1.);
#13194 = DIRECTION('',(6.975647374412E-02,-0.99756405026,0.));
#13195 = ORIENTED_EDGE('',*,*,#13151,.T.);
#13196 = PLANE('',#13197);
#13197 = AXIS2_PLACEMENT_3D('',#13198,#13199,#13200);
#13198 = CARTESIAN_POINT('',(-3.02,0.217468962957,3.378));
#13199 = DIRECTION('',(0.99756405026,6.975647374412E-02,-0.));
#13200 = DIRECTION('',(-6.975647374412E-02,0.99756405026,0.));
#13201 = ADVANCED_FACE('',(#13202),#13227,.F.);
#13202 = FACE_BOUND('',#13203,.T.);
#13203 = EDGE_LOOP('',(#13204,#13212,#13220,#13226));
#13204 = ORIENTED_EDGE('',*,*,#13205,.T.);
#13205 = EDGE_CURVE('',#13175,#13206,#13208,.T.);
#13206 = VERTEX_POINT('',#13207);
#13207 = CARTESIAN_POINT('',(-2.765817441349,1.671080515303E-02,2.972));
#13208 = LINE('',#13209,#13210);
#13209 = CARTESIAN_POINT('',(-2.765817441349,1.671080515303E-02,2.972));
#13210 = VECTOR('',#13211,1.);
#13211 = DIRECTION('',(0.99756405026,6.975647374412E-02,-0.));
#13212 = ORIENTED_EDGE('',*,*,#13213,.F.);
#13213 = EDGE_CURVE('',#13214,#13206,#13216,.T.);
#13214 = VERTEX_POINT('',#13215);
#13215 = CARTESIAN_POINT('',(-2.765817441349,1.671080515303E-02,3.378));
#13216 = LINE('',#13217,#13218);
#13217 = CARTESIAN_POINT('',(-2.765817441349,1.671080515303E-02,3.378));
#13218 = VECTOR('',#13219,1.);
#13219 = DIRECTION('',(-0.,-0.,-1.));
#13220 = ORIENTED_EDGE('',*,*,#13221,.F.);
#13221 = EDGE_CURVE('',#13183,#13214,#13222,.T.);
#13222 = LINE('',#13223,#13224);
#13223 = CARTESIAN_POINT('',(-2.765817441349,1.671080515303E-02,3.378));
#13224 = VECTOR('',#13225,1.);
#13225 = DIRECTION('',(0.99756405026,6.975647374412E-02,-0.));
#13226 = ORIENTED_EDGE('',*,*,#13182,.T.);
#13227 = PLANE('',#13228);
#13228 = AXIS2_PLACEMENT_3D('',#13229,#13230,#13231);
#13229 = CARTESIAN_POINT('',(-2.765817441349,1.671080515303E-02,3.378));
#13230 = DIRECTION('',(-6.975647374412E-02,0.99756405026,0.));
#13231 = DIRECTION('',(-0.99756405026,-6.975647374412E-02,0.));
#13232 = ADVANCED_FACE('',(#13233),#13260,.T.);
#13233 = FACE_BOUND('',#13234,.T.);
#13234 = EDGE_LOOP('',(#13235,#13244,#13252,#13259));
#13235 = ORIENTED_EDGE('',*,*,#13236,.T.);
#13236 = EDGE_CURVE('',#13206,#13237,#13239,.T.);
#13237 = VERTEX_POINT('',#13238);
#13238 = CARTESIAN_POINT('',(-2.47,0.333936173136,2.972));
#13239 = CIRCLE('',#13240,0.318);
#13240 = AXIS2_PLACEMENT_3D('',#13241,#13242,#13243);
#13241 = CARTESIAN_POINT('',(-2.788,0.333936173136,2.972));
#13242 = DIRECTION('',(0.,0.,1.));
#13243 = DIRECTION('',(-1.,0.,0.));
#13244 = ORIENTED_EDGE('',*,*,#13245,.F.);
#13245 = EDGE_CURVE('',#13246,#13237,#13248,.T.);
#13246 = VERTEX_POINT('',#13247);
#13247 = CARTESIAN_POINT('',(-2.47,0.333936173136,3.378));
#13248 = LINE('',#13249,#13250);
#13249 = CARTESIAN_POINT('',(-2.47,0.333936173136,3.378));
#13250 = VECTOR('',#13251,1.);
#13251 = DIRECTION('',(-0.,-0.,-1.));
#13252 = ORIENTED_EDGE('',*,*,#13253,.F.);
#13253 = EDGE_CURVE('',#13214,#13246,#13254,.T.);
#13254 = CIRCLE('',#13255,0.318);
#13255 = AXIS2_PLACEMENT_3D('',#13256,#13257,#13258);
#13256 = CARTESIAN_POINT('',(-2.788,0.333936173136,3.378));
#13257 = DIRECTION('',(0.,0.,1.));
#13258 = DIRECTION('',(-1.,0.,0.));
#13259 = ORIENTED_EDGE('',*,*,#13213,.T.);
#13260 = CYLINDRICAL_SURFACE('',#13261,0.318);
#13261 = AXIS2_PLACEMENT_3D('',#13262,#13263,#13264);
#13262 = CARTESIAN_POINT('',(-2.788,0.333936173136,3.378));
#13263 = DIRECTION('',(-0.,-0.,-1.));
#13264 = DIRECTION('',(-1.,0.,0.));
#13265 = ADVANCED_FACE('',(#13266),#13291,.F.);
#13266 = FACE_BOUND('',#13267,.T.);
#13267 = EDGE_LOOP('',(#13268,#13276,#13284,#13290));
#13268 = ORIENTED_EDGE('',*,*,#13269,.T.);
#13269 = EDGE_CURVE('',#13237,#13270,#13272,.T.);
#13270 = VERTEX_POINT('',#13271);
#13271 = CARTESIAN_POINT('',(-2.47,0.841,2.972));
#13272 = LINE('',#13273,#13274);
#13273 = CARTESIAN_POINT('',(-2.47,0.841,2.972));
#13274 = VECTOR('',#13275,1.);
#13275 = DIRECTION('',(-8.552786572769E-16,1.,-0.));
#13276 = ORIENTED_EDGE('',*,*,#13277,.F.);
#13277 = EDGE_CURVE('',#13278,#13270,#13280,.T.);
#13278 = VERTEX_POINT('',#13279);
#13279 = CARTESIAN_POINT('',(-2.47,0.841,3.378));
#13280 = LINE('',#13281,#13282);
#13281 = CARTESIAN_POINT('',(-2.47,0.841,3.378));
#13282 = VECTOR('',#13283,1.);
#13283 = DIRECTION('',(-0.,-0.,-1.));
#13284 = ORIENTED_EDGE('',*,*,#13285,.F.);
#13285 = EDGE_CURVE('',#13246,#13278,#13286,.T.);
#13286 = LINE('',#13287,#13288);
#13287 = CARTESIAN_POINT('',(-2.47,0.841,3.378));
#13288 = VECTOR('',#13289,1.);
#13289 = DIRECTION('',(-8.552786572769E-16,1.,-0.));
#13290 = ORIENTED_EDGE('',*,*,#13245,.T.);
#13291 = PLANE('',#13292);
#13292 = AXIS2_PLACEMENT_3D('',#13293,#13294,#13295);
#13293 = CARTESIAN_POINT('',(-2.47,0.841,3.378));
#13294 = DIRECTION('',(-1.,-8.552786572769E-16,0.));
#13295 = DIRECTION('',(8.552786572769E-16,-1.,0.));
#13296 = ADVANCED_FACE('',(#13297),#13324,.F.);
#13297 = FACE_BOUND('',#13298,.F.);
#13298 = EDGE_LOOP('',(#13299,#13300,#13309,#13317));
#13299 = ORIENTED_EDGE('',*,*,#13277,.F.);
#13300 = ORIENTED_EDGE('',*,*,#13301,.T.);
#13301 = EDGE_CURVE('',#13278,#13302,#13304,.T.);
#13302 = VERTEX_POINT('',#13303);
#13303 = CARTESIAN_POINT('',(-2.37,0.941,3.378));
#13304 = CIRCLE('',#13305,1.E-01);
#13305 = AXIS2_PLACEMENT_3D('',#13306,#13307,#13308);
#13306 = CARTESIAN_POINT('',(-2.37,0.841,3.378));
#13307 = DIRECTION('',(0.,0.,-1.));
#13308 = DIRECTION('',(1.,0.,0.));
#13309 = ORIENTED_EDGE('',*,*,#13310,.T.);
#13310 = EDGE_CURVE('',#13302,#13311,#13313,.T.);
#13311 = VERTEX_POINT('',#13312);
#13312 = CARTESIAN_POINT('',(-2.37,0.941,2.972));
#13313 = LINE('',#13314,#13315);
#13314 = CARTESIAN_POINT('',(-2.37,0.941,3.378));
#13315 = VECTOR('',#13316,1.);
#13316 = DIRECTION('',(-0.,-0.,-1.));
#13317 = ORIENTED_EDGE('',*,*,#13318,.F.);
#13318 = EDGE_CURVE('',#13270,#13311,#13319,.T.);
#13319 = CIRCLE('',#13320,1.E-01);
#13320 = AXIS2_PLACEMENT_3D('',#13321,#13322,#13323);
#13321 = CARTESIAN_POINT('',(-2.37,0.841,2.972));
#13322 = DIRECTION('',(0.,0.,-1.));
#13323 = DIRECTION('',(1.,0.,0.));
#13324 = CYLINDRICAL_SURFACE('',#13325,1.E-01);
#13325 = AXIS2_PLACEMENT_3D('',#13326,#13327,#13328);
#13326 = CARTESIAN_POINT('',(-2.37,0.841,3.378));
#13327 = DIRECTION('',(-0.,-0.,-1.));
#13328 = DIRECTION('',(-1.,0.,0.));
#13329 = ADVANCED_FACE('',(#13330),#13346,.F.);
#13330 = FACE_BOUND('',#13331,.T.);
#13331 = EDGE_LOOP('',(#13332,#13338,#13339,#13345));
#13332 = ORIENTED_EDGE('',*,*,#13333,.T.);
#13333 = EDGE_CURVE('',#13311,#12976,#13334,.T.);
#13334 = LINE('',#13335,#13336);
#13335 = CARTESIAN_POINT('',(-1.95,0.941,2.972));
#13336 = VECTOR('',#13337,1.);
#13337 = DIRECTION('',(1.,2.581433744013E-16,-0.));
#13338 = ORIENTED_EDGE('',*,*,#13001,.F.);
#13339 = ORIENTED_EDGE('',*,*,#13340,.F.);
#13340 = EDGE_CURVE('',#13302,#12994,#13341,.T.);
#13341 = LINE('',#13342,#13343);
#13342 = CARTESIAN_POINT('',(-1.95,0.941,3.378));
#13343 = VECTOR('',#13344,1.);
#13344 = DIRECTION('',(1.,2.581433744013E-16,-0.));
#13345 = ORIENTED_EDGE('',*,*,#13310,.T.);
#13346 = PLANE('',#13347);
#13347 = AXIS2_PLACEMENT_3D('',#13348,#13349,#13350);
#13348 = CARTESIAN_POINT('',(-1.95,0.941,3.378));
#13349 = DIRECTION('',(-2.581433744013E-16,1.,0.));
#13350 = DIRECTION('',(-1.,-2.581433744013E-16,0.));
#13351 = ADVANCED_FACE('',(#13352),#13366,.T.);
#13352 = FACE_BOUND('',#13353,.T.);
#13353 = EDGE_LOOP('',(#13354,#13355,#13356,#13357,#13358,#13359,#13360,
    #13361,#13362,#13363,#13364,#13365));
#13354 = ORIENTED_EDGE('',*,*,#12993,.T.);
#13355 = ORIENTED_EDGE('',*,*,#13031,.T.);
#13356 = ORIENTED_EDGE('',*,*,#13063,.T.);
#13357 = ORIENTED_EDGE('',*,*,#13095,.T.);
#13358 = ORIENTED_EDGE('',*,*,#13111,.T.);
#13359 = ORIENTED_EDGE('',*,*,#13159,.T.);
#13360 = ORIENTED_EDGE('',*,*,#13190,.T.);
#13361 = ORIENTED_EDGE('',*,*,#13221,.T.);
#13362 = ORIENTED_EDGE('',*,*,#13253,.T.);
#13363 = ORIENTED_EDGE('',*,*,#13285,.T.);
#13364 = ORIENTED_EDGE('',*,*,#13301,.T.);
#13365 = ORIENTED_EDGE('',*,*,#13340,.T.);
#13366 = PLANE('',#13367);
#13367 = AXIS2_PLACEMENT_3D('',#13368,#13369,#13370);
#13368 = CARTESIAN_POINT('',(-2.37,0.841,3.378));
#13369 = DIRECTION('',(0.,0.,1.));
#13370 = DIRECTION('',(1.,0.,-0.));
#13371 = ADVANCED_FACE('',(#13372),#13386,.F.);
#13372 = FACE_BOUND('',#13373,.T.);
#13373 = EDGE_LOOP('',(#13374,#13375,#13376,#13377,#13378,#13379,#13380,
    #13381,#13382,#13383,#13384,#13385));
#13374 = ORIENTED_EDGE('',*,*,#12975,.F.);
#13375 = ORIENTED_EDGE('',*,*,#13333,.F.);
#13376 = ORIENTED_EDGE('',*,*,#13318,.F.);
#13377 = ORIENTED_EDGE('',*,*,#13269,.F.);
#13378 = ORIENTED_EDGE('',*,*,#13236,.F.);
#13379 = ORIENTED_EDGE('',*,*,#13205,.F.);
#13380 = ORIENTED_EDGE('',*,*,#13174,.F.);
#13381 = ORIENTED_EDGE('',*,*,#13143,.F.);
#13382 = ORIENTED_EDGE('',*,*,#13128,.F.);
#13383 = ORIENTED_EDGE('',*,*,#13079,.F.);
#13384 = ORIENTED_EDGE('',*,*,#13046,.F.);
#13385 = ORIENTED_EDGE('',*,*,#13015,.F.);
#13386 = PLANE('',#13387);
#13387 = AXIS2_PLACEMENT_3D('',#13388,#13389,#13390);
#13388 = CARTESIAN_POINT('',(-2.37,0.841,2.972));
#13389 = DIRECTION('',(0.,0.,1.));
#13390 = DIRECTION('',(1.,0.,-0.));
#13391 = MANIFOLD_SOLID_BREP('',#13392);
#13392 = CLOSED_SHELL('',(#13393,#13433,#13464,#13497,#13528,#13561,
    #13592,#13623,#13654,#13687,#13718,#13751,#13773,#13793));
#13393 = ADVANCED_FACE('',(#13394),#13428,.F.);
#13394 = FACE_BOUND('',#13395,.T.);
#13395 = EDGE_LOOP('',(#13396,#13406,#13414,#13422));
#13396 = ORIENTED_EDGE('',*,*,#13397,.T.);
#13397 = EDGE_CURVE('',#13398,#13400,#13402,.T.);
#13398 = VERTEX_POINT('',#13399);
#13399 = CARTESIAN_POINT('',(1.95,1.159,-4.648));
#13400 = VERTEX_POINT('',#13401);
#13401 = CARTESIAN_POINT('',(1.95,0.941,-4.648));
#13402 = LINE('',#13403,#13404);
#13403 = CARTESIAN_POINT('',(1.95,1.159,-4.648));
#13404 = VECTOR('',#13405,1.);
#13405 = DIRECTION('',(-9.946808921885E-16,-1.,0.));
#13406 = ORIENTED_EDGE('',*,*,#13407,.F.);
#13407 = EDGE_CURVE('',#13408,#13400,#13410,.T.);
#13408 = VERTEX_POINT('',#13409);
#13409 = CARTESIAN_POINT('',(1.95,0.941,-4.242));
#13410 = LINE('',#13411,#13412);
#13411 = CARTESIAN_POINT('',(1.95,0.941,-4.242));
#13412 = VECTOR('',#13413,1.);
#13413 = DIRECTION('',(-0.,-0.,-1.));
#13414 = ORIENTED_EDGE('',*,*,#13415,.F.);
#13415 = EDGE_CURVE('',#13416,#13408,#13418,.T.);
#13416 = VERTEX_POINT('',#13417);
#13417 = CARTESIAN_POINT('',(1.95,1.159,-4.242));
#13418 = LINE('',#13419,#13420);
#13419 = CARTESIAN_POINT('',(1.95,1.159,-4.242));
#13420 = VECTOR('',#13421,1.);
#13421 = DIRECTION('',(-9.946808921885E-16,-1.,0.));
#13422 = ORIENTED_EDGE('',*,*,#13423,.T.);
#13423 = EDGE_CURVE('',#13416,#13398,#13424,.T.);
#13424 = LINE('',#13425,#13426);
#13425 = CARTESIAN_POINT('',(1.95,1.159,-4.242));
#13426 = VECTOR('',#13427,1.);
#13427 = DIRECTION('',(-0.,-0.,-1.));
#13428 = PLANE('',#13429);
#13429 = AXIS2_PLACEMENT_3D('',#13430,#13431,#13432);
#13430 = CARTESIAN_POINT('',(1.95,1.159,-4.242));
#13431 = DIRECTION('',(1.,-9.946808921885E-16,0.));
#13432 = DIRECTION('',(9.946808921885E-16,1.,0.));
#13433 = ADVANCED_FACE('',(#13434),#13459,.F.);
#13434 = FACE_BOUND('',#13435,.T.);
#13435 = EDGE_LOOP('',(#13436,#13444,#13452,#13458));
#13436 = ORIENTED_EDGE('',*,*,#13437,.T.);
#13437 = EDGE_CURVE('',#13400,#13438,#13440,.T.);
#13438 = VERTEX_POINT('',#13439);
#13439 = CARTESIAN_POINT('',(2.37,0.941,-4.648));
#13440 = LINE('',#13441,#13442);
#13441 = CARTESIAN_POINT('',(1.95,0.941,-4.648));
#13442 = VECTOR('',#13443,1.);
#13443 = DIRECTION('',(1.,-2.581433744013E-16,0.));
#13444 = ORIENTED_EDGE('',*,*,#13445,.F.);
#13445 = EDGE_CURVE('',#13446,#13438,#13448,.T.);
#13446 = VERTEX_POINT('',#13447);
#13447 = CARTESIAN_POINT('',(2.37,0.941,-4.242));
#13448 = LINE('',#13449,#13450);
#13449 = CARTESIAN_POINT('',(2.37,0.941,-4.242));
#13450 = VECTOR('',#13451,1.);
#13451 = DIRECTION('',(-0.,-0.,-1.));
#13452 = ORIENTED_EDGE('',*,*,#13453,.F.);
#13453 = EDGE_CURVE('',#13408,#13446,#13454,.T.);
#13454 = LINE('',#13455,#13456);
#13455 = CARTESIAN_POINT('',(1.95,0.941,-4.242));
#13456 = VECTOR('',#13457,1.);
#13457 = DIRECTION('',(1.,-2.581433744013E-16,0.));
#13458 = ORIENTED_EDGE('',*,*,#13407,.T.);
#13459 = PLANE('',#13460);
#13460 = AXIS2_PLACEMENT_3D('',#13461,#13462,#13463);
#13461 = CARTESIAN_POINT('',(1.95,0.941,-4.242));
#13462 = DIRECTION('',(2.581433744013E-16,1.,-0.));
#13463 = DIRECTION('',(-1.,2.581433744013E-16,0.));
#13464 = ADVANCED_FACE('',(#13465),#13492,.F.);
#13465 = FACE_BOUND('',#13466,.F.);
#13466 = EDGE_LOOP('',(#13467,#13468,#13477,#13485));
#13467 = ORIENTED_EDGE('',*,*,#13445,.F.);
#13468 = ORIENTED_EDGE('',*,*,#13469,.T.);
#13469 = EDGE_CURVE('',#13446,#13470,#13472,.T.);
#13470 = VERTEX_POINT('',#13471);
#13471 = CARTESIAN_POINT('',(2.47,0.841,-4.242));
#13472 = CIRCLE('',#13473,1.E-01);
#13473 = AXIS2_PLACEMENT_3D('',#13474,#13475,#13476);
#13474 = CARTESIAN_POINT('',(2.37,0.841,-4.242));
#13475 = DIRECTION('',(-0.,0.,-1.));
#13476 = DIRECTION('',(-1.,0.,0.));
#13477 = ORIENTED_EDGE('',*,*,#13478,.T.);
#13478 = EDGE_CURVE('',#13470,#13479,#13481,.T.);
#13479 = VERTEX_POINT('',#13480);
#13480 = CARTESIAN_POINT('',(2.47,0.841,-4.648));
#13481 = LINE('',#13482,#13483);
#13482 = CARTESIAN_POINT('',(2.47,0.841,-4.242));
#13483 = VECTOR('',#13484,1.);
#13484 = DIRECTION('',(-0.,-0.,-1.));
#13485 = ORIENTED_EDGE('',*,*,#13486,.F.);
#13486 = EDGE_CURVE('',#13438,#13479,#13487,.T.);
#13487 = CIRCLE('',#13488,1.E-01);
#13488 = AXIS2_PLACEMENT_3D('',#13489,#13490,#13491);
#13489 = CARTESIAN_POINT('',(2.37,0.841,-4.648));
#13490 = DIRECTION('',(-0.,0.,-1.));
#13491 = DIRECTION('',(-1.,0.,0.));
#13492 = CYLINDRICAL_SURFACE('',#13493,1.E-01);
#13493 = AXIS2_PLACEMENT_3D('',#13494,#13495,#13496);
#13494 = CARTESIAN_POINT('',(2.37,0.841,-4.242));
#13495 = DIRECTION('',(-0.,-0.,-1.));
#13496 = DIRECTION('',(-1.,0.,0.));
#13497 = ADVANCED_FACE('',(#13498),#13523,.F.);
#13498 = FACE_BOUND('',#13499,.T.);
#13499 = EDGE_LOOP('',(#13500,#13508,#13516,#13522));
#13500 = ORIENTED_EDGE('',*,*,#13501,.T.);
#13501 = EDGE_CURVE('',#13479,#13502,#13504,.T.);
#13502 = VERTEX_POINT('',#13503);
#13503 = CARTESIAN_POINT('',(2.47,0.333936173136,-4.648));
#13504 = LINE('',#13505,#13506);
#13505 = CARTESIAN_POINT('',(2.47,0.841,-4.648));
#13506 = VECTOR('',#13507,1.);
#13507 = DIRECTION('',(-8.552786572769E-16,-1.,0.));
#13508 = ORIENTED_EDGE('',*,*,#13509,.F.);
#13509 = EDGE_CURVE('',#13510,#13502,#13512,.T.);
#13510 = VERTEX_POINT('',#13511);
#13511 = CARTESIAN_POINT('',(2.47,0.333936173136,-4.242));
#13512 = LINE('',#13513,#13514);
#13513 = CARTESIAN_POINT('',(2.47,0.333936173136,-4.242));
#13514 = VECTOR('',#13515,1.);
#13515 = DIRECTION('',(-0.,-0.,-1.));
#13516 = ORIENTED_EDGE('',*,*,#13517,.F.);
#13517 = EDGE_CURVE('',#13470,#13510,#13518,.T.);
#13518 = LINE('',#13519,#13520);
#13519 = CARTESIAN_POINT('',(2.47,0.841,-4.242));
#13520 = VECTOR('',#13521,1.);
#13521 = DIRECTION('',(-8.552786572769E-16,-1.,0.));
#13522 = ORIENTED_EDGE('',*,*,#13478,.T.);
#13523 = PLANE('',#13524);
#13524 = AXIS2_PLACEMENT_3D('',#13525,#13526,#13527);
#13525 = CARTESIAN_POINT('',(2.47,0.841,-4.242));
#13526 = DIRECTION('',(1.,-8.552786572769E-16,0.));
#13527 = DIRECTION('',(8.552786572769E-16,1.,0.));
#13528 = ADVANCED_FACE('',(#13529),#13556,.T.);
#13529 = FACE_BOUND('',#13530,.T.);
#13530 = EDGE_LOOP('',(#13531,#13540,#13548,#13555));
#13531 = ORIENTED_EDGE('',*,*,#13532,.T.);
#13532 = EDGE_CURVE('',#13502,#13533,#13535,.T.);
#13533 = VERTEX_POINT('',#13534);
#13534 = CARTESIAN_POINT('',(2.765817441349,1.671080515303E-02,-4.648));
#13535 = CIRCLE('',#13536,0.318);
#13536 = AXIS2_PLACEMENT_3D('',#13537,#13538,#13539);
#13537 = CARTESIAN_POINT('',(2.788,0.333936173136,-4.648));
#13538 = DIRECTION('',(0.,0.,1.));
#13539 = DIRECTION('',(1.,0.,-0.));
#13540 = ORIENTED_EDGE('',*,*,#13541,.F.);
#13541 = EDGE_CURVE('',#13542,#13533,#13544,.T.);
#13542 = VERTEX_POINT('',#13543);
#13543 = CARTESIAN_POINT('',(2.765817441349,1.671080515303E-02,-4.242));
#13544 = LINE('',#13545,#13546);
#13545 = CARTESIAN_POINT('',(2.765817441349,1.671080515303E-02,-4.242));
#13546 = VECTOR('',#13547,1.);
#13547 = DIRECTION('',(-0.,-0.,-1.));
#13548 = ORIENTED_EDGE('',*,*,#13549,.F.);
#13549 = EDGE_CURVE('',#13510,#13542,#13550,.T.);
#13550 = CIRCLE('',#13551,0.318);
#13551 = AXIS2_PLACEMENT_3D('',#13552,#13553,#13554);
#13552 = CARTESIAN_POINT('',(2.788,0.333936173136,-4.242));
#13553 = DIRECTION('',(0.,0.,1.));
#13554 = DIRECTION('',(1.,0.,-0.));
#13555 = ORIENTED_EDGE('',*,*,#13509,.T.);
#13556 = CYLINDRICAL_SURFACE('',#13557,0.318);
#13557 = AXIS2_PLACEMENT_3D('',#13558,#13559,#13560);
#13558 = CARTESIAN_POINT('',(2.788,0.333936173136,-4.242));
#13559 = DIRECTION('',(-0.,-0.,-1.));
#13560 = DIRECTION('',(-1.,0.,0.));
#13561 = ADVANCED_FACE('',(#13562),#13587,.F.);
#13562 = FACE_BOUND('',#13563,.T.);
#13563 = EDGE_LOOP('',(#13564,#13572,#13580,#13586));
#13564 = ORIENTED_EDGE('',*,*,#13565,.T.);
#13565 = EDGE_CURVE('',#13533,#13566,#13568,.T.);
#13566 = VERTEX_POINT('',#13567);
#13567 = CARTESIAN_POINT('',(3.004793088724,-6.776263578034E-18,-4.648)
  );
#13568 = LINE('',#13569,#13570);
#13569 = CARTESIAN_POINT('',(2.765817441349,1.671080515303E-02,-4.648));
#13570 = VECTOR('',#13571,1.);
#13571 = DIRECTION('',(0.99756405026,-6.975647374412E-02,0.));
#13572 = ORIENTED_EDGE('',*,*,#13573,.F.);
#13573 = EDGE_CURVE('',#13574,#13566,#13576,.T.);
#13574 = VERTEX_POINT('',#13575);
#13575 = CARTESIAN_POINT('',(3.004793088724,-6.776263578034E-18,-4.242)
  );
#13576 = LINE('',#13577,#13578);
#13577 = CARTESIAN_POINT('',(3.004793088724,-6.776263578034E-18,-4.242)
  );
#13578 = VECTOR('',#13579,1.);
#13579 = DIRECTION('',(-0.,-0.,-1.));
#13580 = ORIENTED_EDGE('',*,*,#13581,.F.);
#13581 = EDGE_CURVE('',#13542,#13574,#13582,.T.);
#13582 = LINE('',#13583,#13584);
#13583 = CARTESIAN_POINT('',(2.765817441349,1.671080515303E-02,-4.242));
#13584 = VECTOR('',#13585,1.);
#13585 = DIRECTION('',(0.99756405026,-6.975647374412E-02,0.));
#13586 = ORIENTED_EDGE('',*,*,#13541,.T.);
#13587 = PLANE('',#13588);
#13588 = AXIS2_PLACEMENT_3D('',#13589,#13590,#13591);
#13589 = CARTESIAN_POINT('',(2.765817441349,1.671080515303E-02,-4.242));
#13590 = DIRECTION('',(6.975647374412E-02,0.99756405026,-0.));
#13591 = DIRECTION('',(-0.99756405026,6.975647374412E-02,0.));
#13592 = ADVANCED_FACE('',(#13593),#13618,.F.);
#13593 = FACE_BOUND('',#13594,.T.);
#13594 = EDGE_LOOP('',(#13595,#13603,#13611,#13617));
#13595 = ORIENTED_EDGE('',*,*,#13596,.T.);
#13596 = EDGE_CURVE('',#13566,#13597,#13599,.T.);
#13597 = VERTEX_POINT('',#13598);
#13598 = CARTESIAN_POINT('',(3.02,0.217468962957,-4.648));
#13599 = LINE('',#13600,#13601);
#13600 = CARTESIAN_POINT('',(3.02,0.217468962957,-4.648));
#13601 = VECTOR('',#13602,1.);
#13602 = DIRECTION('',(6.975647374412E-02,0.99756405026,-0.));
#13603 = ORIENTED_EDGE('',*,*,#13604,.F.);
#13604 = EDGE_CURVE('',#13605,#13597,#13607,.T.);
#13605 = VERTEX_POINT('',#13606);
#13606 = CARTESIAN_POINT('',(3.02,0.217468962957,-4.242));
#13607 = LINE('',#13608,#13609);
#13608 = CARTESIAN_POINT('',(3.02,0.217468962957,-4.242));
#13609 = VECTOR('',#13610,1.);
#13610 = DIRECTION('',(-0.,-0.,-1.));
#13611 = ORIENTED_EDGE('',*,*,#13612,.F.);
#13612 = EDGE_CURVE('',#13574,#13605,#13613,.T.);
#13613 = LINE('',#13614,#13615);
#13614 = CARTESIAN_POINT('',(3.02,0.217468962957,-4.242));
#13615 = VECTOR('',#13616,1.);
#13616 = DIRECTION('',(6.975647374412E-02,0.99756405026,-0.));
#13617 = ORIENTED_EDGE('',*,*,#13573,.T.);
#13618 = PLANE('',#13619);
#13619 = AXIS2_PLACEMENT_3D('',#13620,#13621,#13622);
#13620 = CARTESIAN_POINT('',(3.02,0.217468962957,-4.242));
#13621 = DIRECTION('',(-0.99756405026,6.975647374412E-02,0.));
#13622 = DIRECTION('',(-6.975647374412E-02,-0.99756405026,0.));
#13623 = ADVANCED_FACE('',(#13624),#13649,.F.);
#13624 = FACE_BOUND('',#13625,.T.);
#13625 = EDGE_LOOP('',(#13626,#13634,#13642,#13648));
#13626 = ORIENTED_EDGE('',*,*,#13627,.T.);
#13627 = EDGE_CURVE('',#13597,#13628,#13630,.T.);
#13628 = VERTEX_POINT('',#13629);
#13629 = CARTESIAN_POINT('',(2.781024352626,0.23417976811,-4.648));
#13630 = LINE('',#13631,#13632);
#13631 = CARTESIAN_POINT('',(2.781024352626,0.23417976811,-4.648));
#13632 = VECTOR('',#13633,1.);
#13633 = DIRECTION('',(-0.99756405026,6.975647374412E-02,-0.));
#13634 = ORIENTED_EDGE('',*,*,#13635,.F.);
#13635 = EDGE_CURVE('',#13636,#13628,#13638,.T.);
#13636 = VERTEX_POINT('',#13637);
#13637 = CARTESIAN_POINT('',(2.781024352626,0.23417976811,-4.242));
#13638 = LINE('',#13639,#13640);
#13639 = CARTESIAN_POINT('',(2.781024352626,0.23417976811,-4.242));
#13640 = VECTOR('',#13641,1.);
#13641 = DIRECTION('',(-0.,-0.,-1.));
#13642 = ORIENTED_EDGE('',*,*,#13643,.F.);
#13643 = EDGE_CURVE('',#13605,#13636,#13644,.T.);
#13644 = LINE('',#13645,#13646);
#13645 = CARTESIAN_POINT('',(2.781024352626,0.23417976811,-4.242));
#13646 = VECTOR('',#13647,1.);
#13647 = DIRECTION('',(-0.99756405026,6.975647374412E-02,-0.));
#13648 = ORIENTED_EDGE('',*,*,#13604,.T.);
#13649 = PLANE('',#13650);
#13650 = AXIS2_PLACEMENT_3D('',#13651,#13652,#13653);
#13651 = CARTESIAN_POINT('',(2.781024352626,0.23417976811,-4.242));
#13652 = DIRECTION('',(-6.975647374412E-02,-0.99756405026,0.));
#13653 = DIRECTION('',(0.99756405026,-6.975647374412E-02,0.));
#13654 = ADVANCED_FACE('',(#13655),#13682,.F.);
#13655 = FACE_BOUND('',#13656,.F.);
#13656 = EDGE_LOOP('',(#13657,#13658,#13667,#13675));
#13657 = ORIENTED_EDGE('',*,*,#13635,.F.);
#13658 = ORIENTED_EDGE('',*,*,#13659,.T.);
#13659 = EDGE_CURVE('',#13636,#13660,#13662,.T.);
#13660 = VERTEX_POINT('',#13661);
#13661 = CARTESIAN_POINT('',(2.688,0.333936173136,-4.242));
#13662 = CIRCLE('',#13663,1.E-01);
#13663 = AXIS2_PLACEMENT_3D('',#13664,#13665,#13666);
#13664 = CARTESIAN_POINT('',(2.788,0.333936173136,-4.242));
#13665 = DIRECTION('',(0.,0.,-1.));
#13666 = DIRECTION('',(1.,0.,0.));
#13667 = ORIENTED_EDGE('',*,*,#13668,.T.);
#13668 = EDGE_CURVE('',#13660,#13669,#13671,.T.);
#13669 = VERTEX_POINT('',#13670);
#13670 = CARTESIAN_POINT('',(2.688,0.333936173136,-4.648));
#13671 = LINE('',#13672,#13673);
#13672 = CARTESIAN_POINT('',(2.688,0.333936173136,-4.242));
#13673 = VECTOR('',#13674,1.);
#13674 = DIRECTION('',(-0.,-0.,-1.));
#13675 = ORIENTED_EDGE('',*,*,#13676,.F.);
#13676 = EDGE_CURVE('',#13628,#13669,#13677,.T.);
#13677 = CIRCLE('',#13678,1.E-01);
#13678 = AXIS2_PLACEMENT_3D('',#13679,#13680,#13681);
#13679 = CARTESIAN_POINT('',(2.788,0.333936173136,-4.648));
#13680 = DIRECTION('',(0.,0.,-1.));
#13681 = DIRECTION('',(1.,0.,0.));
#13682 = CYLINDRICAL_SURFACE('',#13683,1.E-01);
#13683 = AXIS2_PLACEMENT_3D('',#13684,#13685,#13686);
#13684 = CARTESIAN_POINT('',(2.788,0.333936173136,-4.242));
#13685 = DIRECTION('',(-0.,-0.,-1.));
#13686 = DIRECTION('',(-1.,0.,0.));
#13687 = ADVANCED_FACE('',(#13688),#13713,.F.);
#13688 = FACE_BOUND('',#13689,.T.);
#13689 = EDGE_LOOP('',(#13690,#13698,#13706,#13712));
#13690 = ORIENTED_EDGE('',*,*,#13691,.T.);
#13691 = EDGE_CURVE('',#13669,#13692,#13694,.T.);
#13692 = VERTEX_POINT('',#13693);
#13693 = CARTESIAN_POINT('',(2.688,0.841,-4.648));
#13694 = LINE('',#13695,#13696);
#13695 = CARTESIAN_POINT('',(2.688,0.841,-4.648));
#13696 = VECTOR('',#13697,1.);
#13697 = DIRECTION('',(-0.,1.,-0.));
#13698 = ORIENTED_EDGE('',*,*,#13699,.F.);
#13699 = EDGE_CURVE('',#13700,#13692,#13702,.T.);
#13700 = VERTEX_POINT('',#13701);
#13701 = CARTESIAN_POINT('',(2.688,0.841,-4.242));
#13702 = LINE('',#13703,#13704);
#13703 = CARTESIAN_POINT('',(2.688,0.841,-4.242));
#13704 = VECTOR('',#13705,1.);
#13705 = DIRECTION('',(-0.,-0.,-1.));
#13706 = ORIENTED_EDGE('',*,*,#13707,.F.);
#13707 = EDGE_CURVE('',#13660,#13700,#13708,.T.);
#13708 = LINE('',#13709,#13710);
#13709 = CARTESIAN_POINT('',(2.688,0.841,-4.242));
#13710 = VECTOR('',#13711,1.);
#13711 = DIRECTION('',(-0.,1.,-0.));
#13712 = ORIENTED_EDGE('',*,*,#13668,.T.);
#13713 = PLANE('',#13714);
#13714 = AXIS2_PLACEMENT_3D('',#13715,#13716,#13717);
#13715 = CARTESIAN_POINT('',(2.688,0.841,-4.242));
#13716 = DIRECTION('',(-1.,0.,0.));
#13717 = DIRECTION('',(0.,0.,1.));
#13718 = ADVANCED_FACE('',(#13719),#13746,.T.);
#13719 = FACE_BOUND('',#13720,.T.);
#13720 = EDGE_LOOP('',(#13721,#13730,#13738,#13745));
#13721 = ORIENTED_EDGE('',*,*,#13722,.T.);
#13722 = EDGE_CURVE('',#13692,#13723,#13725,.T.);
#13723 = VERTEX_POINT('',#13724);
#13724 = CARTESIAN_POINT('',(2.37,1.159,-4.648));
#13725 = CIRCLE('',#13726,0.318);
#13726 = AXIS2_PLACEMENT_3D('',#13727,#13728,#13729);
#13727 = CARTESIAN_POINT('',(2.37,0.841,-4.648));
#13728 = DIRECTION('',(0.,0.,1.));
#13729 = DIRECTION('',(-1.,0.,0.));
#13730 = ORIENTED_EDGE('',*,*,#13731,.F.);
#13731 = EDGE_CURVE('',#13732,#13723,#13734,.T.);
#13732 = VERTEX_POINT('',#13733);
#13733 = CARTESIAN_POINT('',(2.37,1.159,-4.242));
#13734 = LINE('',#13735,#13736);
#13735 = CARTESIAN_POINT('',(2.37,1.159,-4.242));
#13736 = VECTOR('',#13737,1.);
#13737 = DIRECTION('',(-0.,-0.,-1.));
#13738 = ORIENTED_EDGE('',*,*,#13739,.F.);
#13739 = EDGE_CURVE('',#13700,#13732,#13740,.T.);
#13740 = CIRCLE('',#13741,0.318);
#13741 = AXIS2_PLACEMENT_3D('',#13742,#13743,#13744);
#13742 = CARTESIAN_POINT('',(2.37,0.841,-4.242));
#13743 = DIRECTION('',(0.,0.,1.));
#13744 = DIRECTION('',(-1.,0.,0.));
#13745 = ORIENTED_EDGE('',*,*,#13699,.T.);
#13746 = CYLINDRICAL_SURFACE('',#13747,0.318);
#13747 = AXIS2_PLACEMENT_3D('',#13748,#13749,#13750);
#13748 = CARTESIAN_POINT('',(2.37,0.841,-4.242));
#13749 = DIRECTION('',(-0.,-0.,-1.));
#13750 = DIRECTION('',(-1.,0.,0.));
#13751 = ADVANCED_FACE('',(#13752),#13768,.F.);
#13752 = FACE_BOUND('',#13753,.T.);
#13753 = EDGE_LOOP('',(#13754,#13760,#13761,#13767));
#13754 = ORIENTED_EDGE('',*,*,#13755,.T.);
#13755 = EDGE_CURVE('',#13723,#13398,#13756,.T.);
#13756 = LINE('',#13757,#13758);
#13757 = CARTESIAN_POINT('',(1.95,1.159,-4.648));
#13758 = VECTOR('',#13759,1.);
#13759 = DIRECTION('',(-1.,-0.,-0.));
#13760 = ORIENTED_EDGE('',*,*,#13423,.F.);
#13761 = ORIENTED_EDGE('',*,*,#13762,.F.);
#13762 = EDGE_CURVE('',#13732,#13416,#13763,.T.);
#13763 = LINE('',#13764,#13765);
#13764 = CARTESIAN_POINT('',(1.95,1.159,-4.242));
#13765 = VECTOR('',#13766,1.);
#13766 = DIRECTION('',(-1.,-0.,-0.));
#13767 = ORIENTED_EDGE('',*,*,#13731,.T.);
#13768 = PLANE('',#13769);
#13769 = AXIS2_PLACEMENT_3D('',#13770,#13771,#13772);
#13770 = CARTESIAN_POINT('',(1.95,1.159,-4.242));
#13771 = DIRECTION('',(0.,-1.,0.));
#13772 = DIRECTION('',(0.,-0.,-1.));
#13773 = ADVANCED_FACE('',(#13774),#13788,.F.);
#13774 = FACE_BOUND('',#13775,.T.);
#13775 = EDGE_LOOP('',(#13776,#13777,#13778,#13779,#13780,#13781,#13782,
    #13783,#13784,#13785,#13786,#13787));
#13776 = ORIENTED_EDGE('',*,*,#13415,.T.);
#13777 = ORIENTED_EDGE('',*,*,#13453,.T.);
#13778 = ORIENTED_EDGE('',*,*,#13469,.T.);
#13779 = ORIENTED_EDGE('',*,*,#13517,.T.);
#13780 = ORIENTED_EDGE('',*,*,#13549,.T.);
#13781 = ORIENTED_EDGE('',*,*,#13581,.T.);
#13782 = ORIENTED_EDGE('',*,*,#13612,.T.);
#13783 = ORIENTED_EDGE('',*,*,#13643,.T.);
#13784 = ORIENTED_EDGE('',*,*,#13659,.T.);
#13785 = ORIENTED_EDGE('',*,*,#13707,.T.);
#13786 = ORIENTED_EDGE('',*,*,#13739,.T.);
#13787 = ORIENTED_EDGE('',*,*,#13762,.T.);
#13788 = PLANE('',#13789);
#13789 = AXIS2_PLACEMENT_3D('',#13790,#13791,#13792);
#13790 = CARTESIAN_POINT('',(2.37,0.841,-4.242));
#13791 = DIRECTION('',(-0.,0.,-1.));
#13792 = DIRECTION('',(-1.,0.,0.));
#13793 = ADVANCED_FACE('',(#13794),#13808,.T.);
#13794 = FACE_BOUND('',#13795,.T.);
#13795 = EDGE_LOOP('',(#13796,#13797,#13798,#13799,#13800,#13801,#13802,
    #13803,#13804,#13805,#13806,#13807));
#13796 = ORIENTED_EDGE('',*,*,#13397,.F.);
#13797 = ORIENTED_EDGE('',*,*,#13755,.F.);
#13798 = ORIENTED_EDGE('',*,*,#13722,.F.);
#13799 = ORIENTED_EDGE('',*,*,#13691,.F.);
#13800 = ORIENTED_EDGE('',*,*,#13676,.F.);
#13801 = ORIENTED_EDGE('',*,*,#13627,.F.);
#13802 = ORIENTED_EDGE('',*,*,#13596,.F.);
#13803 = ORIENTED_EDGE('',*,*,#13565,.F.);
#13804 = ORIENTED_EDGE('',*,*,#13532,.F.);
#13805 = ORIENTED_EDGE('',*,*,#13501,.F.);
#13806 = ORIENTED_EDGE('',*,*,#13486,.F.);
#13807 = ORIENTED_EDGE('',*,*,#13437,.F.);
#13808 = PLANE('',#13809);
#13809 = AXIS2_PLACEMENT_3D('',#13810,#13811,#13812);
#13810 = CARTESIAN_POINT('',(2.37,0.841,-4.648));
#13811 = DIRECTION('',(-0.,0.,-1.));
#13812 = DIRECTION('',(-1.,0.,0.));
#13813 = MANIFOLD_SOLID_BREP('',#13814);
#13814 = CLOSED_SHELL('',(#13815,#13855,#13886,#13919,#13950,#13983,
    #14014,#14045,#14076,#14109,#14140,#14173,#14195,#14215));
#13815 = ADVANCED_FACE('',(#13816),#13850,.F.);
#13816 = FACE_BOUND('',#13817,.T.);
#13817 = EDGE_LOOP('',(#13818,#13828,#13836,#13844));
#13818 = ORIENTED_EDGE('',*,*,#13819,.T.);
#13819 = EDGE_CURVE('',#13820,#13822,#13824,.T.);
#13820 = VERTEX_POINT('',#13821);
#13821 = CARTESIAN_POINT('',(1.95,1.159,-3.378));
#13822 = VERTEX_POINT('',#13823);
#13823 = CARTESIAN_POINT('',(1.95,0.941,-3.378));
#13824 = LINE('',#13825,#13826);
#13825 = CARTESIAN_POINT('',(1.95,1.159,-3.378));
#13826 = VECTOR('',#13827,1.);
#13827 = DIRECTION('',(-9.946808921885E-16,-1.,0.));
#13828 = ORIENTED_EDGE('',*,*,#13829,.F.);
#13829 = EDGE_CURVE('',#13830,#13822,#13832,.T.);
#13830 = VERTEX_POINT('',#13831);
#13831 = CARTESIAN_POINT('',(1.95,0.941,-2.972));
#13832 = LINE('',#13833,#13834);
#13833 = CARTESIAN_POINT('',(1.95,0.941,-2.972));
#13834 = VECTOR('',#13835,1.);
#13835 = DIRECTION('',(-0.,-0.,-1.));
#13836 = ORIENTED_EDGE('',*,*,#13837,.F.);
#13837 = EDGE_CURVE('',#13838,#13830,#13840,.T.);
#13838 = VERTEX_POINT('',#13839);
#13839 = CARTESIAN_POINT('',(1.95,1.159,-2.972));
#13840 = LINE('',#13841,#13842);
#13841 = CARTESIAN_POINT('',(1.95,1.159,-2.972));
#13842 = VECTOR('',#13843,1.);
#13843 = DIRECTION('',(-9.946808921885E-16,-1.,0.));
#13844 = ORIENTED_EDGE('',*,*,#13845,.T.);
#13845 = EDGE_CURVE('',#13838,#13820,#13846,.T.);
#13846 = LINE('',#13847,#13848);
#13847 = CARTESIAN_POINT('',(1.95,1.159,-2.972));
#13848 = VECTOR('',#13849,1.);
#13849 = DIRECTION('',(-0.,-0.,-1.));
#13850 = PLANE('',#13851);
#13851 = AXIS2_PLACEMENT_3D('',#13852,#13853,#13854);
#13852 = CARTESIAN_POINT('',(1.95,1.159,-2.972));
#13853 = DIRECTION('',(1.,-9.946808921885E-16,0.));
#13854 = DIRECTION('',(9.946808921885E-16,1.,0.));
#13855 = ADVANCED_FACE('',(#13856),#13881,.F.);
#13856 = FACE_BOUND('',#13857,.T.);
#13857 = EDGE_LOOP('',(#13858,#13866,#13874,#13880));
#13858 = ORIENTED_EDGE('',*,*,#13859,.T.);
#13859 = EDGE_CURVE('',#13822,#13860,#13862,.T.);
#13860 = VERTEX_POINT('',#13861);
#13861 = CARTESIAN_POINT('',(2.37,0.941,-3.378));
#13862 = LINE('',#13863,#13864);
#13863 = CARTESIAN_POINT('',(1.95,0.941,-3.378));
#13864 = VECTOR('',#13865,1.);
#13865 = DIRECTION('',(1.,-2.581433744013E-16,0.));
#13866 = ORIENTED_EDGE('',*,*,#13867,.F.);
#13867 = EDGE_CURVE('',#13868,#13860,#13870,.T.);
#13868 = VERTEX_POINT('',#13869);
#13869 = CARTESIAN_POINT('',(2.37,0.941,-2.972));
#13870 = LINE('',#13871,#13872);
#13871 = CARTESIAN_POINT('',(2.37,0.941,-2.972));
#13872 = VECTOR('',#13873,1.);
#13873 = DIRECTION('',(-0.,-0.,-1.));
#13874 = ORIENTED_EDGE('',*,*,#13875,.F.);
#13875 = EDGE_CURVE('',#13830,#13868,#13876,.T.);
#13876 = LINE('',#13877,#13878);
#13877 = CARTESIAN_POINT('',(1.95,0.941,-2.972));
#13878 = VECTOR('',#13879,1.);
#13879 = DIRECTION('',(1.,-2.581433744013E-16,0.));
#13880 = ORIENTED_EDGE('',*,*,#13829,.T.);
#13881 = PLANE('',#13882);
#13882 = AXIS2_PLACEMENT_3D('',#13883,#13884,#13885);
#13883 = CARTESIAN_POINT('',(1.95,0.941,-2.972));
#13884 = DIRECTION('',(2.581433744013E-16,1.,-0.));
#13885 = DIRECTION('',(-1.,2.581433744013E-16,0.));
#13886 = ADVANCED_FACE('',(#13887),#13914,.F.);
#13887 = FACE_BOUND('',#13888,.F.);
#13888 = EDGE_LOOP('',(#13889,#13890,#13899,#13907));
#13889 = ORIENTED_EDGE('',*,*,#13867,.F.);
#13890 = ORIENTED_EDGE('',*,*,#13891,.T.);
#13891 = EDGE_CURVE('',#13868,#13892,#13894,.T.);
#13892 = VERTEX_POINT('',#13893);
#13893 = CARTESIAN_POINT('',(2.47,0.841,-2.972));
#13894 = CIRCLE('',#13895,1.E-01);
#13895 = AXIS2_PLACEMENT_3D('',#13896,#13897,#13898);
#13896 = CARTESIAN_POINT('',(2.37,0.841,-2.972));
#13897 = DIRECTION('',(-0.,0.,-1.));
#13898 = DIRECTION('',(-1.,0.,0.));
#13899 = ORIENTED_EDGE('',*,*,#13900,.T.);
#13900 = EDGE_CURVE('',#13892,#13901,#13903,.T.);
#13901 = VERTEX_POINT('',#13902);
#13902 = CARTESIAN_POINT('',(2.47,0.841,-3.378));
#13903 = LINE('',#13904,#13905);
#13904 = CARTESIAN_POINT('',(2.47,0.841,-2.972));
#13905 = VECTOR('',#13906,1.);
#13906 = DIRECTION('',(-0.,-0.,-1.));
#13907 = ORIENTED_EDGE('',*,*,#13908,.F.);
#13908 = EDGE_CURVE('',#13860,#13901,#13909,.T.);
#13909 = CIRCLE('',#13910,1.E-01);
#13910 = AXIS2_PLACEMENT_3D('',#13911,#13912,#13913);
#13911 = CARTESIAN_POINT('',(2.37,0.841,-3.378));
#13912 = DIRECTION('',(-0.,0.,-1.));
#13913 = DIRECTION('',(-1.,0.,0.));
#13914 = CYLINDRICAL_SURFACE('',#13915,1.E-01);
#13915 = AXIS2_PLACEMENT_3D('',#13916,#13917,#13918);
#13916 = CARTESIAN_POINT('',(2.37,0.841,-2.972));
#13917 = DIRECTION('',(-0.,-0.,-1.));
#13918 = DIRECTION('',(-1.,0.,0.));
#13919 = ADVANCED_FACE('',(#13920),#13945,.F.);
#13920 = FACE_BOUND('',#13921,.T.);
#13921 = EDGE_LOOP('',(#13922,#13930,#13938,#13944));
#13922 = ORIENTED_EDGE('',*,*,#13923,.T.);
#13923 = EDGE_CURVE('',#13901,#13924,#13926,.T.);
#13924 = VERTEX_POINT('',#13925);
#13925 = CARTESIAN_POINT('',(2.47,0.333936173136,-3.378));
#13926 = LINE('',#13927,#13928);
#13927 = CARTESIAN_POINT('',(2.47,0.841,-3.378));
#13928 = VECTOR('',#13929,1.);
#13929 = DIRECTION('',(-8.552786572769E-16,-1.,0.));
#13930 = ORIENTED_EDGE('',*,*,#13931,.F.);
#13931 = EDGE_CURVE('',#13932,#13924,#13934,.T.);
#13932 = VERTEX_POINT('',#13933);
#13933 = CARTESIAN_POINT('',(2.47,0.333936173136,-2.972));
#13934 = LINE('',#13935,#13936);
#13935 = CARTESIAN_POINT('',(2.47,0.333936173136,-2.972));
#13936 = VECTOR('',#13937,1.);
#13937 = DIRECTION('',(-0.,-0.,-1.));
#13938 = ORIENTED_EDGE('',*,*,#13939,.F.);
#13939 = EDGE_CURVE('',#13892,#13932,#13940,.T.);
#13940 = LINE('',#13941,#13942);
#13941 = CARTESIAN_POINT('',(2.47,0.841,-2.972));
#13942 = VECTOR('',#13943,1.);
#13943 = DIRECTION('',(-8.552786572769E-16,-1.,0.));
#13944 = ORIENTED_EDGE('',*,*,#13900,.T.);
#13945 = PLANE('',#13946);
#13946 = AXIS2_PLACEMENT_3D('',#13947,#13948,#13949);
#13947 = CARTESIAN_POINT('',(2.47,0.841,-2.972));
#13948 = DIRECTION('',(1.,-8.552786572769E-16,0.));
#13949 = DIRECTION('',(8.552786572769E-16,1.,0.));
#13950 = ADVANCED_FACE('',(#13951),#13978,.T.);
#13951 = FACE_BOUND('',#13952,.T.);
#13952 = EDGE_LOOP('',(#13953,#13962,#13970,#13977));
#13953 = ORIENTED_EDGE('',*,*,#13954,.T.);
#13954 = EDGE_CURVE('',#13924,#13955,#13957,.T.);
#13955 = VERTEX_POINT('',#13956);
#13956 = CARTESIAN_POINT('',(2.765817441349,1.671080515303E-02,-3.378));
#13957 = CIRCLE('',#13958,0.318);
#13958 = AXIS2_PLACEMENT_3D('',#13959,#13960,#13961);
#13959 = CARTESIAN_POINT('',(2.788,0.333936173136,-3.378));
#13960 = DIRECTION('',(0.,0.,1.));
#13961 = DIRECTION('',(1.,0.,-0.));
#13962 = ORIENTED_EDGE('',*,*,#13963,.F.);
#13963 = EDGE_CURVE('',#13964,#13955,#13966,.T.);
#13964 = VERTEX_POINT('',#13965);
#13965 = CARTESIAN_POINT('',(2.765817441349,1.671080515303E-02,-2.972));
#13966 = LINE('',#13967,#13968);
#13967 = CARTESIAN_POINT('',(2.765817441349,1.671080515303E-02,-2.972));
#13968 = VECTOR('',#13969,1.);
#13969 = DIRECTION('',(-0.,-0.,-1.));
#13970 = ORIENTED_EDGE('',*,*,#13971,.F.);
#13971 = EDGE_CURVE('',#13932,#13964,#13972,.T.);
#13972 = CIRCLE('',#13973,0.318);
#13973 = AXIS2_PLACEMENT_3D('',#13974,#13975,#13976);
#13974 = CARTESIAN_POINT('',(2.788,0.333936173136,-2.972));
#13975 = DIRECTION('',(0.,0.,1.));
#13976 = DIRECTION('',(1.,0.,-0.));
#13977 = ORIENTED_EDGE('',*,*,#13931,.T.);
#13978 = CYLINDRICAL_SURFACE('',#13979,0.318);
#13979 = AXIS2_PLACEMENT_3D('',#13980,#13981,#13982);
#13980 = CARTESIAN_POINT('',(2.788,0.333936173136,-2.972));
#13981 = DIRECTION('',(-0.,-0.,-1.));
#13982 = DIRECTION('',(-1.,0.,0.));
#13983 = ADVANCED_FACE('',(#13984),#14009,.F.);
#13984 = FACE_BOUND('',#13985,.T.);
#13985 = EDGE_LOOP('',(#13986,#13994,#14002,#14008));
#13986 = ORIENTED_EDGE('',*,*,#13987,.T.);
#13987 = EDGE_CURVE('',#13955,#13988,#13990,.T.);
#13988 = VERTEX_POINT('',#13989);
#13989 = CARTESIAN_POINT('',(3.004793088724,-6.776263578034E-18,-3.378)
  );
#13990 = LINE('',#13991,#13992);
#13991 = CARTESIAN_POINT('',(2.765817441349,1.671080515303E-02,-3.378));
#13992 = VECTOR('',#13993,1.);
#13993 = DIRECTION('',(0.99756405026,-6.975647374412E-02,0.));
#13994 = ORIENTED_EDGE('',*,*,#13995,.F.);
#13995 = EDGE_CURVE('',#13996,#13988,#13998,.T.);
#13996 = VERTEX_POINT('',#13997);
#13997 = CARTESIAN_POINT('',(3.004793088724,-6.776263578034E-18,-2.972)
  );
#13998 = LINE('',#13999,#14000);
#13999 = CARTESIAN_POINT('',(3.004793088724,-6.776263578034E-18,-2.972)
  );
#14000 = VECTOR('',#14001,1.);
#14001 = DIRECTION('',(-0.,-0.,-1.));
#14002 = ORIENTED_EDGE('',*,*,#14003,.F.);
#14003 = EDGE_CURVE('',#13964,#13996,#14004,.T.);
#14004 = LINE('',#14005,#14006);
#14005 = CARTESIAN_POINT('',(2.765817441349,1.671080515303E-02,-2.972));
#14006 = VECTOR('',#14007,1.);
#14007 = DIRECTION('',(0.99756405026,-6.975647374412E-02,0.));
#14008 = ORIENTED_EDGE('',*,*,#13963,.T.);
#14009 = PLANE('',#14010);
#14010 = AXIS2_PLACEMENT_3D('',#14011,#14012,#14013);
#14011 = CARTESIAN_POINT('',(2.765817441349,1.671080515303E-02,-2.972));
#14012 = DIRECTION('',(6.975647374412E-02,0.99756405026,-0.));
#14013 = DIRECTION('',(-0.99756405026,6.975647374412E-02,0.));
#14014 = ADVANCED_FACE('',(#14015),#14040,.F.);
#14015 = FACE_BOUND('',#14016,.T.);
#14016 = EDGE_LOOP('',(#14017,#14025,#14033,#14039));
#14017 = ORIENTED_EDGE('',*,*,#14018,.T.);
#14018 = EDGE_CURVE('',#13988,#14019,#14021,.T.);
#14019 = VERTEX_POINT('',#14020);
#14020 = CARTESIAN_POINT('',(3.02,0.217468962957,-3.378));
#14021 = LINE('',#14022,#14023);
#14022 = CARTESIAN_POINT('',(3.02,0.217468962957,-3.378));
#14023 = VECTOR('',#14024,1.);
#14024 = DIRECTION('',(6.975647374412E-02,0.99756405026,-0.));
#14025 = ORIENTED_EDGE('',*,*,#14026,.F.);
#14026 = EDGE_CURVE('',#14027,#14019,#14029,.T.);
#14027 = VERTEX_POINT('',#14028);
#14028 = CARTESIAN_POINT('',(3.02,0.217468962957,-2.972));
#14029 = LINE('',#14030,#14031);
#14030 = CARTESIAN_POINT('',(3.02,0.217468962957,-2.972));
#14031 = VECTOR('',#14032,1.);
#14032 = DIRECTION('',(-0.,-0.,-1.));
#14033 = ORIENTED_EDGE('',*,*,#14034,.F.);
#14034 = EDGE_CURVE('',#13996,#14027,#14035,.T.);
#14035 = LINE('',#14036,#14037);
#14036 = CARTESIAN_POINT('',(3.02,0.217468962957,-2.972));
#14037 = VECTOR('',#14038,1.);
#14038 = DIRECTION('',(6.975647374412E-02,0.99756405026,-0.));
#14039 = ORIENTED_EDGE('',*,*,#13995,.T.);
#14040 = PLANE('',#14041);
#14041 = AXIS2_PLACEMENT_3D('',#14042,#14043,#14044);
#14042 = CARTESIAN_POINT('',(3.02,0.217468962957,-2.972));
#14043 = DIRECTION('',(-0.99756405026,6.975647374412E-02,0.));
#14044 = DIRECTION('',(-6.975647374412E-02,-0.99756405026,0.));
#14045 = ADVANCED_FACE('',(#14046),#14071,.F.);
#14046 = FACE_BOUND('',#14047,.T.);
#14047 = EDGE_LOOP('',(#14048,#14056,#14064,#14070));
#14048 = ORIENTED_EDGE('',*,*,#14049,.T.);
#14049 = EDGE_CURVE('',#14019,#14050,#14052,.T.);
#14050 = VERTEX_POINT('',#14051);
#14051 = CARTESIAN_POINT('',(2.781024352626,0.23417976811,-3.378));
#14052 = LINE('',#14053,#14054);
#14053 = CARTESIAN_POINT('',(2.781024352626,0.23417976811,-3.378));
#14054 = VECTOR('',#14055,1.);
#14055 = DIRECTION('',(-0.99756405026,6.975647374412E-02,-0.));
#14056 = ORIENTED_EDGE('',*,*,#14057,.F.);
#14057 = EDGE_CURVE('',#14058,#14050,#14060,.T.);
#14058 = VERTEX_POINT('',#14059);
#14059 = CARTESIAN_POINT('',(2.781024352626,0.23417976811,-2.972));
#14060 = LINE('',#14061,#14062);
#14061 = CARTESIAN_POINT('',(2.781024352626,0.23417976811,-2.972));
#14062 = VECTOR('',#14063,1.);
#14063 = DIRECTION('',(-0.,-0.,-1.));
#14064 = ORIENTED_EDGE('',*,*,#14065,.F.);
#14065 = EDGE_CURVE('',#14027,#14058,#14066,.T.);
#14066 = LINE('',#14067,#14068);
#14067 = CARTESIAN_POINT('',(2.781024352626,0.23417976811,-2.972));
#14068 = VECTOR('',#14069,1.);
#14069 = DIRECTION('',(-0.99756405026,6.975647374412E-02,-0.));
#14070 = ORIENTED_EDGE('',*,*,#14026,.T.);
#14071 = PLANE('',#14072);
#14072 = AXIS2_PLACEMENT_3D('',#14073,#14074,#14075);
#14073 = CARTESIAN_POINT('',(2.781024352626,0.23417976811,-2.972));
#14074 = DIRECTION('',(-6.975647374412E-02,-0.99756405026,0.));
#14075 = DIRECTION('',(0.99756405026,-6.975647374412E-02,0.));
#14076 = ADVANCED_FACE('',(#14077),#14104,.F.);
#14077 = FACE_BOUND('',#14078,.F.);
#14078 = EDGE_LOOP('',(#14079,#14080,#14089,#14097));
#14079 = ORIENTED_EDGE('',*,*,#14057,.F.);
#14080 = ORIENTED_EDGE('',*,*,#14081,.T.);
#14081 = EDGE_CURVE('',#14058,#14082,#14084,.T.);
#14082 = VERTEX_POINT('',#14083);
#14083 = CARTESIAN_POINT('',(2.688,0.333936173136,-2.972));
#14084 = CIRCLE('',#14085,1.E-01);
#14085 = AXIS2_PLACEMENT_3D('',#14086,#14087,#14088);
#14086 = CARTESIAN_POINT('',(2.788,0.333936173136,-2.972));
#14087 = DIRECTION('',(0.,0.,-1.));
#14088 = DIRECTION('',(1.,0.,0.));
#14089 = ORIENTED_EDGE('',*,*,#14090,.T.);
#14090 = EDGE_CURVE('',#14082,#14091,#14093,.T.);
#14091 = VERTEX_POINT('',#14092);
#14092 = CARTESIAN_POINT('',(2.688,0.333936173136,-3.378));
#14093 = LINE('',#14094,#14095);
#14094 = CARTESIAN_POINT('',(2.688,0.333936173136,-2.972));
#14095 = VECTOR('',#14096,1.);
#14096 = DIRECTION('',(-0.,-0.,-1.));
#14097 = ORIENTED_EDGE('',*,*,#14098,.F.);
#14098 = EDGE_CURVE('',#14050,#14091,#14099,.T.);
#14099 = CIRCLE('',#14100,1.E-01);
#14100 = AXIS2_PLACEMENT_3D('',#14101,#14102,#14103);
#14101 = CARTESIAN_POINT('',(2.788,0.333936173136,-3.378));
#14102 = DIRECTION('',(0.,0.,-1.));
#14103 = DIRECTION('',(1.,0.,0.));
#14104 = CYLINDRICAL_SURFACE('',#14105,1.E-01);
#14105 = AXIS2_PLACEMENT_3D('',#14106,#14107,#14108);
#14106 = CARTESIAN_POINT('',(2.788,0.333936173136,-2.972));
#14107 = DIRECTION('',(-0.,-0.,-1.));
#14108 = DIRECTION('',(-1.,0.,0.));
#14109 = ADVANCED_FACE('',(#14110),#14135,.F.);
#14110 = FACE_BOUND('',#14111,.T.);
#14111 = EDGE_LOOP('',(#14112,#14120,#14128,#14134));
#14112 = ORIENTED_EDGE('',*,*,#14113,.T.);
#14113 = EDGE_CURVE('',#14091,#14114,#14116,.T.);
#14114 = VERTEX_POINT('',#14115);
#14115 = CARTESIAN_POINT('',(2.688,0.841,-3.378));
#14116 = LINE('',#14117,#14118);
#14117 = CARTESIAN_POINT('',(2.688,0.841,-3.378));
#14118 = VECTOR('',#14119,1.);
#14119 = DIRECTION('',(-0.,1.,-0.));
#14120 = ORIENTED_EDGE('',*,*,#14121,.F.);
#14121 = EDGE_CURVE('',#14122,#14114,#14124,.T.);
#14122 = VERTEX_POINT('',#14123);
#14123 = CARTESIAN_POINT('',(2.688,0.841,-2.972));
#14124 = LINE('',#14125,#14126);
#14125 = CARTESIAN_POINT('',(2.688,0.841,-2.972));
#14126 = VECTOR('',#14127,1.);
#14127 = DIRECTION('',(-0.,-0.,-1.));
#14128 = ORIENTED_EDGE('',*,*,#14129,.F.);
#14129 = EDGE_CURVE('',#14082,#14122,#14130,.T.);
#14130 = LINE('',#14131,#14132);
#14131 = CARTESIAN_POINT('',(2.688,0.841,-2.972));
#14132 = VECTOR('',#14133,1.);
#14133 = DIRECTION('',(-0.,1.,-0.));
#14134 = ORIENTED_EDGE('',*,*,#14090,.T.);
#14135 = PLANE('',#14136);
#14136 = AXIS2_PLACEMENT_3D('',#14137,#14138,#14139);
#14137 = CARTESIAN_POINT('',(2.688,0.841,-2.972));
#14138 = DIRECTION('',(-1.,0.,0.));
#14139 = DIRECTION('',(0.,0.,1.));
#14140 = ADVANCED_FACE('',(#14141),#14168,.T.);
#14141 = FACE_BOUND('',#14142,.T.);
#14142 = EDGE_LOOP('',(#14143,#14152,#14160,#14167));
#14143 = ORIENTED_EDGE('',*,*,#14144,.T.);
#14144 = EDGE_CURVE('',#14114,#14145,#14147,.T.);
#14145 = VERTEX_POINT('',#14146);
#14146 = CARTESIAN_POINT('',(2.37,1.159,-3.378));
#14147 = CIRCLE('',#14148,0.318);
#14148 = AXIS2_PLACEMENT_3D('',#14149,#14150,#14151);
#14149 = CARTESIAN_POINT('',(2.37,0.841,-3.378));
#14150 = DIRECTION('',(0.,0.,1.));
#14151 = DIRECTION('',(-1.,0.,0.));
#14152 = ORIENTED_EDGE('',*,*,#14153,.F.);
#14153 = EDGE_CURVE('',#14154,#14145,#14156,.T.);
#14154 = VERTEX_POINT('',#14155);
#14155 = CARTESIAN_POINT('',(2.37,1.159,-2.972));
#14156 = LINE('',#14157,#14158);
#14157 = CARTESIAN_POINT('',(2.37,1.159,-2.972));
#14158 = VECTOR('',#14159,1.);
#14159 = DIRECTION('',(-0.,-0.,-1.));
#14160 = ORIENTED_EDGE('',*,*,#14161,.F.);
#14161 = EDGE_CURVE('',#14122,#14154,#14162,.T.);
#14162 = CIRCLE('',#14163,0.318);
#14163 = AXIS2_PLACEMENT_3D('',#14164,#14165,#14166);
#14164 = CARTESIAN_POINT('',(2.37,0.841,-2.972));
#14165 = DIRECTION('',(0.,0.,1.));
#14166 = DIRECTION('',(-1.,0.,0.));
#14167 = ORIENTED_EDGE('',*,*,#14121,.T.);
#14168 = CYLINDRICAL_SURFACE('',#14169,0.318);
#14169 = AXIS2_PLACEMENT_3D('',#14170,#14171,#14172);
#14170 = CARTESIAN_POINT('',(2.37,0.841,-2.972));
#14171 = DIRECTION('',(-0.,-0.,-1.));
#14172 = DIRECTION('',(-1.,0.,0.));
#14173 = ADVANCED_FACE('',(#14174),#14190,.F.);
#14174 = FACE_BOUND('',#14175,.T.);
#14175 = EDGE_LOOP('',(#14176,#14182,#14183,#14189));
#14176 = ORIENTED_EDGE('',*,*,#14177,.T.);
#14177 = EDGE_CURVE('',#14145,#13820,#14178,.T.);
#14178 = LINE('',#14179,#14180);
#14179 = CARTESIAN_POINT('',(1.95,1.159,-3.378));
#14180 = VECTOR('',#14181,1.);
#14181 = DIRECTION('',(-1.,-0.,-0.));
#14182 = ORIENTED_EDGE('',*,*,#13845,.F.);
#14183 = ORIENTED_EDGE('',*,*,#14184,.F.);
#14184 = EDGE_CURVE('',#14154,#13838,#14185,.T.);
#14185 = LINE('',#14186,#14187);
#14186 = CARTESIAN_POINT('',(1.95,1.159,-2.972));
#14187 = VECTOR('',#14188,1.);
#14188 = DIRECTION('',(-1.,-0.,-0.));
#14189 = ORIENTED_EDGE('',*,*,#14153,.T.);
#14190 = PLANE('',#14191);
#14191 = AXIS2_PLACEMENT_3D('',#14192,#14193,#14194);
#14192 = CARTESIAN_POINT('',(1.95,1.159,-2.972));
#14193 = DIRECTION('',(0.,-1.,0.));
#14194 = DIRECTION('',(0.,-0.,-1.));
#14195 = ADVANCED_FACE('',(#14196),#14210,.F.);
#14196 = FACE_BOUND('',#14197,.T.);
#14197 = EDGE_LOOP('',(#14198,#14199,#14200,#14201,#14202,#14203,#14204,
    #14205,#14206,#14207,#14208,#14209));
#14198 = ORIENTED_EDGE('',*,*,#13837,.T.);
#14199 = ORIENTED_EDGE('',*,*,#13875,.T.);
#14200 = ORIENTED_EDGE('',*,*,#13891,.T.);
#14201 = ORIENTED_EDGE('',*,*,#13939,.T.);
#14202 = ORIENTED_EDGE('',*,*,#13971,.T.);
#14203 = ORIENTED_EDGE('',*,*,#14003,.T.);
#14204 = ORIENTED_EDGE('',*,*,#14034,.T.);
#14205 = ORIENTED_EDGE('',*,*,#14065,.T.);
#14206 = ORIENTED_EDGE('',*,*,#14081,.T.);
#14207 = ORIENTED_EDGE('',*,*,#14129,.T.);
#14208 = ORIENTED_EDGE('',*,*,#14161,.T.);
#14209 = ORIENTED_EDGE('',*,*,#14184,.T.);
#14210 = PLANE('',#14211);
#14211 = AXIS2_PLACEMENT_3D('',#14212,#14213,#14214);
#14212 = CARTESIAN_POINT('',(2.37,0.841,-2.972));
#14213 = DIRECTION('',(-0.,0.,-1.));
#14214 = DIRECTION('',(-1.,0.,0.));
#14215 = ADVANCED_FACE('',(#14216),#14230,.T.);
#14216 = FACE_BOUND('',#14217,.T.);
#14217 = EDGE_LOOP('',(#14218,#14219,#14220,#14221,#14222,#14223,#14224,
    #14225,#14226,#14227,#14228,#14229));
#14218 = ORIENTED_EDGE('',*,*,#13819,.F.);
#14219 = ORIENTED_EDGE('',*,*,#14177,.F.);
#14220 = ORIENTED_EDGE('',*,*,#14144,.F.);
#14221 = ORIENTED_EDGE('',*,*,#14113,.F.);
#14222 = ORIENTED_EDGE('',*,*,#14098,.F.);
#14223 = ORIENTED_EDGE('',*,*,#14049,.F.);
#14224 = ORIENTED_EDGE('',*,*,#14018,.F.);
#14225 = ORIENTED_EDGE('',*,*,#13987,.F.);
#14226 = ORIENTED_EDGE('',*,*,#13954,.F.);
#14227 = ORIENTED_EDGE('',*,*,#13923,.F.);
#14228 = ORIENTED_EDGE('',*,*,#13908,.F.);
#14229 = ORIENTED_EDGE('',*,*,#13859,.F.);
#14230 = PLANE('',#14231);
#14231 = AXIS2_PLACEMENT_3D('',#14232,#14233,#14234);
#14232 = CARTESIAN_POINT('',(2.37,0.841,-3.378));
#14233 = DIRECTION('',(-0.,0.,-1.));
#14234 = DIRECTION('',(-1.,0.,0.));
#14235 = MANIFOLD_SOLID_BREP('',#14236);
#14236 = CLOSED_SHELL('',(#14237,#14277,#14308,#14341,#14372,#14405,
    #14436,#14467,#14498,#14531,#14562,#14595,#14617,#14637));
#14237 = ADVANCED_FACE('',(#14238),#14272,.F.);
#14238 = FACE_BOUND('',#14239,.T.);
#14239 = EDGE_LOOP('',(#14240,#14250,#14258,#14266));
#14240 = ORIENTED_EDGE('',*,*,#14241,.T.);
#14241 = EDGE_CURVE('',#14242,#14244,#14246,.T.);
#14242 = VERTEX_POINT('',#14243);
#14243 = CARTESIAN_POINT('',(1.95,1.159,-2.108));
#14244 = VERTEX_POINT('',#14245);
#14245 = CARTESIAN_POINT('',(1.95,0.941,-2.108));
#14246 = LINE('',#14247,#14248);
#14247 = CARTESIAN_POINT('',(1.95,1.159,-2.108));
#14248 = VECTOR('',#14249,1.);
#14249 = DIRECTION('',(-9.946808921885E-16,-1.,0.));
#14250 = ORIENTED_EDGE('',*,*,#14251,.F.);
#14251 = EDGE_CURVE('',#14252,#14244,#14254,.T.);
#14252 = VERTEX_POINT('',#14253);
#14253 = CARTESIAN_POINT('',(1.95,0.941,-1.702));
#14254 = LINE('',#14255,#14256);
#14255 = CARTESIAN_POINT('',(1.95,0.941,-1.702));
#14256 = VECTOR('',#14257,1.);
#14257 = DIRECTION('',(-0.,-0.,-1.));
#14258 = ORIENTED_EDGE('',*,*,#14259,.F.);
#14259 = EDGE_CURVE('',#14260,#14252,#14262,.T.);
#14260 = VERTEX_POINT('',#14261);
#14261 = CARTESIAN_POINT('',(1.95,1.159,-1.702));
#14262 = LINE('',#14263,#14264);
#14263 = CARTESIAN_POINT('',(1.95,1.159,-1.702));
#14264 = VECTOR('',#14265,1.);
#14265 = DIRECTION('',(-9.946808921885E-16,-1.,0.));
#14266 = ORIENTED_EDGE('',*,*,#14267,.T.);
#14267 = EDGE_CURVE('',#14260,#14242,#14268,.T.);
#14268 = LINE('',#14269,#14270);
#14269 = CARTESIAN_POINT('',(1.95,1.159,-1.702));
#14270 = VECTOR('',#14271,1.);
#14271 = DIRECTION('',(-0.,-0.,-1.));
#14272 = PLANE('',#14273);
#14273 = AXIS2_PLACEMENT_3D('',#14274,#14275,#14276);
#14274 = CARTESIAN_POINT('',(1.95,1.159,-1.702));
#14275 = DIRECTION('',(1.,-9.946808921885E-16,0.));
#14276 = DIRECTION('',(9.946808921885E-16,1.,0.));
#14277 = ADVANCED_FACE('',(#14278),#14303,.F.);
#14278 = FACE_BOUND('',#14279,.T.);
#14279 = EDGE_LOOP('',(#14280,#14288,#14296,#14302));
#14280 = ORIENTED_EDGE('',*,*,#14281,.T.);
#14281 = EDGE_CURVE('',#14244,#14282,#14284,.T.);
#14282 = VERTEX_POINT('',#14283);
#14283 = CARTESIAN_POINT('',(2.37,0.941,-2.108));
#14284 = LINE('',#14285,#14286);
#14285 = CARTESIAN_POINT('',(1.95,0.941,-2.108));
#14286 = VECTOR('',#14287,1.);
#14287 = DIRECTION('',(1.,-2.581433744013E-16,0.));
#14288 = ORIENTED_EDGE('',*,*,#14289,.F.);
#14289 = EDGE_CURVE('',#14290,#14282,#14292,.T.);
#14290 = VERTEX_POINT('',#14291);
#14291 = CARTESIAN_POINT('',(2.37,0.941,-1.702));
#14292 = LINE('',#14293,#14294);
#14293 = CARTESIAN_POINT('',(2.37,0.941,-1.702));
#14294 = VECTOR('',#14295,1.);
#14295 = DIRECTION('',(-0.,-0.,-1.));
#14296 = ORIENTED_EDGE('',*,*,#14297,.F.);
#14297 = EDGE_CURVE('',#14252,#14290,#14298,.T.);
#14298 = LINE('',#14299,#14300);
#14299 = CARTESIAN_POINT('',(1.95,0.941,-1.702));
#14300 = VECTOR('',#14301,1.);
#14301 = DIRECTION('',(1.,-2.581433744013E-16,0.));
#14302 = ORIENTED_EDGE('',*,*,#14251,.T.);
#14303 = PLANE('',#14304);
#14304 = AXIS2_PLACEMENT_3D('',#14305,#14306,#14307);
#14305 = CARTESIAN_POINT('',(1.95,0.941,-1.702));
#14306 = DIRECTION('',(2.581433744013E-16,1.,-0.));
#14307 = DIRECTION('',(-1.,2.581433744013E-16,0.));
#14308 = ADVANCED_FACE('',(#14309),#14336,.F.);
#14309 = FACE_BOUND('',#14310,.F.);
#14310 = EDGE_LOOP('',(#14311,#14312,#14321,#14329));
#14311 = ORIENTED_EDGE('',*,*,#14289,.F.);
#14312 = ORIENTED_EDGE('',*,*,#14313,.T.);
#14313 = EDGE_CURVE('',#14290,#14314,#14316,.T.);
#14314 = VERTEX_POINT('',#14315);
#14315 = CARTESIAN_POINT('',(2.47,0.841,-1.702));
#14316 = CIRCLE('',#14317,1.E-01);
#14317 = AXIS2_PLACEMENT_3D('',#14318,#14319,#14320);
#14318 = CARTESIAN_POINT('',(2.37,0.841,-1.702));
#14319 = DIRECTION('',(-0.,0.,-1.));
#14320 = DIRECTION('',(-1.,0.,0.));
#14321 = ORIENTED_EDGE('',*,*,#14322,.T.);
#14322 = EDGE_CURVE('',#14314,#14323,#14325,.T.);
#14323 = VERTEX_POINT('',#14324);
#14324 = CARTESIAN_POINT('',(2.47,0.841,-2.108));
#14325 = LINE('',#14326,#14327);
#14326 = CARTESIAN_POINT('',(2.47,0.841,-1.702));
#14327 = VECTOR('',#14328,1.);
#14328 = DIRECTION('',(-0.,-0.,-1.));
#14329 = ORIENTED_EDGE('',*,*,#14330,.F.);
#14330 = EDGE_CURVE('',#14282,#14323,#14331,.T.);
#14331 = CIRCLE('',#14332,1.E-01);
#14332 = AXIS2_PLACEMENT_3D('',#14333,#14334,#14335);
#14333 = CARTESIAN_POINT('',(2.37,0.841,-2.108));
#14334 = DIRECTION('',(-0.,0.,-1.));
#14335 = DIRECTION('',(-1.,0.,0.));
#14336 = CYLINDRICAL_SURFACE('',#14337,1.E-01);
#14337 = AXIS2_PLACEMENT_3D('',#14338,#14339,#14340);
#14338 = CARTESIAN_POINT('',(2.37,0.841,-1.702));
#14339 = DIRECTION('',(-0.,-0.,-1.));
#14340 = DIRECTION('',(-1.,0.,0.));
#14341 = ADVANCED_FACE('',(#14342),#14367,.F.);
#14342 = FACE_BOUND('',#14343,.T.);
#14343 = EDGE_LOOP('',(#14344,#14352,#14360,#14366));
#14344 = ORIENTED_EDGE('',*,*,#14345,.T.);
#14345 = EDGE_CURVE('',#14323,#14346,#14348,.T.);
#14346 = VERTEX_POINT('',#14347);
#14347 = CARTESIAN_POINT('',(2.47,0.333936173136,-2.108));
#14348 = LINE('',#14349,#14350);
#14349 = CARTESIAN_POINT('',(2.47,0.841,-2.108));
#14350 = VECTOR('',#14351,1.);
#14351 = DIRECTION('',(-8.552786572769E-16,-1.,0.));
#14352 = ORIENTED_EDGE('',*,*,#14353,.F.);
#14353 = EDGE_CURVE('',#14354,#14346,#14356,.T.);
#14354 = VERTEX_POINT('',#14355);
#14355 = CARTESIAN_POINT('',(2.47,0.333936173136,-1.702));
#14356 = LINE('',#14357,#14358);
#14357 = CARTESIAN_POINT('',(2.47,0.333936173136,-1.702));
#14358 = VECTOR('',#14359,1.);
#14359 = DIRECTION('',(-0.,-0.,-1.));
#14360 = ORIENTED_EDGE('',*,*,#14361,.F.);
#14361 = EDGE_CURVE('',#14314,#14354,#14362,.T.);
#14362 = LINE('',#14363,#14364);
#14363 = CARTESIAN_POINT('',(2.47,0.841,-1.702));
#14364 = VECTOR('',#14365,1.);
#14365 = DIRECTION('',(-8.552786572769E-16,-1.,0.));
#14366 = ORIENTED_EDGE('',*,*,#14322,.T.);
#14367 = PLANE('',#14368);
#14368 = AXIS2_PLACEMENT_3D('',#14369,#14370,#14371);
#14369 = CARTESIAN_POINT('',(2.47,0.841,-1.702));
#14370 = DIRECTION('',(1.,-8.552786572769E-16,0.));
#14371 = DIRECTION('',(8.552786572769E-16,1.,0.));
#14372 = ADVANCED_FACE('',(#14373),#14400,.T.);
#14373 = FACE_BOUND('',#14374,.T.);
#14374 = EDGE_LOOP('',(#14375,#14384,#14392,#14399));
#14375 = ORIENTED_EDGE('',*,*,#14376,.T.);
#14376 = EDGE_CURVE('',#14346,#14377,#14379,.T.);
#14377 = VERTEX_POINT('',#14378);
#14378 = CARTESIAN_POINT('',(2.765817441349,1.671080515303E-02,-2.108));
#14379 = CIRCLE('',#14380,0.318);
#14380 = AXIS2_PLACEMENT_3D('',#14381,#14382,#14383);
#14381 = CARTESIAN_POINT('',(2.788,0.333936173136,-2.108));
#14382 = DIRECTION('',(0.,0.,1.));
#14383 = DIRECTION('',(1.,0.,-0.));
#14384 = ORIENTED_EDGE('',*,*,#14385,.F.);
#14385 = EDGE_CURVE('',#14386,#14377,#14388,.T.);
#14386 = VERTEX_POINT('',#14387);
#14387 = CARTESIAN_POINT('',(2.765817441349,1.671080515303E-02,-1.702));
#14388 = LINE('',#14389,#14390);
#14389 = CARTESIAN_POINT('',(2.765817441349,1.671080515303E-02,-1.702));
#14390 = VECTOR('',#14391,1.);
#14391 = DIRECTION('',(-0.,-0.,-1.));
#14392 = ORIENTED_EDGE('',*,*,#14393,.F.);
#14393 = EDGE_CURVE('',#14354,#14386,#14394,.T.);
#14394 = CIRCLE('',#14395,0.318);
#14395 = AXIS2_PLACEMENT_3D('',#14396,#14397,#14398);
#14396 = CARTESIAN_POINT('',(2.788,0.333936173136,-1.702));
#14397 = DIRECTION('',(0.,0.,1.));
#14398 = DIRECTION('',(1.,0.,-0.));
#14399 = ORIENTED_EDGE('',*,*,#14353,.T.);
#14400 = CYLINDRICAL_SURFACE('',#14401,0.318);
#14401 = AXIS2_PLACEMENT_3D('',#14402,#14403,#14404);
#14402 = CARTESIAN_POINT('',(2.788,0.333936173136,-1.702));
#14403 = DIRECTION('',(-0.,-0.,-1.));
#14404 = DIRECTION('',(-1.,0.,0.));
#14405 = ADVANCED_FACE('',(#14406),#14431,.F.);
#14406 = FACE_BOUND('',#14407,.T.);
#14407 = EDGE_LOOP('',(#14408,#14416,#14424,#14430));
#14408 = ORIENTED_EDGE('',*,*,#14409,.T.);
#14409 = EDGE_CURVE('',#14377,#14410,#14412,.T.);
#14410 = VERTEX_POINT('',#14411);
#14411 = CARTESIAN_POINT('',(3.004793088724,-6.776263578034E-18,-2.108)
  );
#14412 = LINE('',#14413,#14414);
#14413 = CARTESIAN_POINT('',(2.765817441349,1.671080515303E-02,-2.108));
#14414 = VECTOR('',#14415,1.);
#14415 = DIRECTION('',(0.99756405026,-6.975647374412E-02,0.));
#14416 = ORIENTED_EDGE('',*,*,#14417,.F.);
#14417 = EDGE_CURVE('',#14418,#14410,#14420,.T.);
#14418 = VERTEX_POINT('',#14419);
#14419 = CARTESIAN_POINT('',(3.004793088724,-6.776263578034E-18,-1.702)
  );
#14420 = LINE('',#14421,#14422);
#14421 = CARTESIAN_POINT('',(3.004793088724,-6.776263578034E-18,-1.702)
  );
#14422 = VECTOR('',#14423,1.);
#14423 = DIRECTION('',(-0.,-0.,-1.));
#14424 = ORIENTED_EDGE('',*,*,#14425,.F.);
#14425 = EDGE_CURVE('',#14386,#14418,#14426,.T.);
#14426 = LINE('',#14427,#14428);
#14427 = CARTESIAN_POINT('',(2.765817441349,1.671080515303E-02,-1.702));
#14428 = VECTOR('',#14429,1.);
#14429 = DIRECTION('',(0.99756405026,-6.975647374412E-02,0.));
#14430 = ORIENTED_EDGE('',*,*,#14385,.T.);
#14431 = PLANE('',#14432);
#14432 = AXIS2_PLACEMENT_3D('',#14433,#14434,#14435);
#14433 = CARTESIAN_POINT('',(2.765817441349,1.671080515303E-02,-1.702));
#14434 = DIRECTION('',(6.975647374412E-02,0.99756405026,-0.));
#14435 = DIRECTION('',(-0.99756405026,6.975647374412E-02,0.));
#14436 = ADVANCED_FACE('',(#14437),#14462,.F.);
#14437 = FACE_BOUND('',#14438,.T.);
#14438 = EDGE_LOOP('',(#14439,#14447,#14455,#14461));
#14439 = ORIENTED_EDGE('',*,*,#14440,.T.);
#14440 = EDGE_CURVE('',#14410,#14441,#14443,.T.);
#14441 = VERTEX_POINT('',#14442);
#14442 = CARTESIAN_POINT('',(3.02,0.217468962957,-2.108));
#14443 = LINE('',#14444,#14445);
#14444 = CARTESIAN_POINT('',(3.02,0.217468962957,-2.108));
#14445 = VECTOR('',#14446,1.);
#14446 = DIRECTION('',(6.975647374412E-02,0.99756405026,-0.));
#14447 = ORIENTED_EDGE('',*,*,#14448,.F.);
#14448 = EDGE_CURVE('',#14449,#14441,#14451,.T.);
#14449 = VERTEX_POINT('',#14450);
#14450 = CARTESIAN_POINT('',(3.02,0.217468962957,-1.702));
#14451 = LINE('',#14452,#14453);
#14452 = CARTESIAN_POINT('',(3.02,0.217468962957,-1.702));
#14453 = VECTOR('',#14454,1.);
#14454 = DIRECTION('',(-0.,-0.,-1.));
#14455 = ORIENTED_EDGE('',*,*,#14456,.F.);
#14456 = EDGE_CURVE('',#14418,#14449,#14457,.T.);
#14457 = LINE('',#14458,#14459);
#14458 = CARTESIAN_POINT('',(3.02,0.217468962957,-1.702));
#14459 = VECTOR('',#14460,1.);
#14460 = DIRECTION('',(6.975647374412E-02,0.99756405026,-0.));
#14461 = ORIENTED_EDGE('',*,*,#14417,.T.);
#14462 = PLANE('',#14463);
#14463 = AXIS2_PLACEMENT_3D('',#14464,#14465,#14466);
#14464 = CARTESIAN_POINT('',(3.02,0.217468962957,-1.702));
#14465 = DIRECTION('',(-0.99756405026,6.975647374412E-02,0.));
#14466 = DIRECTION('',(-6.975647374412E-02,-0.99756405026,0.));
#14467 = ADVANCED_FACE('',(#14468),#14493,.F.);
#14468 = FACE_BOUND('',#14469,.T.);
#14469 = EDGE_LOOP('',(#14470,#14478,#14486,#14492));
#14470 = ORIENTED_EDGE('',*,*,#14471,.T.);
#14471 = EDGE_CURVE('',#14441,#14472,#14474,.T.);
#14472 = VERTEX_POINT('',#14473);
#14473 = CARTESIAN_POINT('',(2.781024352626,0.23417976811,-2.108));
#14474 = LINE('',#14475,#14476);
#14475 = CARTESIAN_POINT('',(2.781024352626,0.23417976811,-2.108));
#14476 = VECTOR('',#14477,1.);
#14477 = DIRECTION('',(-0.99756405026,6.975647374412E-02,-0.));
#14478 = ORIENTED_EDGE('',*,*,#14479,.F.);
#14479 = EDGE_CURVE('',#14480,#14472,#14482,.T.);
#14480 = VERTEX_POINT('',#14481);
#14481 = CARTESIAN_POINT('',(2.781024352626,0.23417976811,-1.702));
#14482 = LINE('',#14483,#14484);
#14483 = CARTESIAN_POINT('',(2.781024352626,0.23417976811,-1.702));
#14484 = VECTOR('',#14485,1.);
#14485 = DIRECTION('',(-0.,-0.,-1.));
#14486 = ORIENTED_EDGE('',*,*,#14487,.F.);
#14487 = EDGE_CURVE('',#14449,#14480,#14488,.T.);
#14488 = LINE('',#14489,#14490);
#14489 = CARTESIAN_POINT('',(2.781024352626,0.23417976811,-1.702));
#14490 = VECTOR('',#14491,1.);
#14491 = DIRECTION('',(-0.99756405026,6.975647374412E-02,-0.));
#14492 = ORIENTED_EDGE('',*,*,#14448,.T.);
#14493 = PLANE('',#14494);
#14494 = AXIS2_PLACEMENT_3D('',#14495,#14496,#14497);
#14495 = CARTESIAN_POINT('',(2.781024352626,0.23417976811,-1.702));
#14496 = DIRECTION('',(-6.975647374412E-02,-0.99756405026,0.));
#14497 = DIRECTION('',(0.99756405026,-6.975647374412E-02,0.));
#14498 = ADVANCED_FACE('',(#14499),#14526,.F.);
#14499 = FACE_BOUND('',#14500,.F.);
#14500 = EDGE_LOOP('',(#14501,#14502,#14511,#14519));
#14501 = ORIENTED_EDGE('',*,*,#14479,.F.);
#14502 = ORIENTED_EDGE('',*,*,#14503,.T.);
#14503 = EDGE_CURVE('',#14480,#14504,#14506,.T.);
#14504 = VERTEX_POINT('',#14505);
#14505 = CARTESIAN_POINT('',(2.688,0.333936173136,-1.702));
#14506 = CIRCLE('',#14507,1.E-01);
#14507 = AXIS2_PLACEMENT_3D('',#14508,#14509,#14510);
#14508 = CARTESIAN_POINT('',(2.788,0.333936173136,-1.702));
#14509 = DIRECTION('',(0.,0.,-1.));
#14510 = DIRECTION('',(1.,0.,0.));
#14511 = ORIENTED_EDGE('',*,*,#14512,.T.);
#14512 = EDGE_CURVE('',#14504,#14513,#14515,.T.);
#14513 = VERTEX_POINT('',#14514);
#14514 = CARTESIAN_POINT('',(2.688,0.333936173136,-2.108));
#14515 = LINE('',#14516,#14517);
#14516 = CARTESIAN_POINT('',(2.688,0.333936173136,-1.702));
#14517 = VECTOR('',#14518,1.);
#14518 = DIRECTION('',(-0.,-0.,-1.));
#14519 = ORIENTED_EDGE('',*,*,#14520,.F.);
#14520 = EDGE_CURVE('',#14472,#14513,#14521,.T.);
#14521 = CIRCLE('',#14522,1.E-01);
#14522 = AXIS2_PLACEMENT_3D('',#14523,#14524,#14525);
#14523 = CARTESIAN_POINT('',(2.788,0.333936173136,-2.108));
#14524 = DIRECTION('',(0.,0.,-1.));
#14525 = DIRECTION('',(1.,0.,0.));
#14526 = CYLINDRICAL_SURFACE('',#14527,1.E-01);
#14527 = AXIS2_PLACEMENT_3D('',#14528,#14529,#14530);
#14528 = CARTESIAN_POINT('',(2.788,0.333936173136,-1.702));
#14529 = DIRECTION('',(-0.,-0.,-1.));
#14530 = DIRECTION('',(-1.,0.,0.));
#14531 = ADVANCED_FACE('',(#14532),#14557,.F.);
#14532 = FACE_BOUND('',#14533,.T.);
#14533 = EDGE_LOOP('',(#14534,#14542,#14550,#14556));
#14534 = ORIENTED_EDGE('',*,*,#14535,.T.);
#14535 = EDGE_CURVE('',#14513,#14536,#14538,.T.);
#14536 = VERTEX_POINT('',#14537);
#14537 = CARTESIAN_POINT('',(2.688,0.841,-2.108));
#14538 = LINE('',#14539,#14540);
#14539 = CARTESIAN_POINT('',(2.688,0.841,-2.108));
#14540 = VECTOR('',#14541,1.);
#14541 = DIRECTION('',(-0.,1.,-0.));
#14542 = ORIENTED_EDGE('',*,*,#14543,.F.);
#14543 = EDGE_CURVE('',#14544,#14536,#14546,.T.);
#14544 = VERTEX_POINT('',#14545);
#14545 = CARTESIAN_POINT('',(2.688,0.841,-1.702));
#14546 = LINE('',#14547,#14548);
#14547 = CARTESIAN_POINT('',(2.688,0.841,-1.702));
#14548 = VECTOR('',#14549,1.);
#14549 = DIRECTION('',(-0.,-0.,-1.));
#14550 = ORIENTED_EDGE('',*,*,#14551,.F.);
#14551 = EDGE_CURVE('',#14504,#14544,#14552,.T.);
#14552 = LINE('',#14553,#14554);
#14553 = CARTESIAN_POINT('',(2.688,0.841,-1.702));
#14554 = VECTOR('',#14555,1.);
#14555 = DIRECTION('',(-0.,1.,-0.));
#14556 = ORIENTED_EDGE('',*,*,#14512,.T.);
#14557 = PLANE('',#14558);
#14558 = AXIS2_PLACEMENT_3D('',#14559,#14560,#14561);
#14559 = CARTESIAN_POINT('',(2.688,0.841,-1.702));
#14560 = DIRECTION('',(-1.,0.,0.));
#14561 = DIRECTION('',(0.,0.,1.));
#14562 = ADVANCED_FACE('',(#14563),#14590,.T.);
#14563 = FACE_BOUND('',#14564,.T.);
#14564 = EDGE_LOOP('',(#14565,#14574,#14582,#14589));
#14565 = ORIENTED_EDGE('',*,*,#14566,.T.);
#14566 = EDGE_CURVE('',#14536,#14567,#14569,.T.);
#14567 = VERTEX_POINT('',#14568);
#14568 = CARTESIAN_POINT('',(2.37,1.159,-2.108));
#14569 = CIRCLE('',#14570,0.318);
#14570 = AXIS2_PLACEMENT_3D('',#14571,#14572,#14573);
#14571 = CARTESIAN_POINT('',(2.37,0.841,-2.108));
#14572 = DIRECTION('',(0.,0.,1.));
#14573 = DIRECTION('',(-1.,0.,0.));
#14574 = ORIENTED_EDGE('',*,*,#14575,.F.);
#14575 = EDGE_CURVE('',#14576,#14567,#14578,.T.);
#14576 = VERTEX_POINT('',#14577);
#14577 = CARTESIAN_POINT('',(2.37,1.159,-1.702));
#14578 = LINE('',#14579,#14580);
#14579 = CARTESIAN_POINT('',(2.37,1.159,-1.702));
#14580 = VECTOR('',#14581,1.);
#14581 = DIRECTION('',(-0.,-0.,-1.));
#14582 = ORIENTED_EDGE('',*,*,#14583,.F.);
#14583 = EDGE_CURVE('',#14544,#14576,#14584,.T.);
#14584 = CIRCLE('',#14585,0.318);
#14585 = AXIS2_PLACEMENT_3D('',#14586,#14587,#14588);
#14586 = CARTESIAN_POINT('',(2.37,0.841,-1.702));
#14587 = DIRECTION('',(0.,0.,1.));
#14588 = DIRECTION('',(-1.,0.,0.));
#14589 = ORIENTED_EDGE('',*,*,#14543,.T.);
#14590 = CYLINDRICAL_SURFACE('',#14591,0.318);
#14591 = AXIS2_PLACEMENT_3D('',#14592,#14593,#14594);
#14592 = CARTESIAN_POINT('',(2.37,0.841,-1.702));
#14593 = DIRECTION('',(-0.,-0.,-1.));
#14594 = DIRECTION('',(-1.,0.,0.));
#14595 = ADVANCED_FACE('',(#14596),#14612,.F.);
#14596 = FACE_BOUND('',#14597,.T.);
#14597 = EDGE_LOOP('',(#14598,#14604,#14605,#14611));
#14598 = ORIENTED_EDGE('',*,*,#14599,.T.);
#14599 = EDGE_CURVE('',#14567,#14242,#14600,.T.);
#14600 = LINE('',#14601,#14602);
#14601 = CARTESIAN_POINT('',(1.95,1.159,-2.108));
#14602 = VECTOR('',#14603,1.);
#14603 = DIRECTION('',(-1.,-0.,-0.));
#14604 = ORIENTED_EDGE('',*,*,#14267,.F.);
#14605 = ORIENTED_EDGE('',*,*,#14606,.F.);
#14606 = EDGE_CURVE('',#14576,#14260,#14607,.T.);
#14607 = LINE('',#14608,#14609);
#14608 = CARTESIAN_POINT('',(1.95,1.159,-1.702));
#14609 = VECTOR('',#14610,1.);
#14610 = DIRECTION('',(-1.,-0.,-0.));
#14611 = ORIENTED_EDGE('',*,*,#14575,.T.);
#14612 = PLANE('',#14613);
#14613 = AXIS2_PLACEMENT_3D('',#14614,#14615,#14616);
#14614 = CARTESIAN_POINT('',(1.95,1.159,-1.702));
#14615 = DIRECTION('',(0.,-1.,0.));
#14616 = DIRECTION('',(0.,-0.,-1.));
#14617 = ADVANCED_FACE('',(#14618),#14632,.F.);
#14618 = FACE_BOUND('',#14619,.T.);
#14619 = EDGE_LOOP('',(#14620,#14621,#14622,#14623,#14624,#14625,#14626,
    #14627,#14628,#14629,#14630,#14631));
#14620 = ORIENTED_EDGE('',*,*,#14259,.T.);
#14621 = ORIENTED_EDGE('',*,*,#14297,.T.);
#14622 = ORIENTED_EDGE('',*,*,#14313,.T.);
#14623 = ORIENTED_EDGE('',*,*,#14361,.T.);
#14624 = ORIENTED_EDGE('',*,*,#14393,.T.);
#14625 = ORIENTED_EDGE('',*,*,#14425,.T.);
#14626 = ORIENTED_EDGE('',*,*,#14456,.T.);
#14627 = ORIENTED_EDGE('',*,*,#14487,.T.);
#14628 = ORIENTED_EDGE('',*,*,#14503,.T.);
#14629 = ORIENTED_EDGE('',*,*,#14551,.T.);
#14630 = ORIENTED_EDGE('',*,*,#14583,.T.);
#14631 = ORIENTED_EDGE('',*,*,#14606,.T.);
#14632 = PLANE('',#14633);
#14633 = AXIS2_PLACEMENT_3D('',#14634,#14635,#14636);
#14634 = CARTESIAN_POINT('',(2.37,0.841,-1.702));
#14635 = DIRECTION('',(-0.,0.,-1.));
#14636 = DIRECTION('',(-1.,0.,0.));
#14637 = ADVANCED_FACE('',(#14638),#14652,.T.);
#14638 = FACE_BOUND('',#14639,.T.);
#14639 = EDGE_LOOP('',(#14640,#14641,#14642,#14643,#14644,#14645,#14646,
    #14647,#14648,#14649,#14650,#14651));
#14640 = ORIENTED_EDGE('',*,*,#14241,.F.);
#14641 = ORIENTED_EDGE('',*,*,#14599,.F.);
#14642 = ORIENTED_EDGE('',*,*,#14566,.F.);
#14643 = ORIENTED_EDGE('',*,*,#14535,.F.);
#14644 = ORIENTED_EDGE('',*,*,#14520,.F.);
#14645 = ORIENTED_EDGE('',*,*,#14471,.F.);
#14646 = ORIENTED_EDGE('',*,*,#14440,.F.);
#14647 = ORIENTED_EDGE('',*,*,#14409,.F.);
#14648 = ORIENTED_EDGE('',*,*,#14376,.F.);
#14649 = ORIENTED_EDGE('',*,*,#14345,.F.);
#14650 = ORIENTED_EDGE('',*,*,#14330,.F.);
#14651 = ORIENTED_EDGE('',*,*,#14281,.F.);
#14652 = PLANE('',#14653);
#14653 = AXIS2_PLACEMENT_3D('',#14654,#14655,#14656);
#14654 = CARTESIAN_POINT('',(2.37,0.841,-2.108));
#14655 = DIRECTION('',(-0.,0.,-1.));
#14656 = DIRECTION('',(-1.,0.,0.));
#14657 = MANIFOLD_SOLID_BREP('',#14658);
#14658 = CLOSED_SHELL('',(#14659,#14699,#14730,#14763,#14794,#14827,
    #14858,#14889,#14920,#14953,#14984,#15017,#15039,#15059));
#14659 = ADVANCED_FACE('',(#14660),#14694,.F.);
#14660 = FACE_BOUND('',#14661,.T.);
#14661 = EDGE_LOOP('',(#14662,#14672,#14680,#14688));
#14662 = ORIENTED_EDGE('',*,*,#14663,.T.);
#14663 = EDGE_CURVE('',#14664,#14666,#14668,.T.);
#14664 = VERTEX_POINT('',#14665);
#14665 = CARTESIAN_POINT('',(1.95,1.159,-0.838));
#14666 = VERTEX_POINT('',#14667);
#14667 = CARTESIAN_POINT('',(1.95,0.941,-0.838));
#14668 = LINE('',#14669,#14670);
#14669 = CARTESIAN_POINT('',(1.95,1.159,-0.838));
#14670 = VECTOR('',#14671,1.);
#14671 = DIRECTION('',(-9.946808921885E-16,-1.,0.));
#14672 = ORIENTED_EDGE('',*,*,#14673,.F.);
#14673 = EDGE_CURVE('',#14674,#14666,#14676,.T.);
#14674 = VERTEX_POINT('',#14675);
#14675 = CARTESIAN_POINT('',(1.95,0.941,-0.432));
#14676 = LINE('',#14677,#14678);
#14677 = CARTESIAN_POINT('',(1.95,0.941,-0.432));
#14678 = VECTOR('',#14679,1.);
#14679 = DIRECTION('',(-0.,-0.,-1.));
#14680 = ORIENTED_EDGE('',*,*,#14681,.F.);
#14681 = EDGE_CURVE('',#14682,#14674,#14684,.T.);
#14682 = VERTEX_POINT('',#14683);
#14683 = CARTESIAN_POINT('',(1.95,1.159,-0.432));
#14684 = LINE('',#14685,#14686);
#14685 = CARTESIAN_POINT('',(1.95,1.159,-0.432));
#14686 = VECTOR('',#14687,1.);
#14687 = DIRECTION('',(-9.946808921885E-16,-1.,0.));
#14688 = ORIENTED_EDGE('',*,*,#14689,.T.);
#14689 = EDGE_CURVE('',#14682,#14664,#14690,.T.);
#14690 = LINE('',#14691,#14692);
#14691 = CARTESIAN_POINT('',(1.95,1.159,-0.432));
#14692 = VECTOR('',#14693,1.);
#14693 = DIRECTION('',(-0.,-0.,-1.));
#14694 = PLANE('',#14695);
#14695 = AXIS2_PLACEMENT_3D('',#14696,#14697,#14698);
#14696 = CARTESIAN_POINT('',(1.95,1.159,-0.432));
#14697 = DIRECTION('',(1.,-9.946808921885E-16,0.));
#14698 = DIRECTION('',(9.946808921885E-16,1.,0.));
#14699 = ADVANCED_FACE('',(#14700),#14725,.F.);
#14700 = FACE_BOUND('',#14701,.T.);
#14701 = EDGE_LOOP('',(#14702,#14710,#14718,#14724));
#14702 = ORIENTED_EDGE('',*,*,#14703,.T.);
#14703 = EDGE_CURVE('',#14666,#14704,#14706,.T.);
#14704 = VERTEX_POINT('',#14705);
#14705 = CARTESIAN_POINT('',(2.37,0.941,-0.838));
#14706 = LINE('',#14707,#14708);
#14707 = CARTESIAN_POINT('',(1.95,0.941,-0.838));
#14708 = VECTOR('',#14709,1.);
#14709 = DIRECTION('',(1.,-2.581433744013E-16,0.));
#14710 = ORIENTED_EDGE('',*,*,#14711,.F.);
#14711 = EDGE_CURVE('',#14712,#14704,#14714,.T.);
#14712 = VERTEX_POINT('',#14713);
#14713 = CARTESIAN_POINT('',(2.37,0.941,-0.432));
#14714 = LINE('',#14715,#14716);
#14715 = CARTESIAN_POINT('',(2.37,0.941,-0.432));
#14716 = VECTOR('',#14717,1.);
#14717 = DIRECTION('',(-0.,-0.,-1.));
#14718 = ORIENTED_EDGE('',*,*,#14719,.F.);
#14719 = EDGE_CURVE('',#14674,#14712,#14720,.T.);
#14720 = LINE('',#14721,#14722);
#14721 = CARTESIAN_POINT('',(1.95,0.941,-0.432));
#14722 = VECTOR('',#14723,1.);
#14723 = DIRECTION('',(1.,-2.581433744013E-16,0.));
#14724 = ORIENTED_EDGE('',*,*,#14673,.T.);
#14725 = PLANE('',#14726);
#14726 = AXIS2_PLACEMENT_3D('',#14727,#14728,#14729);
#14727 = CARTESIAN_POINT('',(1.95,0.941,-0.432));
#14728 = DIRECTION('',(2.581433744013E-16,1.,-0.));
#14729 = DIRECTION('',(-1.,2.581433744013E-16,0.));
#14730 = ADVANCED_FACE('',(#14731),#14758,.F.);
#14731 = FACE_BOUND('',#14732,.F.);
#14732 = EDGE_LOOP('',(#14733,#14734,#14743,#14751));
#14733 = ORIENTED_EDGE('',*,*,#14711,.F.);
#14734 = ORIENTED_EDGE('',*,*,#14735,.T.);
#14735 = EDGE_CURVE('',#14712,#14736,#14738,.T.);
#14736 = VERTEX_POINT('',#14737);
#14737 = CARTESIAN_POINT('',(2.47,0.841,-0.432));
#14738 = CIRCLE('',#14739,1.E-01);
#14739 = AXIS2_PLACEMENT_3D('',#14740,#14741,#14742);
#14740 = CARTESIAN_POINT('',(2.37,0.841,-0.432));
#14741 = DIRECTION('',(-0.,0.,-1.));
#14742 = DIRECTION('',(-1.,0.,0.));
#14743 = ORIENTED_EDGE('',*,*,#14744,.T.);
#14744 = EDGE_CURVE('',#14736,#14745,#14747,.T.);
#14745 = VERTEX_POINT('',#14746);
#14746 = CARTESIAN_POINT('',(2.47,0.841,-0.838));
#14747 = LINE('',#14748,#14749);
#14748 = CARTESIAN_POINT('',(2.47,0.841,-0.432));
#14749 = VECTOR('',#14750,1.);
#14750 = DIRECTION('',(-0.,-0.,-1.));
#14751 = ORIENTED_EDGE('',*,*,#14752,.F.);
#14752 = EDGE_CURVE('',#14704,#14745,#14753,.T.);
#14753 = CIRCLE('',#14754,1.E-01);
#14754 = AXIS2_PLACEMENT_3D('',#14755,#14756,#14757);
#14755 = CARTESIAN_POINT('',(2.37,0.841,-0.838));
#14756 = DIRECTION('',(-0.,0.,-1.));
#14757 = DIRECTION('',(-1.,0.,0.));
#14758 = CYLINDRICAL_SURFACE('',#14759,1.E-01);
#14759 = AXIS2_PLACEMENT_3D('',#14760,#14761,#14762);
#14760 = CARTESIAN_POINT('',(2.37,0.841,-0.432));
#14761 = DIRECTION('',(-0.,-0.,-1.));
#14762 = DIRECTION('',(-1.,0.,0.));
#14763 = ADVANCED_FACE('',(#14764),#14789,.F.);
#14764 = FACE_BOUND('',#14765,.T.);
#14765 = EDGE_LOOP('',(#14766,#14774,#14782,#14788));
#14766 = ORIENTED_EDGE('',*,*,#14767,.T.);
#14767 = EDGE_CURVE('',#14745,#14768,#14770,.T.);
#14768 = VERTEX_POINT('',#14769);
#14769 = CARTESIAN_POINT('',(2.47,0.333936173136,-0.838));
#14770 = LINE('',#14771,#14772);
#14771 = CARTESIAN_POINT('',(2.47,0.841,-0.838));
#14772 = VECTOR('',#14773,1.);
#14773 = DIRECTION('',(-8.552786572769E-16,-1.,0.));
#14774 = ORIENTED_EDGE('',*,*,#14775,.F.);
#14775 = EDGE_CURVE('',#14776,#14768,#14778,.T.);
#14776 = VERTEX_POINT('',#14777);
#14777 = CARTESIAN_POINT('',(2.47,0.333936173136,-0.432));
#14778 = LINE('',#14779,#14780);
#14779 = CARTESIAN_POINT('',(2.47,0.333936173136,-0.432));
#14780 = VECTOR('',#14781,1.);
#14781 = DIRECTION('',(-0.,-0.,-1.));
#14782 = ORIENTED_EDGE('',*,*,#14783,.F.);
#14783 = EDGE_CURVE('',#14736,#14776,#14784,.T.);
#14784 = LINE('',#14785,#14786);
#14785 = CARTESIAN_POINT('',(2.47,0.841,-0.432));
#14786 = VECTOR('',#14787,1.);
#14787 = DIRECTION('',(-8.552786572769E-16,-1.,0.));
#14788 = ORIENTED_EDGE('',*,*,#14744,.T.);
#14789 = PLANE('',#14790);
#14790 = AXIS2_PLACEMENT_3D('',#14791,#14792,#14793);
#14791 = CARTESIAN_POINT('',(2.47,0.841,-0.432));
#14792 = DIRECTION('',(1.,-8.552786572769E-16,0.));
#14793 = DIRECTION('',(8.552786572769E-16,1.,0.));
#14794 = ADVANCED_FACE('',(#14795),#14822,.T.);
#14795 = FACE_BOUND('',#14796,.T.);
#14796 = EDGE_LOOP('',(#14797,#14806,#14814,#14821));
#14797 = ORIENTED_EDGE('',*,*,#14798,.T.);
#14798 = EDGE_CURVE('',#14768,#14799,#14801,.T.);
#14799 = VERTEX_POINT('',#14800);
#14800 = CARTESIAN_POINT('',(2.765817441349,1.671080515303E-02,-0.838));
#14801 = CIRCLE('',#14802,0.318);
#14802 = AXIS2_PLACEMENT_3D('',#14803,#14804,#14805);
#14803 = CARTESIAN_POINT('',(2.788,0.333936173136,-0.838));
#14804 = DIRECTION('',(0.,0.,1.));
#14805 = DIRECTION('',(1.,0.,-0.));
#14806 = ORIENTED_EDGE('',*,*,#14807,.F.);
#14807 = EDGE_CURVE('',#14808,#14799,#14810,.T.);
#14808 = VERTEX_POINT('',#14809);
#14809 = CARTESIAN_POINT('',(2.765817441349,1.671080515303E-02,-0.432));
#14810 = LINE('',#14811,#14812);
#14811 = CARTESIAN_POINT('',(2.765817441349,1.671080515303E-02,-0.432));
#14812 = VECTOR('',#14813,1.);
#14813 = DIRECTION('',(-0.,-0.,-1.));
#14814 = ORIENTED_EDGE('',*,*,#14815,.F.);
#14815 = EDGE_CURVE('',#14776,#14808,#14816,.T.);
#14816 = CIRCLE('',#14817,0.318);
#14817 = AXIS2_PLACEMENT_3D('',#14818,#14819,#14820);
#14818 = CARTESIAN_POINT('',(2.788,0.333936173136,-0.432));
#14819 = DIRECTION('',(0.,0.,1.));
#14820 = DIRECTION('',(1.,0.,-0.));
#14821 = ORIENTED_EDGE('',*,*,#14775,.T.);
#14822 = CYLINDRICAL_SURFACE('',#14823,0.318);
#14823 = AXIS2_PLACEMENT_3D('',#14824,#14825,#14826);
#14824 = CARTESIAN_POINT('',(2.788,0.333936173136,-0.432));
#14825 = DIRECTION('',(-0.,-0.,-1.));
#14826 = DIRECTION('',(-1.,0.,0.));
#14827 = ADVANCED_FACE('',(#14828),#14853,.F.);
#14828 = FACE_BOUND('',#14829,.T.);
#14829 = EDGE_LOOP('',(#14830,#14838,#14846,#14852));
#14830 = ORIENTED_EDGE('',*,*,#14831,.T.);
#14831 = EDGE_CURVE('',#14799,#14832,#14834,.T.);
#14832 = VERTEX_POINT('',#14833);
#14833 = CARTESIAN_POINT('',(3.004793088724,-6.776263578034E-18,-0.838)
  );
#14834 = LINE('',#14835,#14836);
#14835 = CARTESIAN_POINT('',(2.765817441349,1.671080515303E-02,-0.838));
#14836 = VECTOR('',#14837,1.);
#14837 = DIRECTION('',(0.99756405026,-6.975647374412E-02,0.));
#14838 = ORIENTED_EDGE('',*,*,#14839,.F.);
#14839 = EDGE_CURVE('',#14840,#14832,#14842,.T.);
#14840 = VERTEX_POINT('',#14841);
#14841 = CARTESIAN_POINT('',(3.004793088724,-6.776263578034E-18,-0.432)
  );
#14842 = LINE('',#14843,#14844);
#14843 = CARTESIAN_POINT('',(3.004793088724,-6.776263578034E-18,-0.432)
  );
#14844 = VECTOR('',#14845,1.);
#14845 = DIRECTION('',(-0.,-0.,-1.));
#14846 = ORIENTED_EDGE('',*,*,#14847,.F.);
#14847 = EDGE_CURVE('',#14808,#14840,#14848,.T.);
#14848 = LINE('',#14849,#14850);
#14849 = CARTESIAN_POINT('',(2.765817441349,1.671080515303E-02,-0.432));
#14850 = VECTOR('',#14851,1.);
#14851 = DIRECTION('',(0.99756405026,-6.975647374412E-02,0.));
#14852 = ORIENTED_EDGE('',*,*,#14807,.T.);
#14853 = PLANE('',#14854);
#14854 = AXIS2_PLACEMENT_3D('',#14855,#14856,#14857);
#14855 = CARTESIAN_POINT('',(2.765817441349,1.671080515303E-02,-0.432));
#14856 = DIRECTION('',(6.975647374412E-02,0.99756405026,-0.));
#14857 = DIRECTION('',(-0.99756405026,6.975647374412E-02,0.));
#14858 = ADVANCED_FACE('',(#14859),#14884,.F.);
#14859 = FACE_BOUND('',#14860,.T.);
#14860 = EDGE_LOOP('',(#14861,#14869,#14877,#14883));
#14861 = ORIENTED_EDGE('',*,*,#14862,.T.);
#14862 = EDGE_CURVE('',#14832,#14863,#14865,.T.);
#14863 = VERTEX_POINT('',#14864);
#14864 = CARTESIAN_POINT('',(3.02,0.217468962957,-0.838));
#14865 = LINE('',#14866,#14867);
#14866 = CARTESIAN_POINT('',(3.02,0.217468962957,-0.838));
#14867 = VECTOR('',#14868,1.);
#14868 = DIRECTION('',(6.975647374412E-02,0.99756405026,-0.));
#14869 = ORIENTED_EDGE('',*,*,#14870,.F.);
#14870 = EDGE_CURVE('',#14871,#14863,#14873,.T.);
#14871 = VERTEX_POINT('',#14872);
#14872 = CARTESIAN_POINT('',(3.02,0.217468962957,-0.432));
#14873 = LINE('',#14874,#14875);
#14874 = CARTESIAN_POINT('',(3.02,0.217468962957,-0.432));
#14875 = VECTOR('',#14876,1.);
#14876 = DIRECTION('',(-0.,-0.,-1.));
#14877 = ORIENTED_EDGE('',*,*,#14878,.F.);
#14878 = EDGE_CURVE('',#14840,#14871,#14879,.T.);
#14879 = LINE('',#14880,#14881);
#14880 = CARTESIAN_POINT('',(3.02,0.217468962957,-0.432));
#14881 = VECTOR('',#14882,1.);
#14882 = DIRECTION('',(6.975647374412E-02,0.99756405026,-0.));
#14883 = ORIENTED_EDGE('',*,*,#14839,.T.);
#14884 = PLANE('',#14885);
#14885 = AXIS2_PLACEMENT_3D('',#14886,#14887,#14888);
#14886 = CARTESIAN_POINT('',(3.02,0.217468962957,-0.432));
#14887 = DIRECTION('',(-0.99756405026,6.975647374412E-02,0.));
#14888 = DIRECTION('',(-6.975647374412E-02,-0.99756405026,0.));
#14889 = ADVANCED_FACE('',(#14890),#14915,.F.);
#14890 = FACE_BOUND('',#14891,.T.);
#14891 = EDGE_LOOP('',(#14892,#14900,#14908,#14914));
#14892 = ORIENTED_EDGE('',*,*,#14893,.T.);
#14893 = EDGE_CURVE('',#14863,#14894,#14896,.T.);
#14894 = VERTEX_POINT('',#14895);
#14895 = CARTESIAN_POINT('',(2.781024352626,0.23417976811,-0.838));
#14896 = LINE('',#14897,#14898);
#14897 = CARTESIAN_POINT('',(2.781024352626,0.23417976811,-0.838));
#14898 = VECTOR('',#14899,1.);
#14899 = DIRECTION('',(-0.99756405026,6.975647374412E-02,-0.));
#14900 = ORIENTED_EDGE('',*,*,#14901,.F.);
#14901 = EDGE_CURVE('',#14902,#14894,#14904,.T.);
#14902 = VERTEX_POINT('',#14903);
#14903 = CARTESIAN_POINT('',(2.781024352626,0.23417976811,-0.432));
#14904 = LINE('',#14905,#14906);
#14905 = CARTESIAN_POINT('',(2.781024352626,0.23417976811,-0.432));
#14906 = VECTOR('',#14907,1.);
#14907 = DIRECTION('',(-0.,-0.,-1.));
#14908 = ORIENTED_EDGE('',*,*,#14909,.F.);
#14909 = EDGE_CURVE('',#14871,#14902,#14910,.T.);
#14910 = LINE('',#14911,#14912);
#14911 = CARTESIAN_POINT('',(2.781024352626,0.23417976811,-0.432));
#14912 = VECTOR('',#14913,1.);
#14913 = DIRECTION('',(-0.99756405026,6.975647374412E-02,-0.));
#14914 = ORIENTED_EDGE('',*,*,#14870,.T.);
#14915 = PLANE('',#14916);
#14916 = AXIS2_PLACEMENT_3D('',#14917,#14918,#14919);
#14917 = CARTESIAN_POINT('',(2.781024352626,0.23417976811,-0.432));
#14918 = DIRECTION('',(-6.975647374412E-02,-0.99756405026,0.));
#14919 = DIRECTION('',(0.99756405026,-6.975647374412E-02,0.));
#14920 = ADVANCED_FACE('',(#14921),#14948,.F.);
#14921 = FACE_BOUND('',#14922,.F.);
#14922 = EDGE_LOOP('',(#14923,#14924,#14933,#14941));
#14923 = ORIENTED_EDGE('',*,*,#14901,.F.);
#14924 = ORIENTED_EDGE('',*,*,#14925,.T.);
#14925 = EDGE_CURVE('',#14902,#14926,#14928,.T.);
#14926 = VERTEX_POINT('',#14927);
#14927 = CARTESIAN_POINT('',(2.688,0.333936173136,-0.432));
#14928 = CIRCLE('',#14929,1.E-01);
#14929 = AXIS2_PLACEMENT_3D('',#14930,#14931,#14932);
#14930 = CARTESIAN_POINT('',(2.788,0.333936173136,-0.432));
#14931 = DIRECTION('',(0.,0.,-1.));
#14932 = DIRECTION('',(1.,0.,0.));
#14933 = ORIENTED_EDGE('',*,*,#14934,.T.);
#14934 = EDGE_CURVE('',#14926,#14935,#14937,.T.);
#14935 = VERTEX_POINT('',#14936);
#14936 = CARTESIAN_POINT('',(2.688,0.333936173136,-0.838));
#14937 = LINE('',#14938,#14939);
#14938 = CARTESIAN_POINT('',(2.688,0.333936173136,-0.432));
#14939 = VECTOR('',#14940,1.);
#14940 = DIRECTION('',(-0.,-0.,-1.));
#14941 = ORIENTED_EDGE('',*,*,#14942,.F.);
#14942 = EDGE_CURVE('',#14894,#14935,#14943,.T.);
#14943 = CIRCLE('',#14944,1.E-01);
#14944 = AXIS2_PLACEMENT_3D('',#14945,#14946,#14947);
#14945 = CARTESIAN_POINT('',(2.788,0.333936173136,-0.838));
#14946 = DIRECTION('',(0.,0.,-1.));
#14947 = DIRECTION('',(1.,0.,0.));
#14948 = CYLINDRICAL_SURFACE('',#14949,1.E-01);
#14949 = AXIS2_PLACEMENT_3D('',#14950,#14951,#14952);
#14950 = CARTESIAN_POINT('',(2.788,0.333936173136,-0.432));
#14951 = DIRECTION('',(-0.,-0.,-1.));
#14952 = DIRECTION('',(-1.,0.,0.));
#14953 = ADVANCED_FACE('',(#14954),#14979,.F.);
#14954 = FACE_BOUND('',#14955,.T.);
#14955 = EDGE_LOOP('',(#14956,#14964,#14972,#14978));
#14956 = ORIENTED_EDGE('',*,*,#14957,.T.);
#14957 = EDGE_CURVE('',#14935,#14958,#14960,.T.);
#14958 = VERTEX_POINT('',#14959);
#14959 = CARTESIAN_POINT('',(2.688,0.841,-0.838));
#14960 = LINE('',#14961,#14962);
#14961 = CARTESIAN_POINT('',(2.688,0.841,-0.838));
#14962 = VECTOR('',#14963,1.);
#14963 = DIRECTION('',(-0.,1.,-0.));
#14964 = ORIENTED_EDGE('',*,*,#14965,.F.);
#14965 = EDGE_CURVE('',#14966,#14958,#14968,.T.);
#14966 = VERTEX_POINT('',#14967);
#14967 = CARTESIAN_POINT('',(2.688,0.841,-0.432));
#14968 = LINE('',#14969,#14970);
#14969 = CARTESIAN_POINT('',(2.688,0.841,-0.432));
#14970 = VECTOR('',#14971,1.);
#14971 = DIRECTION('',(-0.,-0.,-1.));
#14972 = ORIENTED_EDGE('',*,*,#14973,.F.);
#14973 = EDGE_CURVE('',#14926,#14966,#14974,.T.);
#14974 = LINE('',#14975,#14976);
#14975 = CARTESIAN_POINT('',(2.688,0.841,-0.432));
#14976 = VECTOR('',#14977,1.);
#14977 = DIRECTION('',(-0.,1.,-0.));
#14978 = ORIENTED_EDGE('',*,*,#14934,.T.);
#14979 = PLANE('',#14980);
#14980 = AXIS2_PLACEMENT_3D('',#14981,#14982,#14983);
#14981 = CARTESIAN_POINT('',(2.688,0.841,-0.432));
#14982 = DIRECTION('',(-1.,0.,0.));
#14983 = DIRECTION('',(0.,0.,1.));
#14984 = ADVANCED_FACE('',(#14985),#15012,.T.);
#14985 = FACE_BOUND('',#14986,.T.);
#14986 = EDGE_LOOP('',(#14987,#14996,#15004,#15011));
#14987 = ORIENTED_EDGE('',*,*,#14988,.T.);
#14988 = EDGE_CURVE('',#14958,#14989,#14991,.T.);
#14989 = VERTEX_POINT('',#14990);
#14990 = CARTESIAN_POINT('',(2.37,1.159,-0.838));
#14991 = CIRCLE('',#14992,0.318);
#14992 = AXIS2_PLACEMENT_3D('',#14993,#14994,#14995);
#14993 = CARTESIAN_POINT('',(2.37,0.841,-0.838));
#14994 = DIRECTION('',(0.,0.,1.));
#14995 = DIRECTION('',(-1.,0.,0.));
#14996 = ORIENTED_EDGE('',*,*,#14997,.F.);
#14997 = EDGE_CURVE('',#14998,#14989,#15000,.T.);
#14998 = VERTEX_POINT('',#14999);
#14999 = CARTESIAN_POINT('',(2.37,1.159,-0.432));
#15000 = LINE('',#15001,#15002);
#15001 = CARTESIAN_POINT('',(2.37,1.159,-0.432));
#15002 = VECTOR('',#15003,1.);
#15003 = DIRECTION('',(-0.,-0.,-1.));
#15004 = ORIENTED_EDGE('',*,*,#15005,.F.);
#15005 = EDGE_CURVE('',#14966,#14998,#15006,.T.);
#15006 = CIRCLE('',#15007,0.318);
#15007 = AXIS2_PLACEMENT_3D('',#15008,#15009,#15010);
#15008 = CARTESIAN_POINT('',(2.37,0.841,-0.432));
#15009 = DIRECTION('',(0.,0.,1.));
#15010 = DIRECTION('',(-1.,0.,0.));
#15011 = ORIENTED_EDGE('',*,*,#14965,.T.);
#15012 = CYLINDRICAL_SURFACE('',#15013,0.318);
#15013 = AXIS2_PLACEMENT_3D('',#15014,#15015,#15016);
#15014 = CARTESIAN_POINT('',(2.37,0.841,-0.432));
#15015 = DIRECTION('',(-0.,-0.,-1.));
#15016 = DIRECTION('',(-1.,0.,0.));
#15017 = ADVANCED_FACE('',(#15018),#15034,.F.);
#15018 = FACE_BOUND('',#15019,.T.);
#15019 = EDGE_LOOP('',(#15020,#15026,#15027,#15033));
#15020 = ORIENTED_EDGE('',*,*,#15021,.T.);
#15021 = EDGE_CURVE('',#14989,#14664,#15022,.T.);
#15022 = LINE('',#15023,#15024);
#15023 = CARTESIAN_POINT('',(1.95,1.159,-0.838));
#15024 = VECTOR('',#15025,1.);
#15025 = DIRECTION('',(-1.,-0.,-0.));
#15026 = ORIENTED_EDGE('',*,*,#14689,.F.);
#15027 = ORIENTED_EDGE('',*,*,#15028,.F.);
#15028 = EDGE_CURVE('',#14998,#14682,#15029,.T.);
#15029 = LINE('',#15030,#15031);
#15030 = CARTESIAN_POINT('',(1.95,1.159,-0.432));
#15031 = VECTOR('',#15032,1.);
#15032 = DIRECTION('',(-1.,-0.,-0.));
#15033 = ORIENTED_EDGE('',*,*,#14997,.T.);
#15034 = PLANE('',#15035);
#15035 = AXIS2_PLACEMENT_3D('',#15036,#15037,#15038);
#15036 = CARTESIAN_POINT('',(1.95,1.159,-0.432));
#15037 = DIRECTION('',(0.,-1.,0.));
#15038 = DIRECTION('',(0.,-0.,-1.));
#15039 = ADVANCED_FACE('',(#15040),#15054,.F.);
#15040 = FACE_BOUND('',#15041,.T.);
#15041 = EDGE_LOOP('',(#15042,#15043,#15044,#15045,#15046,#15047,#15048,
    #15049,#15050,#15051,#15052,#15053));
#15042 = ORIENTED_EDGE('',*,*,#14681,.T.);
#15043 = ORIENTED_EDGE('',*,*,#14719,.T.);
#15044 = ORIENTED_EDGE('',*,*,#14735,.T.);
#15045 = ORIENTED_EDGE('',*,*,#14783,.T.);
#15046 = ORIENTED_EDGE('',*,*,#14815,.T.);
#15047 = ORIENTED_EDGE('',*,*,#14847,.T.);
#15048 = ORIENTED_EDGE('',*,*,#14878,.T.);
#15049 = ORIENTED_EDGE('',*,*,#14909,.T.);
#15050 = ORIENTED_EDGE('',*,*,#14925,.T.);
#15051 = ORIENTED_EDGE('',*,*,#14973,.T.);
#15052 = ORIENTED_EDGE('',*,*,#15005,.T.);
#15053 = ORIENTED_EDGE('',*,*,#15028,.T.);
#15054 = PLANE('',#15055);
#15055 = AXIS2_PLACEMENT_3D('',#15056,#15057,#15058);
#15056 = CARTESIAN_POINT('',(2.37,0.841,-0.432));
#15057 = DIRECTION('',(-0.,0.,-1.));
#15058 = DIRECTION('',(-1.,0.,0.));
#15059 = ADVANCED_FACE('',(#15060),#15074,.T.);
#15060 = FACE_BOUND('',#15061,.T.);
#15061 = EDGE_LOOP('',(#15062,#15063,#15064,#15065,#15066,#15067,#15068,
    #15069,#15070,#15071,#15072,#15073));
#15062 = ORIENTED_EDGE('',*,*,#14663,.F.);
#15063 = ORIENTED_EDGE('',*,*,#15021,.F.);
#15064 = ORIENTED_EDGE('',*,*,#14988,.F.);
#15065 = ORIENTED_EDGE('',*,*,#14957,.F.);
#15066 = ORIENTED_EDGE('',*,*,#14942,.F.);
#15067 = ORIENTED_EDGE('',*,*,#14893,.F.);
#15068 = ORIENTED_EDGE('',*,*,#14862,.F.);
#15069 = ORIENTED_EDGE('',*,*,#14831,.F.);
#15070 = ORIENTED_EDGE('',*,*,#14798,.F.);
#15071 = ORIENTED_EDGE('',*,*,#14767,.F.);
#15072 = ORIENTED_EDGE('',*,*,#14752,.F.);
#15073 = ORIENTED_EDGE('',*,*,#14703,.F.);
#15074 = PLANE('',#15075);
#15075 = AXIS2_PLACEMENT_3D('',#15076,#15077,#15078);
#15076 = CARTESIAN_POINT('',(2.37,0.841,-0.838));
#15077 = DIRECTION('',(-0.,0.,-1.));
#15078 = DIRECTION('',(-1.,0.,0.));
#15079 = MANIFOLD_SOLID_BREP('',#15080);
#15080 = CLOSED_SHELL('',(#15081,#15121,#15152,#15185,#15216,#15249,
    #15280,#15311,#15342,#15375,#15406,#15439,#15461,#15481));
#15081 = ADVANCED_FACE('',(#15082),#15116,.F.);
#15082 = FACE_BOUND('',#15083,.T.);
#15083 = EDGE_LOOP('',(#15084,#15094,#15102,#15110));
#15084 = ORIENTED_EDGE('',*,*,#15085,.T.);
#15085 = EDGE_CURVE('',#15086,#15088,#15090,.T.);
#15086 = VERTEX_POINT('',#15087);
#15087 = CARTESIAN_POINT('',(1.95,1.159,0.432));
#15088 = VERTEX_POINT('',#15089);
#15089 = CARTESIAN_POINT('',(1.95,0.941,0.432));
#15090 = LINE('',#15091,#15092);
#15091 = CARTESIAN_POINT('',(1.95,1.159,0.432));
#15092 = VECTOR('',#15093,1.);
#15093 = DIRECTION('',(-9.946808921885E-16,-1.,0.));
#15094 = ORIENTED_EDGE('',*,*,#15095,.F.);
#15095 = EDGE_CURVE('',#15096,#15088,#15098,.T.);
#15096 = VERTEX_POINT('',#15097);
#15097 = CARTESIAN_POINT('',(1.95,0.941,0.838));
#15098 = LINE('',#15099,#15100);
#15099 = CARTESIAN_POINT('',(1.95,0.941,0.838));
#15100 = VECTOR('',#15101,1.);
#15101 = DIRECTION('',(-0.,-0.,-1.));
#15102 = ORIENTED_EDGE('',*,*,#15103,.F.);
#15103 = EDGE_CURVE('',#15104,#15096,#15106,.T.);
#15104 = VERTEX_POINT('',#15105);
#15105 = CARTESIAN_POINT('',(1.95,1.159,0.838));
#15106 = LINE('',#15107,#15108);
#15107 = CARTESIAN_POINT('',(1.95,1.159,0.838));
#15108 = VECTOR('',#15109,1.);
#15109 = DIRECTION('',(-9.946808921885E-16,-1.,0.));
#15110 = ORIENTED_EDGE('',*,*,#15111,.T.);
#15111 = EDGE_CURVE('',#15104,#15086,#15112,.T.);
#15112 = LINE('',#15113,#15114);
#15113 = CARTESIAN_POINT('',(1.95,1.159,0.838));
#15114 = VECTOR('',#15115,1.);
#15115 = DIRECTION('',(-0.,-0.,-1.));
#15116 = PLANE('',#15117);
#15117 = AXIS2_PLACEMENT_3D('',#15118,#15119,#15120);
#15118 = CARTESIAN_POINT('',(1.95,1.159,0.838));
#15119 = DIRECTION('',(1.,-9.946808921885E-16,0.));
#15120 = DIRECTION('',(9.946808921885E-16,1.,0.));
#15121 = ADVANCED_FACE('',(#15122),#15147,.F.);
#15122 = FACE_BOUND('',#15123,.T.);
#15123 = EDGE_LOOP('',(#15124,#15132,#15140,#15146));
#15124 = ORIENTED_EDGE('',*,*,#15125,.T.);
#15125 = EDGE_CURVE('',#15088,#15126,#15128,.T.);
#15126 = VERTEX_POINT('',#15127);
#15127 = CARTESIAN_POINT('',(2.37,0.941,0.432));
#15128 = LINE('',#15129,#15130);
#15129 = CARTESIAN_POINT('',(1.95,0.941,0.432));
#15130 = VECTOR('',#15131,1.);
#15131 = DIRECTION('',(1.,-2.581433744013E-16,0.));
#15132 = ORIENTED_EDGE('',*,*,#15133,.F.);
#15133 = EDGE_CURVE('',#15134,#15126,#15136,.T.);
#15134 = VERTEX_POINT('',#15135);
#15135 = CARTESIAN_POINT('',(2.37,0.941,0.838));
#15136 = LINE('',#15137,#15138);
#15137 = CARTESIAN_POINT('',(2.37,0.941,0.838));
#15138 = VECTOR('',#15139,1.);
#15139 = DIRECTION('',(-0.,-0.,-1.));
#15140 = ORIENTED_EDGE('',*,*,#15141,.F.);
#15141 = EDGE_CURVE('',#15096,#15134,#15142,.T.);
#15142 = LINE('',#15143,#15144);
#15143 = CARTESIAN_POINT('',(1.95,0.941,0.838));
#15144 = VECTOR('',#15145,1.);
#15145 = DIRECTION('',(1.,-2.581433744013E-16,0.));
#15146 = ORIENTED_EDGE('',*,*,#15095,.T.);
#15147 = PLANE('',#15148);
#15148 = AXIS2_PLACEMENT_3D('',#15149,#15150,#15151);
#15149 = CARTESIAN_POINT('',(1.95,0.941,0.838));
#15150 = DIRECTION('',(2.581433744013E-16,1.,-0.));
#15151 = DIRECTION('',(-1.,2.581433744013E-16,0.));
#15152 = ADVANCED_FACE('',(#15153),#15180,.F.);
#15153 = FACE_BOUND('',#15154,.F.);
#15154 = EDGE_LOOP('',(#15155,#15156,#15165,#15173));
#15155 = ORIENTED_EDGE('',*,*,#15133,.F.);
#15156 = ORIENTED_EDGE('',*,*,#15157,.T.);
#15157 = EDGE_CURVE('',#15134,#15158,#15160,.T.);
#15158 = VERTEX_POINT('',#15159);
#15159 = CARTESIAN_POINT('',(2.47,0.841,0.838));
#15160 = CIRCLE('',#15161,1.E-01);
#15161 = AXIS2_PLACEMENT_3D('',#15162,#15163,#15164);
#15162 = CARTESIAN_POINT('',(2.37,0.841,0.838));
#15163 = DIRECTION('',(-0.,0.,-1.));
#15164 = DIRECTION('',(-1.,0.,0.));
#15165 = ORIENTED_EDGE('',*,*,#15166,.T.);
#15166 = EDGE_CURVE('',#15158,#15167,#15169,.T.);
#15167 = VERTEX_POINT('',#15168);
#15168 = CARTESIAN_POINT('',(2.47,0.841,0.432));
#15169 = LINE('',#15170,#15171);
#15170 = CARTESIAN_POINT('',(2.47,0.841,0.838));
#15171 = VECTOR('',#15172,1.);
#15172 = DIRECTION('',(-0.,-0.,-1.));
#15173 = ORIENTED_EDGE('',*,*,#15174,.F.);
#15174 = EDGE_CURVE('',#15126,#15167,#15175,.T.);
#15175 = CIRCLE('',#15176,1.E-01);
#15176 = AXIS2_PLACEMENT_3D('',#15177,#15178,#15179);
#15177 = CARTESIAN_POINT('',(2.37,0.841,0.432));
#15178 = DIRECTION('',(-0.,0.,-1.));
#15179 = DIRECTION('',(-1.,0.,0.));
#15180 = CYLINDRICAL_SURFACE('',#15181,1.E-01);
#15181 = AXIS2_PLACEMENT_3D('',#15182,#15183,#15184);
#15182 = CARTESIAN_POINT('',(2.37,0.841,0.838));
#15183 = DIRECTION('',(-0.,-0.,-1.));
#15184 = DIRECTION('',(-1.,0.,0.));
#15185 = ADVANCED_FACE('',(#15186),#15211,.F.);
#15186 = FACE_BOUND('',#15187,.T.);
#15187 = EDGE_LOOP('',(#15188,#15196,#15204,#15210));
#15188 = ORIENTED_EDGE('',*,*,#15189,.T.);
#15189 = EDGE_CURVE('',#15167,#15190,#15192,.T.);
#15190 = VERTEX_POINT('',#15191);
#15191 = CARTESIAN_POINT('',(2.47,0.333936173136,0.432));
#15192 = LINE('',#15193,#15194);
#15193 = CARTESIAN_POINT('',(2.47,0.841,0.432));
#15194 = VECTOR('',#15195,1.);
#15195 = DIRECTION('',(-8.552786572769E-16,-1.,0.));
#15196 = ORIENTED_EDGE('',*,*,#15197,.F.);
#15197 = EDGE_CURVE('',#15198,#15190,#15200,.T.);
#15198 = VERTEX_POINT('',#15199);
#15199 = CARTESIAN_POINT('',(2.47,0.333936173136,0.838));
#15200 = LINE('',#15201,#15202);
#15201 = CARTESIAN_POINT('',(2.47,0.333936173136,0.838));
#15202 = VECTOR('',#15203,1.);
#15203 = DIRECTION('',(-0.,-0.,-1.));
#15204 = ORIENTED_EDGE('',*,*,#15205,.F.);
#15205 = EDGE_CURVE('',#15158,#15198,#15206,.T.);
#15206 = LINE('',#15207,#15208);
#15207 = CARTESIAN_POINT('',(2.47,0.841,0.838));
#15208 = VECTOR('',#15209,1.);
#15209 = DIRECTION('',(-8.552786572769E-16,-1.,0.));
#15210 = ORIENTED_EDGE('',*,*,#15166,.T.);
#15211 = PLANE('',#15212);
#15212 = AXIS2_PLACEMENT_3D('',#15213,#15214,#15215);
#15213 = CARTESIAN_POINT('',(2.47,0.841,0.838));
#15214 = DIRECTION('',(1.,-8.552786572769E-16,0.));
#15215 = DIRECTION('',(8.552786572769E-16,1.,0.));
#15216 = ADVANCED_FACE('',(#15217),#15244,.T.);
#15217 = FACE_BOUND('',#15218,.T.);
#15218 = EDGE_LOOP('',(#15219,#15228,#15236,#15243));
#15219 = ORIENTED_EDGE('',*,*,#15220,.T.);
#15220 = EDGE_CURVE('',#15190,#15221,#15223,.T.);
#15221 = VERTEX_POINT('',#15222);
#15222 = CARTESIAN_POINT('',(2.765817441349,1.671080515303E-02,0.432));
#15223 = CIRCLE('',#15224,0.318);
#15224 = AXIS2_PLACEMENT_3D('',#15225,#15226,#15227);
#15225 = CARTESIAN_POINT('',(2.788,0.333936173136,0.432));
#15226 = DIRECTION('',(0.,0.,1.));
#15227 = DIRECTION('',(1.,0.,-0.));
#15228 = ORIENTED_EDGE('',*,*,#15229,.F.);
#15229 = EDGE_CURVE('',#15230,#15221,#15232,.T.);
#15230 = VERTEX_POINT('',#15231);
#15231 = CARTESIAN_POINT('',(2.765817441349,1.671080515303E-02,0.838));
#15232 = LINE('',#15233,#15234);
#15233 = CARTESIAN_POINT('',(2.765817441349,1.671080515303E-02,0.838));
#15234 = VECTOR('',#15235,1.);
#15235 = DIRECTION('',(-0.,-0.,-1.));
#15236 = ORIENTED_EDGE('',*,*,#15237,.F.);
#15237 = EDGE_CURVE('',#15198,#15230,#15238,.T.);
#15238 = CIRCLE('',#15239,0.318);
#15239 = AXIS2_PLACEMENT_3D('',#15240,#15241,#15242);
#15240 = CARTESIAN_POINT('',(2.788,0.333936173136,0.838));
#15241 = DIRECTION('',(0.,0.,1.));
#15242 = DIRECTION('',(1.,0.,-0.));
#15243 = ORIENTED_EDGE('',*,*,#15197,.T.);
#15244 = CYLINDRICAL_SURFACE('',#15245,0.318);
#15245 = AXIS2_PLACEMENT_3D('',#15246,#15247,#15248);
#15246 = CARTESIAN_POINT('',(2.788,0.333936173136,0.838));
#15247 = DIRECTION('',(-0.,-0.,-1.));
#15248 = DIRECTION('',(-1.,0.,0.));
#15249 = ADVANCED_FACE('',(#15250),#15275,.F.);
#15250 = FACE_BOUND('',#15251,.T.);
#15251 = EDGE_LOOP('',(#15252,#15260,#15268,#15274));
#15252 = ORIENTED_EDGE('',*,*,#15253,.T.);
#15253 = EDGE_CURVE('',#15221,#15254,#15256,.T.);
#15254 = VERTEX_POINT('',#15255);
#15255 = CARTESIAN_POINT('',(3.004793088724,-6.776263578034E-18,0.432));
#15256 = LINE('',#15257,#15258);
#15257 = CARTESIAN_POINT('',(2.765817441349,1.671080515303E-02,0.432));
#15258 = VECTOR('',#15259,1.);
#15259 = DIRECTION('',(0.99756405026,-6.975647374412E-02,0.));
#15260 = ORIENTED_EDGE('',*,*,#15261,.F.);
#15261 = EDGE_CURVE('',#15262,#15254,#15264,.T.);
#15262 = VERTEX_POINT('',#15263);
#15263 = CARTESIAN_POINT('',(3.004793088724,-6.776263578034E-18,0.838));
#15264 = LINE('',#15265,#15266);
#15265 = CARTESIAN_POINT('',(3.004793088724,-6.776263578034E-18,0.838));
#15266 = VECTOR('',#15267,1.);
#15267 = DIRECTION('',(-0.,-0.,-1.));
#15268 = ORIENTED_EDGE('',*,*,#15269,.F.);
#15269 = EDGE_CURVE('',#15230,#15262,#15270,.T.);
#15270 = LINE('',#15271,#15272);
#15271 = CARTESIAN_POINT('',(2.765817441349,1.671080515303E-02,0.838));
#15272 = VECTOR('',#15273,1.);
#15273 = DIRECTION('',(0.99756405026,-6.975647374412E-02,0.));
#15274 = ORIENTED_EDGE('',*,*,#15229,.T.);
#15275 = PLANE('',#15276);
#15276 = AXIS2_PLACEMENT_3D('',#15277,#15278,#15279);
#15277 = CARTESIAN_POINT('',(2.765817441349,1.671080515303E-02,0.838));
#15278 = DIRECTION('',(6.975647374412E-02,0.99756405026,-0.));
#15279 = DIRECTION('',(-0.99756405026,6.975647374412E-02,0.));
#15280 = ADVANCED_FACE('',(#15281),#15306,.F.);
#15281 = FACE_BOUND('',#15282,.T.);
#15282 = EDGE_LOOP('',(#15283,#15291,#15299,#15305));
#15283 = ORIENTED_EDGE('',*,*,#15284,.T.);
#15284 = EDGE_CURVE('',#15254,#15285,#15287,.T.);
#15285 = VERTEX_POINT('',#15286);
#15286 = CARTESIAN_POINT('',(3.02,0.217468962957,0.432));
#15287 = LINE('',#15288,#15289);
#15288 = CARTESIAN_POINT('',(3.02,0.217468962957,0.432));
#15289 = VECTOR('',#15290,1.);
#15290 = DIRECTION('',(6.975647374412E-02,0.99756405026,-0.));
#15291 = ORIENTED_EDGE('',*,*,#15292,.F.);
#15292 = EDGE_CURVE('',#15293,#15285,#15295,.T.);
#15293 = VERTEX_POINT('',#15294);
#15294 = CARTESIAN_POINT('',(3.02,0.217468962957,0.838));
#15295 = LINE('',#15296,#15297);
#15296 = CARTESIAN_POINT('',(3.02,0.217468962957,0.838));
#15297 = VECTOR('',#15298,1.);
#15298 = DIRECTION('',(-0.,-0.,-1.));
#15299 = ORIENTED_EDGE('',*,*,#15300,.F.);
#15300 = EDGE_CURVE('',#15262,#15293,#15301,.T.);
#15301 = LINE('',#15302,#15303);
#15302 = CARTESIAN_POINT('',(3.02,0.217468962957,0.838));
#15303 = VECTOR('',#15304,1.);
#15304 = DIRECTION('',(6.975647374412E-02,0.99756405026,-0.));
#15305 = ORIENTED_EDGE('',*,*,#15261,.T.);
#15306 = PLANE('',#15307);
#15307 = AXIS2_PLACEMENT_3D('',#15308,#15309,#15310);
#15308 = CARTESIAN_POINT('',(3.02,0.217468962957,0.838));
#15309 = DIRECTION('',(-0.99756405026,6.975647374412E-02,0.));
#15310 = DIRECTION('',(-6.975647374412E-02,-0.99756405026,0.));
#15311 = ADVANCED_FACE('',(#15312),#15337,.F.);
#15312 = FACE_BOUND('',#15313,.T.);
#15313 = EDGE_LOOP('',(#15314,#15322,#15330,#15336));
#15314 = ORIENTED_EDGE('',*,*,#15315,.T.);
#15315 = EDGE_CURVE('',#15285,#15316,#15318,.T.);
#15316 = VERTEX_POINT('',#15317);
#15317 = CARTESIAN_POINT('',(2.781024352626,0.23417976811,0.432));
#15318 = LINE('',#15319,#15320);
#15319 = CARTESIAN_POINT('',(2.781024352626,0.23417976811,0.432));
#15320 = VECTOR('',#15321,1.);
#15321 = DIRECTION('',(-0.99756405026,6.975647374412E-02,-0.));
#15322 = ORIENTED_EDGE('',*,*,#15323,.F.);
#15323 = EDGE_CURVE('',#15324,#15316,#15326,.T.);
#15324 = VERTEX_POINT('',#15325);
#15325 = CARTESIAN_POINT('',(2.781024352626,0.23417976811,0.838));
#15326 = LINE('',#15327,#15328);
#15327 = CARTESIAN_POINT('',(2.781024352626,0.23417976811,0.838));
#15328 = VECTOR('',#15329,1.);
#15329 = DIRECTION('',(-0.,-0.,-1.));
#15330 = ORIENTED_EDGE('',*,*,#15331,.F.);
#15331 = EDGE_CURVE('',#15293,#15324,#15332,.T.);
#15332 = LINE('',#15333,#15334);
#15333 = CARTESIAN_POINT('',(2.781024352626,0.23417976811,0.838));
#15334 = VECTOR('',#15335,1.);
#15335 = DIRECTION('',(-0.99756405026,6.975647374412E-02,-0.));
#15336 = ORIENTED_EDGE('',*,*,#15292,.T.);
#15337 = PLANE('',#15338);
#15338 = AXIS2_PLACEMENT_3D('',#15339,#15340,#15341);
#15339 = CARTESIAN_POINT('',(2.781024352626,0.23417976811,0.838));
#15340 = DIRECTION('',(-6.975647374412E-02,-0.99756405026,0.));
#15341 = DIRECTION('',(0.99756405026,-6.975647374412E-02,0.));
#15342 = ADVANCED_FACE('',(#15343),#15370,.F.);
#15343 = FACE_BOUND('',#15344,.F.);
#15344 = EDGE_LOOP('',(#15345,#15346,#15355,#15363));
#15345 = ORIENTED_EDGE('',*,*,#15323,.F.);
#15346 = ORIENTED_EDGE('',*,*,#15347,.T.);
#15347 = EDGE_CURVE('',#15324,#15348,#15350,.T.);
#15348 = VERTEX_POINT('',#15349);
#15349 = CARTESIAN_POINT('',(2.688,0.333936173136,0.838));
#15350 = CIRCLE('',#15351,1.E-01);
#15351 = AXIS2_PLACEMENT_3D('',#15352,#15353,#15354);
#15352 = CARTESIAN_POINT('',(2.788,0.333936173136,0.838));
#15353 = DIRECTION('',(0.,0.,-1.));
#15354 = DIRECTION('',(1.,0.,0.));
#15355 = ORIENTED_EDGE('',*,*,#15356,.T.);
#15356 = EDGE_CURVE('',#15348,#15357,#15359,.T.);
#15357 = VERTEX_POINT('',#15358);
#15358 = CARTESIAN_POINT('',(2.688,0.333936173136,0.432));
#15359 = LINE('',#15360,#15361);
#15360 = CARTESIAN_POINT('',(2.688,0.333936173136,0.838));
#15361 = VECTOR('',#15362,1.);
#15362 = DIRECTION('',(-0.,-0.,-1.));
#15363 = ORIENTED_EDGE('',*,*,#15364,.F.);
#15364 = EDGE_CURVE('',#15316,#15357,#15365,.T.);
#15365 = CIRCLE('',#15366,1.E-01);
#15366 = AXIS2_PLACEMENT_3D('',#15367,#15368,#15369);
#15367 = CARTESIAN_POINT('',(2.788,0.333936173136,0.432));
#15368 = DIRECTION('',(0.,0.,-1.));
#15369 = DIRECTION('',(1.,0.,0.));
#15370 = CYLINDRICAL_SURFACE('',#15371,1.E-01);
#15371 = AXIS2_PLACEMENT_3D('',#15372,#15373,#15374);
#15372 = CARTESIAN_POINT('',(2.788,0.333936173136,0.838));
#15373 = DIRECTION('',(-0.,-0.,-1.));
#15374 = DIRECTION('',(-1.,0.,0.));
#15375 = ADVANCED_FACE('',(#15376),#15401,.F.);
#15376 = FACE_BOUND('',#15377,.T.);
#15377 = EDGE_LOOP('',(#15378,#15386,#15394,#15400));
#15378 = ORIENTED_EDGE('',*,*,#15379,.T.);
#15379 = EDGE_CURVE('',#15357,#15380,#15382,.T.);
#15380 = VERTEX_POINT('',#15381);
#15381 = CARTESIAN_POINT('',(2.688,0.841,0.432));
#15382 = LINE('',#15383,#15384);
#15383 = CARTESIAN_POINT('',(2.688,0.841,0.432));
#15384 = VECTOR('',#15385,1.);
#15385 = DIRECTION('',(-0.,1.,-0.));
#15386 = ORIENTED_EDGE('',*,*,#15387,.F.);
#15387 = EDGE_CURVE('',#15388,#15380,#15390,.T.);
#15388 = VERTEX_POINT('',#15389);
#15389 = CARTESIAN_POINT('',(2.688,0.841,0.838));
#15390 = LINE('',#15391,#15392);
#15391 = CARTESIAN_POINT('',(2.688,0.841,0.838));
#15392 = VECTOR('',#15393,1.);
#15393 = DIRECTION('',(-0.,-0.,-1.));
#15394 = ORIENTED_EDGE('',*,*,#15395,.F.);
#15395 = EDGE_CURVE('',#15348,#15388,#15396,.T.);
#15396 = LINE('',#15397,#15398);
#15397 = CARTESIAN_POINT('',(2.688,0.841,0.838));
#15398 = VECTOR('',#15399,1.);
#15399 = DIRECTION('',(-0.,1.,-0.));
#15400 = ORIENTED_EDGE('',*,*,#15356,.T.);
#15401 = PLANE('',#15402);
#15402 = AXIS2_PLACEMENT_3D('',#15403,#15404,#15405);
#15403 = CARTESIAN_POINT('',(2.688,0.841,0.838));
#15404 = DIRECTION('',(-1.,0.,0.));
#15405 = DIRECTION('',(0.,0.,1.));
#15406 = ADVANCED_FACE('',(#15407),#15434,.T.);
#15407 = FACE_BOUND('',#15408,.T.);
#15408 = EDGE_LOOP('',(#15409,#15418,#15426,#15433));
#15409 = ORIENTED_EDGE('',*,*,#15410,.T.);
#15410 = EDGE_CURVE('',#15380,#15411,#15413,.T.);
#15411 = VERTEX_POINT('',#15412);
#15412 = CARTESIAN_POINT('',(2.37,1.159,0.432));
#15413 = CIRCLE('',#15414,0.318);
#15414 = AXIS2_PLACEMENT_3D('',#15415,#15416,#15417);
#15415 = CARTESIAN_POINT('',(2.37,0.841,0.432));
#15416 = DIRECTION('',(0.,0.,1.));
#15417 = DIRECTION('',(-1.,0.,0.));
#15418 = ORIENTED_EDGE('',*,*,#15419,.F.);
#15419 = EDGE_CURVE('',#15420,#15411,#15422,.T.);
#15420 = VERTEX_POINT('',#15421);
#15421 = CARTESIAN_POINT('',(2.37,1.159,0.838));
#15422 = LINE('',#15423,#15424);
#15423 = CARTESIAN_POINT('',(2.37,1.159,0.838));
#15424 = VECTOR('',#15425,1.);
#15425 = DIRECTION('',(-0.,-0.,-1.));
#15426 = ORIENTED_EDGE('',*,*,#15427,.F.);
#15427 = EDGE_CURVE('',#15388,#15420,#15428,.T.);
#15428 = CIRCLE('',#15429,0.318);
#15429 = AXIS2_PLACEMENT_3D('',#15430,#15431,#15432);
#15430 = CARTESIAN_POINT('',(2.37,0.841,0.838));
#15431 = DIRECTION('',(0.,0.,1.));
#15432 = DIRECTION('',(-1.,0.,0.));
#15433 = ORIENTED_EDGE('',*,*,#15387,.T.);
#15434 = CYLINDRICAL_SURFACE('',#15435,0.318);
#15435 = AXIS2_PLACEMENT_3D('',#15436,#15437,#15438);
#15436 = CARTESIAN_POINT('',(2.37,0.841,0.838));
#15437 = DIRECTION('',(-0.,-0.,-1.));
#15438 = DIRECTION('',(-1.,0.,0.));
#15439 = ADVANCED_FACE('',(#15440),#15456,.F.);
#15440 = FACE_BOUND('',#15441,.T.);
#15441 = EDGE_LOOP('',(#15442,#15448,#15449,#15455));
#15442 = ORIENTED_EDGE('',*,*,#15443,.T.);
#15443 = EDGE_CURVE('',#15411,#15086,#15444,.T.);
#15444 = LINE('',#15445,#15446);
#15445 = CARTESIAN_POINT('',(1.95,1.159,0.432));
#15446 = VECTOR('',#15447,1.);
#15447 = DIRECTION('',(-1.,-0.,-0.));
#15448 = ORIENTED_EDGE('',*,*,#15111,.F.);
#15449 = ORIENTED_EDGE('',*,*,#15450,.F.);
#15450 = EDGE_CURVE('',#15420,#15104,#15451,.T.);
#15451 = LINE('',#15452,#15453);
#15452 = CARTESIAN_POINT('',(1.95,1.159,0.838));
#15453 = VECTOR('',#15454,1.);
#15454 = DIRECTION('',(-1.,-0.,-0.));
#15455 = ORIENTED_EDGE('',*,*,#15419,.T.);
#15456 = PLANE('',#15457);
#15457 = AXIS2_PLACEMENT_3D('',#15458,#15459,#15460);
#15458 = CARTESIAN_POINT('',(1.95,1.159,0.838));
#15459 = DIRECTION('',(0.,-1.,0.));
#15460 = DIRECTION('',(0.,-0.,-1.));
#15461 = ADVANCED_FACE('',(#15462),#15476,.F.);
#15462 = FACE_BOUND('',#15463,.T.);
#15463 = EDGE_LOOP('',(#15464,#15465,#15466,#15467,#15468,#15469,#15470,
    #15471,#15472,#15473,#15474,#15475));
#15464 = ORIENTED_EDGE('',*,*,#15103,.T.);
#15465 = ORIENTED_EDGE('',*,*,#15141,.T.);
#15466 = ORIENTED_EDGE('',*,*,#15157,.T.);
#15467 = ORIENTED_EDGE('',*,*,#15205,.T.);
#15468 = ORIENTED_EDGE('',*,*,#15237,.T.);
#15469 = ORIENTED_EDGE('',*,*,#15269,.T.);
#15470 = ORIENTED_EDGE('',*,*,#15300,.T.);
#15471 = ORIENTED_EDGE('',*,*,#15331,.T.);
#15472 = ORIENTED_EDGE('',*,*,#15347,.T.);
#15473 = ORIENTED_EDGE('',*,*,#15395,.T.);
#15474 = ORIENTED_EDGE('',*,*,#15427,.T.);
#15475 = ORIENTED_EDGE('',*,*,#15450,.T.);
#15476 = PLANE('',#15477);
#15477 = AXIS2_PLACEMENT_3D('',#15478,#15479,#15480);
#15478 = CARTESIAN_POINT('',(2.37,0.841,0.838));
#15479 = DIRECTION('',(-0.,0.,-1.));
#15480 = DIRECTION('',(-1.,0.,0.));
#15481 = ADVANCED_FACE('',(#15482),#15496,.T.);
#15482 = FACE_BOUND('',#15483,.T.);
#15483 = EDGE_LOOP('',(#15484,#15485,#15486,#15487,#15488,#15489,#15490,
    #15491,#15492,#15493,#15494,#15495));
#15484 = ORIENTED_EDGE('',*,*,#15085,.F.);
#15485 = ORIENTED_EDGE('',*,*,#15443,.F.);
#15486 = ORIENTED_EDGE('',*,*,#15410,.F.);
#15487 = ORIENTED_EDGE('',*,*,#15379,.F.);
#15488 = ORIENTED_EDGE('',*,*,#15364,.F.);
#15489 = ORIENTED_EDGE('',*,*,#15315,.F.);
#15490 = ORIENTED_EDGE('',*,*,#15284,.F.);
#15491 = ORIENTED_EDGE('',*,*,#15253,.F.);
#15492 = ORIENTED_EDGE('',*,*,#15220,.F.);
#15493 = ORIENTED_EDGE('',*,*,#15189,.F.);
#15494 = ORIENTED_EDGE('',*,*,#15174,.F.);
#15495 = ORIENTED_EDGE('',*,*,#15125,.F.);
#15496 = PLANE('',#15497);
#15497 = AXIS2_PLACEMENT_3D('',#15498,#15499,#15500);
#15498 = CARTESIAN_POINT('',(2.37,0.841,0.432));
#15499 = DIRECTION('',(-0.,0.,-1.));
#15500 = DIRECTION('',(-1.,0.,0.));
#15501 = MANIFOLD_SOLID_BREP('',#15502);
#15502 = CLOSED_SHELL('',(#15503,#15543,#15574,#15607,#15638,#15671,
    #15702,#15733,#15764,#15797,#15828,#15861,#15883,#15903));
#15503 = ADVANCED_FACE('',(#15504),#15538,.F.);
#15504 = FACE_BOUND('',#15505,.T.);
#15505 = EDGE_LOOP('',(#15506,#15516,#15524,#15532));
#15506 = ORIENTED_EDGE('',*,*,#15507,.T.);
#15507 = EDGE_CURVE('',#15508,#15510,#15512,.T.);
#15508 = VERTEX_POINT('',#15509);
#15509 = CARTESIAN_POINT('',(1.95,1.159,1.702));
#15510 = VERTEX_POINT('',#15511);
#15511 = CARTESIAN_POINT('',(1.95,0.941,1.702));
#15512 = LINE('',#15513,#15514);
#15513 = CARTESIAN_POINT('',(1.95,1.159,1.702));
#15514 = VECTOR('',#15515,1.);
#15515 = DIRECTION('',(-9.946808921885E-16,-1.,0.));
#15516 = ORIENTED_EDGE('',*,*,#15517,.F.);
#15517 = EDGE_CURVE('',#15518,#15510,#15520,.T.);
#15518 = VERTEX_POINT('',#15519);
#15519 = CARTESIAN_POINT('',(1.95,0.941,2.108));
#15520 = LINE('',#15521,#15522);
#15521 = CARTESIAN_POINT('',(1.95,0.941,2.108));
#15522 = VECTOR('',#15523,1.);
#15523 = DIRECTION('',(-0.,-0.,-1.));
#15524 = ORIENTED_EDGE('',*,*,#15525,.F.);
#15525 = EDGE_CURVE('',#15526,#15518,#15528,.T.);
#15526 = VERTEX_POINT('',#15527);
#15527 = CARTESIAN_POINT('',(1.95,1.159,2.108));
#15528 = LINE('',#15529,#15530);
#15529 = CARTESIAN_POINT('',(1.95,1.159,2.108));
#15530 = VECTOR('',#15531,1.);
#15531 = DIRECTION('',(-9.946808921885E-16,-1.,0.));
#15532 = ORIENTED_EDGE('',*,*,#15533,.T.);
#15533 = EDGE_CURVE('',#15526,#15508,#15534,.T.);
#15534 = LINE('',#15535,#15536);
#15535 = CARTESIAN_POINT('',(1.95,1.159,2.108));
#15536 = VECTOR('',#15537,1.);
#15537 = DIRECTION('',(-0.,-0.,-1.));
#15538 = PLANE('',#15539);
#15539 = AXIS2_PLACEMENT_3D('',#15540,#15541,#15542);
#15540 = CARTESIAN_POINT('',(1.95,1.159,2.108));
#15541 = DIRECTION('',(1.,-9.946808921885E-16,0.));
#15542 = DIRECTION('',(9.946808921885E-16,1.,0.));
#15543 = ADVANCED_FACE('',(#15544),#15569,.F.);
#15544 = FACE_BOUND('',#15545,.T.);
#15545 = EDGE_LOOP('',(#15546,#15554,#15562,#15568));
#15546 = ORIENTED_EDGE('',*,*,#15547,.T.);
#15547 = EDGE_CURVE('',#15510,#15548,#15550,.T.);
#15548 = VERTEX_POINT('',#15549);
#15549 = CARTESIAN_POINT('',(2.37,0.941,1.702));
#15550 = LINE('',#15551,#15552);
#15551 = CARTESIAN_POINT('',(1.95,0.941,1.702));
#15552 = VECTOR('',#15553,1.);
#15553 = DIRECTION('',(1.,-2.581433744013E-16,0.));
#15554 = ORIENTED_EDGE('',*,*,#15555,.F.);
#15555 = EDGE_CURVE('',#15556,#15548,#15558,.T.);
#15556 = VERTEX_POINT('',#15557);
#15557 = CARTESIAN_POINT('',(2.37,0.941,2.108));
#15558 = LINE('',#15559,#15560);
#15559 = CARTESIAN_POINT('',(2.37,0.941,2.108));
#15560 = VECTOR('',#15561,1.);
#15561 = DIRECTION('',(-0.,-0.,-1.));
#15562 = ORIENTED_EDGE('',*,*,#15563,.F.);
#15563 = EDGE_CURVE('',#15518,#15556,#15564,.T.);
#15564 = LINE('',#15565,#15566);
#15565 = CARTESIAN_POINT('',(1.95,0.941,2.108));
#15566 = VECTOR('',#15567,1.);
#15567 = DIRECTION('',(1.,-2.581433744013E-16,0.));
#15568 = ORIENTED_EDGE('',*,*,#15517,.T.);
#15569 = PLANE('',#15570);
#15570 = AXIS2_PLACEMENT_3D('',#15571,#15572,#15573);
#15571 = CARTESIAN_POINT('',(1.95,0.941,2.108));
#15572 = DIRECTION('',(2.581433744013E-16,1.,-0.));
#15573 = DIRECTION('',(-1.,2.581433744013E-16,0.));
#15574 = ADVANCED_FACE('',(#15575),#15602,.F.);
#15575 = FACE_BOUND('',#15576,.F.);
#15576 = EDGE_LOOP('',(#15577,#15578,#15587,#15595));
#15577 = ORIENTED_EDGE('',*,*,#15555,.F.);
#15578 = ORIENTED_EDGE('',*,*,#15579,.T.);
#15579 = EDGE_CURVE('',#15556,#15580,#15582,.T.);
#15580 = VERTEX_POINT('',#15581);
#15581 = CARTESIAN_POINT('',(2.47,0.841,2.108));
#15582 = CIRCLE('',#15583,1.E-01);
#15583 = AXIS2_PLACEMENT_3D('',#15584,#15585,#15586);
#15584 = CARTESIAN_POINT('',(2.37,0.841,2.108));
#15585 = DIRECTION('',(-0.,0.,-1.));
#15586 = DIRECTION('',(-1.,0.,0.));
#15587 = ORIENTED_EDGE('',*,*,#15588,.T.);
#15588 = EDGE_CURVE('',#15580,#15589,#15591,.T.);
#15589 = VERTEX_POINT('',#15590);
#15590 = CARTESIAN_POINT('',(2.47,0.841,1.702));
#15591 = LINE('',#15592,#15593);
#15592 = CARTESIAN_POINT('',(2.47,0.841,2.108));
#15593 = VECTOR('',#15594,1.);
#15594 = DIRECTION('',(-0.,-0.,-1.));
#15595 = ORIENTED_EDGE('',*,*,#15596,.F.);
#15596 = EDGE_CURVE('',#15548,#15589,#15597,.T.);
#15597 = CIRCLE('',#15598,1.E-01);
#15598 = AXIS2_PLACEMENT_3D('',#15599,#15600,#15601);
#15599 = CARTESIAN_POINT('',(2.37,0.841,1.702));
#15600 = DIRECTION('',(-0.,0.,-1.));
#15601 = DIRECTION('',(-1.,0.,0.));
#15602 = CYLINDRICAL_SURFACE('',#15603,1.E-01);
#15603 = AXIS2_PLACEMENT_3D('',#15604,#15605,#15606);
#15604 = CARTESIAN_POINT('',(2.37,0.841,2.108));
#15605 = DIRECTION('',(-0.,-0.,-1.));
#15606 = DIRECTION('',(-1.,0.,0.));
#15607 = ADVANCED_FACE('',(#15608),#15633,.F.);
#15608 = FACE_BOUND('',#15609,.T.);
#15609 = EDGE_LOOP('',(#15610,#15618,#15626,#15632));
#15610 = ORIENTED_EDGE('',*,*,#15611,.T.);
#15611 = EDGE_CURVE('',#15589,#15612,#15614,.T.);
#15612 = VERTEX_POINT('',#15613);
#15613 = CARTESIAN_POINT('',(2.47,0.333936173136,1.702));
#15614 = LINE('',#15615,#15616);
#15615 = CARTESIAN_POINT('',(2.47,0.841,1.702));
#15616 = VECTOR('',#15617,1.);
#15617 = DIRECTION('',(-8.552786572769E-16,-1.,0.));
#15618 = ORIENTED_EDGE('',*,*,#15619,.F.);
#15619 = EDGE_CURVE('',#15620,#15612,#15622,.T.);
#15620 = VERTEX_POINT('',#15621);
#15621 = CARTESIAN_POINT('',(2.47,0.333936173136,2.108));
#15622 = LINE('',#15623,#15624);
#15623 = CARTESIAN_POINT('',(2.47,0.333936173136,2.108));
#15624 = VECTOR('',#15625,1.);
#15625 = DIRECTION('',(-0.,-0.,-1.));
#15626 = ORIENTED_EDGE('',*,*,#15627,.F.);
#15627 = EDGE_CURVE('',#15580,#15620,#15628,.T.);
#15628 = LINE('',#15629,#15630);
#15629 = CARTESIAN_POINT('',(2.47,0.841,2.108));
#15630 = VECTOR('',#15631,1.);
#15631 = DIRECTION('',(-8.552786572769E-16,-1.,0.));
#15632 = ORIENTED_EDGE('',*,*,#15588,.T.);
#15633 = PLANE('',#15634);
#15634 = AXIS2_PLACEMENT_3D('',#15635,#15636,#15637);
#15635 = CARTESIAN_POINT('',(2.47,0.841,2.108));
#15636 = DIRECTION('',(1.,-8.552786572769E-16,0.));
#15637 = DIRECTION('',(8.552786572769E-16,1.,0.));
#15638 = ADVANCED_FACE('',(#15639),#15666,.T.);
#15639 = FACE_BOUND('',#15640,.T.);
#15640 = EDGE_LOOP('',(#15641,#15650,#15658,#15665));
#15641 = ORIENTED_EDGE('',*,*,#15642,.T.);
#15642 = EDGE_CURVE('',#15612,#15643,#15645,.T.);
#15643 = VERTEX_POINT('',#15644);
#15644 = CARTESIAN_POINT('',(2.765817441349,1.671080515303E-02,1.702));
#15645 = CIRCLE('',#15646,0.318);
#15646 = AXIS2_PLACEMENT_3D('',#15647,#15648,#15649);
#15647 = CARTESIAN_POINT('',(2.788,0.333936173136,1.702));
#15648 = DIRECTION('',(0.,0.,1.));
#15649 = DIRECTION('',(1.,0.,-0.));
#15650 = ORIENTED_EDGE('',*,*,#15651,.F.);
#15651 = EDGE_CURVE('',#15652,#15643,#15654,.T.);
#15652 = VERTEX_POINT('',#15653);
#15653 = CARTESIAN_POINT('',(2.765817441349,1.671080515303E-02,2.108));
#15654 = LINE('',#15655,#15656);
#15655 = CARTESIAN_POINT('',(2.765817441349,1.671080515303E-02,2.108));
#15656 = VECTOR('',#15657,1.);
#15657 = DIRECTION('',(-0.,-0.,-1.));
#15658 = ORIENTED_EDGE('',*,*,#15659,.F.);
#15659 = EDGE_CURVE('',#15620,#15652,#15660,.T.);
#15660 = CIRCLE('',#15661,0.318);
#15661 = AXIS2_PLACEMENT_3D('',#15662,#15663,#15664);
#15662 = CARTESIAN_POINT('',(2.788,0.333936173136,2.108));
#15663 = DIRECTION('',(0.,0.,1.));
#15664 = DIRECTION('',(1.,0.,-0.));
#15665 = ORIENTED_EDGE('',*,*,#15619,.T.);
#15666 = CYLINDRICAL_SURFACE('',#15667,0.318);
#15667 = AXIS2_PLACEMENT_3D('',#15668,#15669,#15670);
#15668 = CARTESIAN_POINT('',(2.788,0.333936173136,2.108));
#15669 = DIRECTION('',(-0.,-0.,-1.));
#15670 = DIRECTION('',(-1.,0.,0.));
#15671 = ADVANCED_FACE('',(#15672),#15697,.F.);
#15672 = FACE_BOUND('',#15673,.T.);
#15673 = EDGE_LOOP('',(#15674,#15682,#15690,#15696));
#15674 = ORIENTED_EDGE('',*,*,#15675,.T.);
#15675 = EDGE_CURVE('',#15643,#15676,#15678,.T.);
#15676 = VERTEX_POINT('',#15677);
#15677 = CARTESIAN_POINT('',(3.004793088724,-6.776263578034E-18,1.702));
#15678 = LINE('',#15679,#15680);
#15679 = CARTESIAN_POINT('',(2.765817441349,1.671080515303E-02,1.702));
#15680 = VECTOR('',#15681,1.);
#15681 = DIRECTION('',(0.99756405026,-6.975647374412E-02,0.));
#15682 = ORIENTED_EDGE('',*,*,#15683,.F.);
#15683 = EDGE_CURVE('',#15684,#15676,#15686,.T.);
#15684 = VERTEX_POINT('',#15685);
#15685 = CARTESIAN_POINT('',(3.004793088724,-6.776263578034E-18,2.108));
#15686 = LINE('',#15687,#15688);
#15687 = CARTESIAN_POINT('',(3.004793088724,-6.776263578034E-18,2.108));
#15688 = VECTOR('',#15689,1.);
#15689 = DIRECTION('',(-0.,-0.,-1.));
#15690 = ORIENTED_EDGE('',*,*,#15691,.F.);
#15691 = EDGE_CURVE('',#15652,#15684,#15692,.T.);
#15692 = LINE('',#15693,#15694);
#15693 = CARTESIAN_POINT('',(2.765817441349,1.671080515303E-02,2.108));
#15694 = VECTOR('',#15695,1.);
#15695 = DIRECTION('',(0.99756405026,-6.975647374412E-02,0.));
#15696 = ORIENTED_EDGE('',*,*,#15651,.T.);
#15697 = PLANE('',#15698);
#15698 = AXIS2_PLACEMENT_3D('',#15699,#15700,#15701);
#15699 = CARTESIAN_POINT('',(2.765817441349,1.671080515303E-02,2.108));
#15700 = DIRECTION('',(6.975647374412E-02,0.99756405026,-0.));
#15701 = DIRECTION('',(-0.99756405026,6.975647374412E-02,0.));
#15702 = ADVANCED_FACE('',(#15703),#15728,.F.);
#15703 = FACE_BOUND('',#15704,.T.);
#15704 = EDGE_LOOP('',(#15705,#15713,#15721,#15727));
#15705 = ORIENTED_EDGE('',*,*,#15706,.T.);
#15706 = EDGE_CURVE('',#15676,#15707,#15709,.T.);
#15707 = VERTEX_POINT('',#15708);
#15708 = CARTESIAN_POINT('',(3.02,0.217468962957,1.702));
#15709 = LINE('',#15710,#15711);
#15710 = CARTESIAN_POINT('',(3.02,0.217468962957,1.702));
#15711 = VECTOR('',#15712,1.);
#15712 = DIRECTION('',(6.975647374412E-02,0.99756405026,-0.));
#15713 = ORIENTED_EDGE('',*,*,#15714,.F.);
#15714 = EDGE_CURVE('',#15715,#15707,#15717,.T.);
#15715 = VERTEX_POINT('',#15716);
#15716 = CARTESIAN_POINT('',(3.02,0.217468962957,2.108));
#15717 = LINE('',#15718,#15719);
#15718 = CARTESIAN_POINT('',(3.02,0.217468962957,2.108));
#15719 = VECTOR('',#15720,1.);
#15720 = DIRECTION('',(-0.,-0.,-1.));
#15721 = ORIENTED_EDGE('',*,*,#15722,.F.);
#15722 = EDGE_CURVE('',#15684,#15715,#15723,.T.);
#15723 = LINE('',#15724,#15725);
#15724 = CARTESIAN_POINT('',(3.02,0.217468962957,2.108));
#15725 = VECTOR('',#15726,1.);
#15726 = DIRECTION('',(6.975647374412E-02,0.99756405026,-0.));
#15727 = ORIENTED_EDGE('',*,*,#15683,.T.);
#15728 = PLANE('',#15729);
#15729 = AXIS2_PLACEMENT_3D('',#15730,#15731,#15732);
#15730 = CARTESIAN_POINT('',(3.02,0.217468962957,2.108));
#15731 = DIRECTION('',(-0.99756405026,6.975647374412E-02,0.));
#15732 = DIRECTION('',(-6.975647374412E-02,-0.99756405026,0.));
#15733 = ADVANCED_FACE('',(#15734),#15759,.F.);
#15734 = FACE_BOUND('',#15735,.T.);
#15735 = EDGE_LOOP('',(#15736,#15744,#15752,#15758));
#15736 = ORIENTED_EDGE('',*,*,#15737,.T.);
#15737 = EDGE_CURVE('',#15707,#15738,#15740,.T.);
#15738 = VERTEX_POINT('',#15739);
#15739 = CARTESIAN_POINT('',(2.781024352626,0.23417976811,1.702));
#15740 = LINE('',#15741,#15742);
#15741 = CARTESIAN_POINT('',(2.781024352626,0.23417976811,1.702));
#15742 = VECTOR('',#15743,1.);
#15743 = DIRECTION('',(-0.99756405026,6.975647374412E-02,-0.));
#15744 = ORIENTED_EDGE('',*,*,#15745,.F.);
#15745 = EDGE_CURVE('',#15746,#15738,#15748,.T.);
#15746 = VERTEX_POINT('',#15747);
#15747 = CARTESIAN_POINT('',(2.781024352626,0.23417976811,2.108));
#15748 = LINE('',#15749,#15750);
#15749 = CARTESIAN_POINT('',(2.781024352626,0.23417976811,2.108));
#15750 = VECTOR('',#15751,1.);
#15751 = DIRECTION('',(-0.,-0.,-1.));
#15752 = ORIENTED_EDGE('',*,*,#15753,.F.);
#15753 = EDGE_CURVE('',#15715,#15746,#15754,.T.);
#15754 = LINE('',#15755,#15756);
#15755 = CARTESIAN_POINT('',(2.781024352626,0.23417976811,2.108));
#15756 = VECTOR('',#15757,1.);
#15757 = DIRECTION('',(-0.99756405026,6.975647374412E-02,-0.));
#15758 = ORIENTED_EDGE('',*,*,#15714,.T.);
#15759 = PLANE('',#15760);
#15760 = AXIS2_PLACEMENT_3D('',#15761,#15762,#15763);
#15761 = CARTESIAN_POINT('',(2.781024352626,0.23417976811,2.108));
#15762 = DIRECTION('',(-6.975647374412E-02,-0.99756405026,0.));
#15763 = DIRECTION('',(0.99756405026,-6.975647374412E-02,0.));
#15764 = ADVANCED_FACE('',(#15765),#15792,.F.);
#15765 = FACE_BOUND('',#15766,.F.);
#15766 = EDGE_LOOP('',(#15767,#15768,#15777,#15785));
#15767 = ORIENTED_EDGE('',*,*,#15745,.F.);
#15768 = ORIENTED_EDGE('',*,*,#15769,.T.);
#15769 = EDGE_CURVE('',#15746,#15770,#15772,.T.);
#15770 = VERTEX_POINT('',#15771);
#15771 = CARTESIAN_POINT('',(2.688,0.333936173136,2.108));
#15772 = CIRCLE('',#15773,1.E-01);
#15773 = AXIS2_PLACEMENT_3D('',#15774,#15775,#15776);
#15774 = CARTESIAN_POINT('',(2.788,0.333936173136,2.108));
#15775 = DIRECTION('',(0.,0.,-1.));
#15776 = DIRECTION('',(1.,0.,0.));
#15777 = ORIENTED_EDGE('',*,*,#15778,.T.);
#15778 = EDGE_CURVE('',#15770,#15779,#15781,.T.);
#15779 = VERTEX_POINT('',#15780);
#15780 = CARTESIAN_POINT('',(2.688,0.333936173136,1.702));
#15781 = LINE('',#15782,#15783);
#15782 = CARTESIAN_POINT('',(2.688,0.333936173136,2.108));
#15783 = VECTOR('',#15784,1.);
#15784 = DIRECTION('',(-0.,-0.,-1.));
#15785 = ORIENTED_EDGE('',*,*,#15786,.F.);
#15786 = EDGE_CURVE('',#15738,#15779,#15787,.T.);
#15787 = CIRCLE('',#15788,1.E-01);
#15788 = AXIS2_PLACEMENT_3D('',#15789,#15790,#15791);
#15789 = CARTESIAN_POINT('',(2.788,0.333936173136,1.702));
#15790 = DIRECTION('',(0.,0.,-1.));
#15791 = DIRECTION('',(1.,0.,0.));
#15792 = CYLINDRICAL_SURFACE('',#15793,1.E-01);
#15793 = AXIS2_PLACEMENT_3D('',#15794,#15795,#15796);
#15794 = CARTESIAN_POINT('',(2.788,0.333936173136,2.108));
#15795 = DIRECTION('',(-0.,-0.,-1.));
#15796 = DIRECTION('',(-1.,0.,0.));
#15797 = ADVANCED_FACE('',(#15798),#15823,.F.);
#15798 = FACE_BOUND('',#15799,.T.);
#15799 = EDGE_LOOP('',(#15800,#15808,#15816,#15822));
#15800 = ORIENTED_EDGE('',*,*,#15801,.T.);
#15801 = EDGE_CURVE('',#15779,#15802,#15804,.T.);
#15802 = VERTEX_POINT('',#15803);
#15803 = CARTESIAN_POINT('',(2.688,0.841,1.702));
#15804 = LINE('',#15805,#15806);
#15805 = CARTESIAN_POINT('',(2.688,0.841,1.702));
#15806 = VECTOR('',#15807,1.);
#15807 = DIRECTION('',(-0.,1.,-0.));
#15808 = ORIENTED_EDGE('',*,*,#15809,.F.);
#15809 = EDGE_CURVE('',#15810,#15802,#15812,.T.);
#15810 = VERTEX_POINT('',#15811);
#15811 = CARTESIAN_POINT('',(2.688,0.841,2.108));
#15812 = LINE('',#15813,#15814);
#15813 = CARTESIAN_POINT('',(2.688,0.841,2.108));
#15814 = VECTOR('',#15815,1.);
#15815 = DIRECTION('',(-0.,-0.,-1.));
#15816 = ORIENTED_EDGE('',*,*,#15817,.F.);
#15817 = EDGE_CURVE('',#15770,#15810,#15818,.T.);
#15818 = LINE('',#15819,#15820);
#15819 = CARTESIAN_POINT('',(2.688,0.841,2.108));
#15820 = VECTOR('',#15821,1.);
#15821 = DIRECTION('',(-0.,1.,-0.));
#15822 = ORIENTED_EDGE('',*,*,#15778,.T.);
#15823 = PLANE('',#15824);
#15824 = AXIS2_PLACEMENT_3D('',#15825,#15826,#15827);
#15825 = CARTESIAN_POINT('',(2.688,0.841,2.108));
#15826 = DIRECTION('',(-1.,0.,0.));
#15827 = DIRECTION('',(0.,0.,1.));
#15828 = ADVANCED_FACE('',(#15829),#15856,.T.);
#15829 = FACE_BOUND('',#15830,.T.);
#15830 = EDGE_LOOP('',(#15831,#15840,#15848,#15855));
#15831 = ORIENTED_EDGE('',*,*,#15832,.T.);
#15832 = EDGE_CURVE('',#15802,#15833,#15835,.T.);
#15833 = VERTEX_POINT('',#15834);
#15834 = CARTESIAN_POINT('',(2.37,1.159,1.702));
#15835 = CIRCLE('',#15836,0.318);
#15836 = AXIS2_PLACEMENT_3D('',#15837,#15838,#15839);
#15837 = CARTESIAN_POINT('',(2.37,0.841,1.702));
#15838 = DIRECTION('',(0.,0.,1.));
#15839 = DIRECTION('',(-1.,0.,0.));
#15840 = ORIENTED_EDGE('',*,*,#15841,.F.);
#15841 = EDGE_CURVE('',#15842,#15833,#15844,.T.);
#15842 = VERTEX_POINT('',#15843);
#15843 = CARTESIAN_POINT('',(2.37,1.159,2.108));
#15844 = LINE('',#15845,#15846);
#15845 = CARTESIAN_POINT('',(2.37,1.159,2.108));
#15846 = VECTOR('',#15847,1.);
#15847 = DIRECTION('',(-0.,-0.,-1.));
#15848 = ORIENTED_EDGE('',*,*,#15849,.F.);
#15849 = EDGE_CURVE('',#15810,#15842,#15850,.T.);
#15850 = CIRCLE('',#15851,0.318);
#15851 = AXIS2_PLACEMENT_3D('',#15852,#15853,#15854);
#15852 = CARTESIAN_POINT('',(2.37,0.841,2.108));
#15853 = DIRECTION('',(0.,0.,1.));
#15854 = DIRECTION('',(-1.,0.,0.));
#15855 = ORIENTED_EDGE('',*,*,#15809,.T.);
#15856 = CYLINDRICAL_SURFACE('',#15857,0.318);
#15857 = AXIS2_PLACEMENT_3D('',#15858,#15859,#15860);
#15858 = CARTESIAN_POINT('',(2.37,0.841,2.108));
#15859 = DIRECTION('',(-0.,-0.,-1.));
#15860 = DIRECTION('',(-1.,0.,0.));
#15861 = ADVANCED_FACE('',(#15862),#15878,.F.);
#15862 = FACE_BOUND('',#15863,.T.);
#15863 = EDGE_LOOP('',(#15864,#15870,#15871,#15877));
#15864 = ORIENTED_EDGE('',*,*,#15865,.T.);
#15865 = EDGE_CURVE('',#15833,#15508,#15866,.T.);
#15866 = LINE('',#15867,#15868);
#15867 = CARTESIAN_POINT('',(1.95,1.159,1.702));
#15868 = VECTOR('',#15869,1.);
#15869 = DIRECTION('',(-1.,-0.,-0.));
#15870 = ORIENTED_EDGE('',*,*,#15533,.F.);
#15871 = ORIENTED_EDGE('',*,*,#15872,.F.);
#15872 = EDGE_CURVE('',#15842,#15526,#15873,.T.);
#15873 = LINE('',#15874,#15875);
#15874 = CARTESIAN_POINT('',(1.95,1.159,2.108));
#15875 = VECTOR('',#15876,1.);
#15876 = DIRECTION('',(-1.,-0.,-0.));
#15877 = ORIENTED_EDGE('',*,*,#15841,.T.);
#15878 = PLANE('',#15879);
#15879 = AXIS2_PLACEMENT_3D('',#15880,#15881,#15882);
#15880 = CARTESIAN_POINT('',(1.95,1.159,2.108));
#15881 = DIRECTION('',(0.,-1.,0.));
#15882 = DIRECTION('',(0.,-0.,-1.));
#15883 = ADVANCED_FACE('',(#15884),#15898,.F.);
#15884 = FACE_BOUND('',#15885,.T.);
#15885 = EDGE_LOOP('',(#15886,#15887,#15888,#15889,#15890,#15891,#15892,
    #15893,#15894,#15895,#15896,#15897));
#15886 = ORIENTED_EDGE('',*,*,#15525,.T.);
#15887 = ORIENTED_EDGE('',*,*,#15563,.T.);
#15888 = ORIENTED_EDGE('',*,*,#15579,.T.);
#15889 = ORIENTED_EDGE('',*,*,#15627,.T.);
#15890 = ORIENTED_EDGE('',*,*,#15659,.T.);
#15891 = ORIENTED_EDGE('',*,*,#15691,.T.);
#15892 = ORIENTED_EDGE('',*,*,#15722,.T.);
#15893 = ORIENTED_EDGE('',*,*,#15753,.T.);
#15894 = ORIENTED_EDGE('',*,*,#15769,.T.);
#15895 = ORIENTED_EDGE('',*,*,#15817,.T.);
#15896 = ORIENTED_EDGE('',*,*,#15849,.T.);
#15897 = ORIENTED_EDGE('',*,*,#15872,.T.);
#15898 = PLANE('',#15899);
#15899 = AXIS2_PLACEMENT_3D('',#15900,#15901,#15902);
#15900 = CARTESIAN_POINT('',(2.37,0.841,2.108));
#15901 = DIRECTION('',(-0.,0.,-1.));
#15902 = DIRECTION('',(-1.,0.,0.));
#15903 = ADVANCED_FACE('',(#15904),#15918,.T.);
#15904 = FACE_BOUND('',#15905,.T.);
#15905 = EDGE_LOOP('',(#15906,#15907,#15908,#15909,#15910,#15911,#15912,
    #15913,#15914,#15915,#15916,#15917));
#15906 = ORIENTED_EDGE('',*,*,#15507,.F.);
#15907 = ORIENTED_EDGE('',*,*,#15865,.F.);
#15908 = ORIENTED_EDGE('',*,*,#15832,.F.);
#15909 = ORIENTED_EDGE('',*,*,#15801,.F.);
#15910 = ORIENTED_EDGE('',*,*,#15786,.F.);
#15911 = ORIENTED_EDGE('',*,*,#15737,.F.);
#15912 = ORIENTED_EDGE('',*,*,#15706,.F.);
#15913 = ORIENTED_EDGE('',*,*,#15675,.F.);
#15914 = ORIENTED_EDGE('',*,*,#15642,.F.);
#15915 = ORIENTED_EDGE('',*,*,#15611,.F.);
#15916 = ORIENTED_EDGE('',*,*,#15596,.F.);
#15917 = ORIENTED_EDGE('',*,*,#15547,.F.);
#15918 = PLANE('',#15919);
#15919 = AXIS2_PLACEMENT_3D('',#15920,#15921,#15922);
#15920 = CARTESIAN_POINT('',(2.37,0.841,1.702));
#15921 = DIRECTION('',(-0.,0.,-1.));
#15922 = DIRECTION('',(-1.,0.,0.));
#15923 = MANIFOLD_SOLID_BREP('',#15924);
#15924 = CLOSED_SHELL('',(#15925,#15965,#15996,#16029,#16060,#16093,
    #16124,#16155,#16186,#16219,#16250,#16283,#16305,#16325));
#15925 = ADVANCED_FACE('',(#15926),#15960,.F.);
#15926 = FACE_BOUND('',#15927,.T.);
#15927 = EDGE_LOOP('',(#15928,#15938,#15946,#15954));
#15928 = ORIENTED_EDGE('',*,*,#15929,.T.);
#15929 = EDGE_CURVE('',#15930,#15932,#15934,.T.);
#15930 = VERTEX_POINT('',#15931);
#15931 = CARTESIAN_POINT('',(1.95,1.159,2.972));
#15932 = VERTEX_POINT('',#15933);
#15933 = CARTESIAN_POINT('',(1.95,0.941,2.972));
#15934 = LINE('',#15935,#15936);
#15935 = CARTESIAN_POINT('',(1.95,1.159,2.972));
#15936 = VECTOR('',#15937,1.);
#15937 = DIRECTION('',(-9.946808921885E-16,-1.,0.));
#15938 = ORIENTED_EDGE('',*,*,#15939,.F.);
#15939 = EDGE_CURVE('',#15940,#15932,#15942,.T.);
#15940 = VERTEX_POINT('',#15941);
#15941 = CARTESIAN_POINT('',(1.95,0.941,3.378));
#15942 = LINE('',#15943,#15944);
#15943 = CARTESIAN_POINT('',(1.95,0.941,3.378));
#15944 = VECTOR('',#15945,1.);
#15945 = DIRECTION('',(-0.,-0.,-1.));
#15946 = ORIENTED_EDGE('',*,*,#15947,.F.);
#15947 = EDGE_CURVE('',#15948,#15940,#15950,.T.);
#15948 = VERTEX_POINT('',#15949);
#15949 = CARTESIAN_POINT('',(1.95,1.159,3.378));
#15950 = LINE('',#15951,#15952);
#15951 = CARTESIAN_POINT('',(1.95,1.159,3.378));
#15952 = VECTOR('',#15953,1.);
#15953 = DIRECTION('',(-9.946808921885E-16,-1.,0.));
#15954 = ORIENTED_EDGE('',*,*,#15955,.T.);
#15955 = EDGE_CURVE('',#15948,#15930,#15956,.T.);
#15956 = LINE('',#15957,#15958);
#15957 = CARTESIAN_POINT('',(1.95,1.159,3.378));
#15958 = VECTOR('',#15959,1.);
#15959 = DIRECTION('',(-0.,-0.,-1.));
#15960 = PLANE('',#15961);
#15961 = AXIS2_PLACEMENT_3D('',#15962,#15963,#15964);
#15962 = CARTESIAN_POINT('',(1.95,1.159,3.378));
#15963 = DIRECTION('',(1.,-9.946808921885E-16,0.));
#15964 = DIRECTION('',(9.946808921885E-16,1.,0.));
#15965 = ADVANCED_FACE('',(#15966),#15991,.F.);
#15966 = FACE_BOUND('',#15967,.T.);
#15967 = EDGE_LOOP('',(#15968,#15976,#15984,#15990));
#15968 = ORIENTED_EDGE('',*,*,#15969,.T.);
#15969 = EDGE_CURVE('',#15932,#15970,#15972,.T.);
#15970 = VERTEX_POINT('',#15971);
#15971 = CARTESIAN_POINT('',(2.37,0.941,2.972));
#15972 = LINE('',#15973,#15974);
#15973 = CARTESIAN_POINT('',(1.95,0.941,2.972));
#15974 = VECTOR('',#15975,1.);
#15975 = DIRECTION('',(1.,-2.581433744013E-16,0.));
#15976 = ORIENTED_EDGE('',*,*,#15977,.F.);
#15977 = EDGE_CURVE('',#15978,#15970,#15980,.T.);
#15978 = VERTEX_POINT('',#15979);
#15979 = CARTESIAN_POINT('',(2.37,0.941,3.378));
#15980 = LINE('',#15981,#15982);
#15981 = CARTESIAN_POINT('',(2.37,0.941,3.378));
#15982 = VECTOR('',#15983,1.);
#15983 = DIRECTION('',(-0.,-0.,-1.));
#15984 = ORIENTED_EDGE('',*,*,#15985,.F.);
#15985 = EDGE_CURVE('',#15940,#15978,#15986,.T.);
#15986 = LINE('',#15987,#15988);
#15987 = CARTESIAN_POINT('',(1.95,0.941,3.378));
#15988 = VECTOR('',#15989,1.);
#15989 = DIRECTION('',(1.,-2.581433744013E-16,0.));
#15990 = ORIENTED_EDGE('',*,*,#15939,.T.);
#15991 = PLANE('',#15992);
#15992 = AXIS2_PLACEMENT_3D('',#15993,#15994,#15995);
#15993 = CARTESIAN_POINT('',(1.95,0.941,3.378));
#15994 = DIRECTION('',(2.581433744013E-16,1.,-0.));
#15995 = DIRECTION('',(-1.,2.581433744013E-16,0.));
#15996 = ADVANCED_FACE('',(#15997),#16024,.F.);
#15997 = FACE_BOUND('',#15998,.F.);
#15998 = EDGE_LOOP('',(#15999,#16000,#16009,#16017));
#15999 = ORIENTED_EDGE('',*,*,#15977,.F.);
#16000 = ORIENTED_EDGE('',*,*,#16001,.T.);
#16001 = EDGE_CURVE('',#15978,#16002,#16004,.T.);
#16002 = VERTEX_POINT('',#16003);
#16003 = CARTESIAN_POINT('',(2.47,0.841,3.378));
#16004 = CIRCLE('',#16005,1.E-01);
#16005 = AXIS2_PLACEMENT_3D('',#16006,#16007,#16008);
#16006 = CARTESIAN_POINT('',(2.37,0.841,3.378));
#16007 = DIRECTION('',(-0.,0.,-1.));
#16008 = DIRECTION('',(-1.,0.,0.));
#16009 = ORIENTED_EDGE('',*,*,#16010,.T.);
#16010 = EDGE_CURVE('',#16002,#16011,#16013,.T.);
#16011 = VERTEX_POINT('',#16012);
#16012 = CARTESIAN_POINT('',(2.47,0.841,2.972));
#16013 = LINE('',#16014,#16015);
#16014 = CARTESIAN_POINT('',(2.47,0.841,3.378));
#16015 = VECTOR('',#16016,1.);
#16016 = DIRECTION('',(-0.,-0.,-1.));
#16017 = ORIENTED_EDGE('',*,*,#16018,.F.);
#16018 = EDGE_CURVE('',#15970,#16011,#16019,.T.);
#16019 = CIRCLE('',#16020,1.E-01);
#16020 = AXIS2_PLACEMENT_3D('',#16021,#16022,#16023);
#16021 = CARTESIAN_POINT('',(2.37,0.841,2.972));
#16022 = DIRECTION('',(-0.,0.,-1.));
#16023 = DIRECTION('',(-1.,0.,0.));
#16024 = CYLINDRICAL_SURFACE('',#16025,1.E-01);
#16025 = AXIS2_PLACEMENT_3D('',#16026,#16027,#16028);
#16026 = CARTESIAN_POINT('',(2.37,0.841,3.378));
#16027 = DIRECTION('',(-0.,-0.,-1.));
#16028 = DIRECTION('',(-1.,0.,0.));
#16029 = ADVANCED_FACE('',(#16030),#16055,.F.);
#16030 = FACE_BOUND('',#16031,.T.);
#16031 = EDGE_LOOP('',(#16032,#16040,#16048,#16054));
#16032 = ORIENTED_EDGE('',*,*,#16033,.T.);
#16033 = EDGE_CURVE('',#16011,#16034,#16036,.T.);
#16034 = VERTEX_POINT('',#16035);
#16035 = CARTESIAN_POINT('',(2.47,0.333936173136,2.972));
#16036 = LINE('',#16037,#16038);
#16037 = CARTESIAN_POINT('',(2.47,0.841,2.972));
#16038 = VECTOR('',#16039,1.);
#16039 = DIRECTION('',(-8.552786572769E-16,-1.,0.));
#16040 = ORIENTED_EDGE('',*,*,#16041,.F.);
#16041 = EDGE_CURVE('',#16042,#16034,#16044,.T.);
#16042 = VERTEX_POINT('',#16043);
#16043 = CARTESIAN_POINT('',(2.47,0.333936173136,3.378));
#16044 = LINE('',#16045,#16046);
#16045 = CARTESIAN_POINT('',(2.47,0.333936173136,3.378));
#16046 = VECTOR('',#16047,1.);
#16047 = DIRECTION('',(-0.,-0.,-1.));
#16048 = ORIENTED_EDGE('',*,*,#16049,.F.);
#16049 = EDGE_CURVE('',#16002,#16042,#16050,.T.);
#16050 = LINE('',#16051,#16052);
#16051 = CARTESIAN_POINT('',(2.47,0.841,3.378));
#16052 = VECTOR('',#16053,1.);
#16053 = DIRECTION('',(-8.552786572769E-16,-1.,0.));
#16054 = ORIENTED_EDGE('',*,*,#16010,.T.);
#16055 = PLANE('',#16056);
#16056 = AXIS2_PLACEMENT_3D('',#16057,#16058,#16059);
#16057 = CARTESIAN_POINT('',(2.47,0.841,3.378));
#16058 = DIRECTION('',(1.,-8.552786572769E-16,0.));
#16059 = DIRECTION('',(8.552786572769E-16,1.,0.));
#16060 = ADVANCED_FACE('',(#16061),#16088,.T.);
#16061 = FACE_BOUND('',#16062,.T.);
#16062 = EDGE_LOOP('',(#16063,#16072,#16080,#16087));
#16063 = ORIENTED_EDGE('',*,*,#16064,.T.);
#16064 = EDGE_CURVE('',#16034,#16065,#16067,.T.);
#16065 = VERTEX_POINT('',#16066);
#16066 = CARTESIAN_POINT('',(2.765817441349,1.671080515303E-02,2.972));
#16067 = CIRCLE('',#16068,0.318);
#16068 = AXIS2_PLACEMENT_3D('',#16069,#16070,#16071);
#16069 = CARTESIAN_POINT('',(2.788,0.333936173136,2.972));
#16070 = DIRECTION('',(0.,0.,1.));
#16071 = DIRECTION('',(1.,0.,-0.));
#16072 = ORIENTED_EDGE('',*,*,#16073,.F.);
#16073 = EDGE_CURVE('',#16074,#16065,#16076,.T.);
#16074 = VERTEX_POINT('',#16075);
#16075 = CARTESIAN_POINT('',(2.765817441349,1.671080515303E-02,3.378));
#16076 = LINE('',#16077,#16078);
#16077 = CARTESIAN_POINT('',(2.765817441349,1.671080515303E-02,3.378));
#16078 = VECTOR('',#16079,1.);
#16079 = DIRECTION('',(-0.,-0.,-1.));
#16080 = ORIENTED_EDGE('',*,*,#16081,.F.);
#16081 = EDGE_CURVE('',#16042,#16074,#16082,.T.);
#16082 = CIRCLE('',#16083,0.318);
#16083 = AXIS2_PLACEMENT_3D('',#16084,#16085,#16086);
#16084 = CARTESIAN_POINT('',(2.788,0.333936173136,3.378));
#16085 = DIRECTION('',(0.,0.,1.));
#16086 = DIRECTION('',(1.,0.,-0.));
#16087 = ORIENTED_EDGE('',*,*,#16041,.T.);
#16088 = CYLINDRICAL_SURFACE('',#16089,0.318);
#16089 = AXIS2_PLACEMENT_3D('',#16090,#16091,#16092);
#16090 = CARTESIAN_POINT('',(2.788,0.333936173136,3.378));
#16091 = DIRECTION('',(-0.,-0.,-1.));
#16092 = DIRECTION('',(-1.,0.,0.));
#16093 = ADVANCED_FACE('',(#16094),#16119,.F.);
#16094 = FACE_BOUND('',#16095,.T.);
#16095 = EDGE_LOOP('',(#16096,#16104,#16112,#16118));
#16096 = ORIENTED_EDGE('',*,*,#16097,.T.);
#16097 = EDGE_CURVE('',#16065,#16098,#16100,.T.);
#16098 = VERTEX_POINT('',#16099);
#16099 = CARTESIAN_POINT('',(3.004793088724,-6.776263578034E-18,2.972));
#16100 = LINE('',#16101,#16102);
#16101 = CARTESIAN_POINT('',(2.765817441349,1.671080515303E-02,2.972));
#16102 = VECTOR('',#16103,1.);
#16103 = DIRECTION('',(0.99756405026,-6.975647374412E-02,0.));
#16104 = ORIENTED_EDGE('',*,*,#16105,.F.);
#16105 = EDGE_CURVE('',#16106,#16098,#16108,.T.);
#16106 = VERTEX_POINT('',#16107);
#16107 = CARTESIAN_POINT('',(3.004793088724,-6.776263578034E-18,3.378));
#16108 = LINE('',#16109,#16110);
#16109 = CARTESIAN_POINT('',(3.004793088724,-6.776263578034E-18,3.378));
#16110 = VECTOR('',#16111,1.);
#16111 = DIRECTION('',(-0.,-0.,-1.));
#16112 = ORIENTED_EDGE('',*,*,#16113,.F.);
#16113 = EDGE_CURVE('',#16074,#16106,#16114,.T.);
#16114 = LINE('',#16115,#16116);
#16115 = CARTESIAN_POINT('',(2.765817441349,1.671080515303E-02,3.378));
#16116 = VECTOR('',#16117,1.);
#16117 = DIRECTION('',(0.99756405026,-6.975647374412E-02,0.));
#16118 = ORIENTED_EDGE('',*,*,#16073,.T.);
#16119 = PLANE('',#16120);
#16120 = AXIS2_PLACEMENT_3D('',#16121,#16122,#16123);
#16121 = CARTESIAN_POINT('',(2.765817441349,1.671080515303E-02,3.378));
#16122 = DIRECTION('',(6.975647374412E-02,0.99756405026,-0.));
#16123 = DIRECTION('',(-0.99756405026,6.975647374412E-02,0.));
#16124 = ADVANCED_FACE('',(#16125),#16150,.F.);
#16125 = FACE_BOUND('',#16126,.T.);
#16126 = EDGE_LOOP('',(#16127,#16135,#16143,#16149));
#16127 = ORIENTED_EDGE('',*,*,#16128,.T.);
#16128 = EDGE_CURVE('',#16098,#16129,#16131,.T.);
#16129 = VERTEX_POINT('',#16130);
#16130 = CARTESIAN_POINT('',(3.02,0.217468962957,2.972));
#16131 = LINE('',#16132,#16133);
#16132 = CARTESIAN_POINT('',(3.02,0.217468962957,2.972));
#16133 = VECTOR('',#16134,1.);
#16134 = DIRECTION('',(6.975647374412E-02,0.99756405026,-0.));
#16135 = ORIENTED_EDGE('',*,*,#16136,.F.);
#16136 = EDGE_CURVE('',#16137,#16129,#16139,.T.);
#16137 = VERTEX_POINT('',#16138);
#16138 = CARTESIAN_POINT('',(3.02,0.217468962957,3.378));
#16139 = LINE('',#16140,#16141);
#16140 = CARTESIAN_POINT('',(3.02,0.217468962957,3.378));
#16141 = VECTOR('',#16142,1.);
#16142 = DIRECTION('',(-0.,-0.,-1.));
#16143 = ORIENTED_EDGE('',*,*,#16144,.F.);
#16144 = EDGE_CURVE('',#16106,#16137,#16145,.T.);
#16145 = LINE('',#16146,#16147);
#16146 = CARTESIAN_POINT('',(3.02,0.217468962957,3.378));
#16147 = VECTOR('',#16148,1.);
#16148 = DIRECTION('',(6.975647374412E-02,0.99756405026,-0.));
#16149 = ORIENTED_EDGE('',*,*,#16105,.T.);
#16150 = PLANE('',#16151);
#16151 = AXIS2_PLACEMENT_3D('',#16152,#16153,#16154);
#16152 = CARTESIAN_POINT('',(3.02,0.217468962957,3.378));
#16153 = DIRECTION('',(-0.99756405026,6.975647374412E-02,0.));
#16154 = DIRECTION('',(-6.975647374412E-02,-0.99756405026,0.));
#16155 = ADVANCED_FACE('',(#16156),#16181,.F.);
#16156 = FACE_BOUND('',#16157,.T.);
#16157 = EDGE_LOOP('',(#16158,#16166,#16174,#16180));
#16158 = ORIENTED_EDGE('',*,*,#16159,.T.);
#16159 = EDGE_CURVE('',#16129,#16160,#16162,.T.);
#16160 = VERTEX_POINT('',#16161);
#16161 = CARTESIAN_POINT('',(2.781024352626,0.23417976811,2.972));
#16162 = LINE('',#16163,#16164);
#16163 = CARTESIAN_POINT('',(2.781024352626,0.23417976811,2.972));
#16164 = VECTOR('',#16165,1.);
#16165 = DIRECTION('',(-0.99756405026,6.975647374412E-02,-0.));
#16166 = ORIENTED_EDGE('',*,*,#16167,.F.);
#16167 = EDGE_CURVE('',#16168,#16160,#16170,.T.);
#16168 = VERTEX_POINT('',#16169);
#16169 = CARTESIAN_POINT('',(2.781024352626,0.23417976811,3.378));
#16170 = LINE('',#16171,#16172);
#16171 = CARTESIAN_POINT('',(2.781024352626,0.23417976811,3.378));
#16172 = VECTOR('',#16173,1.);
#16173 = DIRECTION('',(-0.,-0.,-1.));
#16174 = ORIENTED_EDGE('',*,*,#16175,.F.);
#16175 = EDGE_CURVE('',#16137,#16168,#16176,.T.);
#16176 = LINE('',#16177,#16178);
#16177 = CARTESIAN_POINT('',(2.781024352626,0.23417976811,3.378));
#16178 = VECTOR('',#16179,1.);
#16179 = DIRECTION('',(-0.99756405026,6.975647374412E-02,-0.));
#16180 = ORIENTED_EDGE('',*,*,#16136,.T.);
#16181 = PLANE('',#16182);
#16182 = AXIS2_PLACEMENT_3D('',#16183,#16184,#16185);
#16183 = CARTESIAN_POINT('',(2.781024352626,0.23417976811,3.378));
#16184 = DIRECTION('',(-6.975647374412E-02,-0.99756405026,0.));
#16185 = DIRECTION('',(0.99756405026,-6.975647374412E-02,0.));
#16186 = ADVANCED_FACE('',(#16187),#16214,.F.);
#16187 = FACE_BOUND('',#16188,.F.);
#16188 = EDGE_LOOP('',(#16189,#16190,#16199,#16207));
#16189 = ORIENTED_EDGE('',*,*,#16167,.F.);
#16190 = ORIENTED_EDGE('',*,*,#16191,.T.);
#16191 = EDGE_CURVE('',#16168,#16192,#16194,.T.);
#16192 = VERTEX_POINT('',#16193);
#16193 = CARTESIAN_POINT('',(2.688,0.333936173136,3.378));
#16194 = CIRCLE('',#16195,1.E-01);
#16195 = AXIS2_PLACEMENT_3D('',#16196,#16197,#16198);
#16196 = CARTESIAN_POINT('',(2.788,0.333936173136,3.378));
#16197 = DIRECTION('',(0.,0.,-1.));
#16198 = DIRECTION('',(1.,0.,0.));
#16199 = ORIENTED_EDGE('',*,*,#16200,.T.);
#16200 = EDGE_CURVE('',#16192,#16201,#16203,.T.);
#16201 = VERTEX_POINT('',#16202);
#16202 = CARTESIAN_POINT('',(2.688,0.333936173136,2.972));
#16203 = LINE('',#16204,#16205);
#16204 = CARTESIAN_POINT('',(2.688,0.333936173136,3.378));
#16205 = VECTOR('',#16206,1.);
#16206 = DIRECTION('',(-0.,-0.,-1.));
#16207 = ORIENTED_EDGE('',*,*,#16208,.F.);
#16208 = EDGE_CURVE('',#16160,#16201,#16209,.T.);
#16209 = CIRCLE('',#16210,1.E-01);
#16210 = AXIS2_PLACEMENT_3D('',#16211,#16212,#16213);
#16211 = CARTESIAN_POINT('',(2.788,0.333936173136,2.972));
#16212 = DIRECTION('',(0.,0.,-1.));
#16213 = DIRECTION('',(1.,0.,0.));
#16214 = CYLINDRICAL_SURFACE('',#16215,1.E-01);
#16215 = AXIS2_PLACEMENT_3D('',#16216,#16217,#16218);
#16216 = CARTESIAN_POINT('',(2.788,0.333936173136,3.378));
#16217 = DIRECTION('',(-0.,-0.,-1.));
#16218 = DIRECTION('',(-1.,0.,0.));
#16219 = ADVANCED_FACE('',(#16220),#16245,.F.);
#16220 = FACE_BOUND('',#16221,.T.);
#16221 = EDGE_LOOP('',(#16222,#16230,#16238,#16244));
#16222 = ORIENTED_EDGE('',*,*,#16223,.T.);
#16223 = EDGE_CURVE('',#16201,#16224,#16226,.T.);
#16224 = VERTEX_POINT('',#16225);
#16225 = CARTESIAN_POINT('',(2.688,0.841,2.972));
#16226 = LINE('',#16227,#16228);
#16227 = CARTESIAN_POINT('',(2.688,0.841,2.972));
#16228 = VECTOR('',#16229,1.);
#16229 = DIRECTION('',(-0.,1.,-0.));
#16230 = ORIENTED_EDGE('',*,*,#16231,.F.);
#16231 = EDGE_CURVE('',#16232,#16224,#16234,.T.);
#16232 = VERTEX_POINT('',#16233);
#16233 = CARTESIAN_POINT('',(2.688,0.841,3.378));
#16234 = LINE('',#16235,#16236);
#16235 = CARTESIAN_POINT('',(2.688,0.841,3.378));
#16236 = VECTOR('',#16237,1.);
#16237 = DIRECTION('',(-0.,-0.,-1.));
#16238 = ORIENTED_EDGE('',*,*,#16239,.F.);
#16239 = EDGE_CURVE('',#16192,#16232,#16240,.T.);
#16240 = LINE('',#16241,#16242);
#16241 = CARTESIAN_POINT('',(2.688,0.841,3.378));
#16242 = VECTOR('',#16243,1.);
#16243 = DIRECTION('',(-0.,1.,-0.));
#16244 = ORIENTED_EDGE('',*,*,#16200,.T.);
#16245 = PLANE('',#16246);
#16246 = AXIS2_PLACEMENT_3D('',#16247,#16248,#16249);
#16247 = CARTESIAN_POINT('',(2.688,0.841,3.378));
#16248 = DIRECTION('',(-1.,0.,0.));
#16249 = DIRECTION('',(0.,0.,1.));
#16250 = ADVANCED_FACE('',(#16251),#16278,.T.);
#16251 = FACE_BOUND('',#16252,.T.);
#16252 = EDGE_LOOP('',(#16253,#16262,#16270,#16277));
#16253 = ORIENTED_EDGE('',*,*,#16254,.T.);
#16254 = EDGE_CURVE('',#16224,#16255,#16257,.T.);
#16255 = VERTEX_POINT('',#16256);
#16256 = CARTESIAN_POINT('',(2.37,1.159,2.972));
#16257 = CIRCLE('',#16258,0.318);
#16258 = AXIS2_PLACEMENT_3D('',#16259,#16260,#16261);
#16259 = CARTESIAN_POINT('',(2.37,0.841,2.972));
#16260 = DIRECTION('',(0.,0.,1.));
#16261 = DIRECTION('',(-1.,0.,0.));
#16262 = ORIENTED_EDGE('',*,*,#16263,.F.);
#16263 = EDGE_CURVE('',#16264,#16255,#16266,.T.);
#16264 = VERTEX_POINT('',#16265);
#16265 = CARTESIAN_POINT('',(2.37,1.159,3.378));
#16266 = LINE('',#16267,#16268);
#16267 = CARTESIAN_POINT('',(2.37,1.159,3.378));
#16268 = VECTOR('',#16269,1.);
#16269 = DIRECTION('',(-0.,-0.,-1.));
#16270 = ORIENTED_EDGE('',*,*,#16271,.F.);
#16271 = EDGE_CURVE('',#16232,#16264,#16272,.T.);
#16272 = CIRCLE('',#16273,0.318);
#16273 = AXIS2_PLACEMENT_3D('',#16274,#16275,#16276);
#16274 = CARTESIAN_POINT('',(2.37,0.841,3.378));
#16275 = DIRECTION('',(0.,0.,1.));
#16276 = DIRECTION('',(-1.,0.,0.));
#16277 = ORIENTED_EDGE('',*,*,#16231,.T.);
#16278 = CYLINDRICAL_SURFACE('',#16279,0.318);
#16279 = AXIS2_PLACEMENT_3D('',#16280,#16281,#16282);
#16280 = CARTESIAN_POINT('',(2.37,0.841,3.378));
#16281 = DIRECTION('',(-0.,-0.,-1.));
#16282 = DIRECTION('',(-1.,0.,0.));
#16283 = ADVANCED_FACE('',(#16284),#16300,.F.);
#16284 = FACE_BOUND('',#16285,.T.);
#16285 = EDGE_LOOP('',(#16286,#16292,#16293,#16299));
#16286 = ORIENTED_EDGE('',*,*,#16287,.T.);
#16287 = EDGE_CURVE('',#16255,#15930,#16288,.T.);
#16288 = LINE('',#16289,#16290);
#16289 = CARTESIAN_POINT('',(1.95,1.159,2.972));
#16290 = VECTOR('',#16291,1.);
#16291 = DIRECTION('',(-1.,-0.,-0.));
#16292 = ORIENTED_EDGE('',*,*,#15955,.F.);
#16293 = ORIENTED_EDGE('',*,*,#16294,.F.);
#16294 = EDGE_CURVE('',#16264,#15948,#16295,.T.);
#16295 = LINE('',#16296,#16297);
#16296 = CARTESIAN_POINT('',(1.95,1.159,3.378));
#16297 = VECTOR('',#16298,1.);
#16298 = DIRECTION('',(-1.,-0.,-0.));
#16299 = ORIENTED_EDGE('',*,*,#16263,.T.);
#16300 = PLANE('',#16301);
#16301 = AXIS2_PLACEMENT_3D('',#16302,#16303,#16304);
#16302 = CARTESIAN_POINT('',(1.95,1.159,3.378));
#16303 = DIRECTION('',(0.,-1.,0.));
#16304 = DIRECTION('',(0.,-0.,-1.));
#16305 = ADVANCED_FACE('',(#16306),#16320,.F.);
#16306 = FACE_BOUND('',#16307,.T.);
#16307 = EDGE_LOOP('',(#16308,#16309,#16310,#16311,#16312,#16313,#16314,
    #16315,#16316,#16317,#16318,#16319));
#16308 = ORIENTED_EDGE('',*,*,#15947,.T.);
#16309 = ORIENTED_EDGE('',*,*,#15985,.T.);
#16310 = ORIENTED_EDGE('',*,*,#16001,.T.);
#16311 = ORIENTED_EDGE('',*,*,#16049,.T.);
#16312 = ORIENTED_EDGE('',*,*,#16081,.T.);
#16313 = ORIENTED_EDGE('',*,*,#16113,.T.);
#16314 = ORIENTED_EDGE('',*,*,#16144,.T.);
#16315 = ORIENTED_EDGE('',*,*,#16175,.T.);
#16316 = ORIENTED_EDGE('',*,*,#16191,.T.);
#16317 = ORIENTED_EDGE('',*,*,#16239,.T.);
#16318 = ORIENTED_EDGE('',*,*,#16271,.T.);
#16319 = ORIENTED_EDGE('',*,*,#16294,.T.);
#16320 = PLANE('',#16321);
#16321 = AXIS2_PLACEMENT_3D('',#16322,#16323,#16324);
#16322 = CARTESIAN_POINT('',(2.37,0.841,3.378));
#16323 = DIRECTION('',(-0.,0.,-1.));
#16324 = DIRECTION('',(-1.,0.,0.));
#16325 = ADVANCED_FACE('',(#16326),#16340,.T.);
#16326 = FACE_BOUND('',#16327,.T.);
#16327 = EDGE_LOOP('',(#16328,#16329,#16330,#16331,#16332,#16333,#16334,
    #16335,#16336,#16337,#16338,#16339));
#16328 = ORIENTED_EDGE('',*,*,#15929,.F.);
#16329 = ORIENTED_EDGE('',*,*,#16287,.F.);
#16330 = ORIENTED_EDGE('',*,*,#16254,.F.);
#16331 = ORIENTED_EDGE('',*,*,#16223,.F.);
#16332 = ORIENTED_EDGE('',*,*,#16208,.F.);
#16333 = ORIENTED_EDGE('',*,*,#16159,.F.);
#16334 = ORIENTED_EDGE('',*,*,#16128,.F.);
#16335 = ORIENTED_EDGE('',*,*,#16097,.F.);
#16336 = ORIENTED_EDGE('',*,*,#16064,.F.);
#16337 = ORIENTED_EDGE('',*,*,#16033,.F.);
#16338 = ORIENTED_EDGE('',*,*,#16018,.F.);
#16339 = ORIENTED_EDGE('',*,*,#15969,.F.);
#16340 = PLANE('',#16341);
#16341 = AXIS2_PLACEMENT_3D('',#16342,#16343,#16344);
#16342 = CARTESIAN_POINT('',(2.37,0.841,2.972));
#16343 = DIRECTION('',(-0.,0.,-1.));
#16344 = DIRECTION('',(-1.,0.,0.));
#16345 = MANIFOLD_SOLID_BREP('',#16346);
#16346 = CLOSED_SHELL('',(#16347,#16387,#16418,#16451,#16482,#16515,
    #16546,#16577,#16608,#16641,#16672,#16705,#16727,#16747));
#16347 = ADVANCED_FACE('',(#16348),#16382,.F.);
#16348 = FACE_BOUND('',#16349,.T.);
#16349 = EDGE_LOOP('',(#16350,#16360,#16368,#16376));
#16350 = ORIENTED_EDGE('',*,*,#16351,.T.);
#16351 = EDGE_CURVE('',#16352,#16354,#16356,.T.);
#16352 = VERTEX_POINT('',#16353);
#16353 = CARTESIAN_POINT('',(1.95,1.159,4.242));
#16354 = VERTEX_POINT('',#16355);
#16355 = CARTESIAN_POINT('',(1.95,0.941,4.242));
#16356 = LINE('',#16357,#16358);
#16357 = CARTESIAN_POINT('',(1.95,1.159,4.242));
#16358 = VECTOR('',#16359,1.);
#16359 = DIRECTION('',(-9.946808921885E-16,-1.,0.));
#16360 = ORIENTED_EDGE('',*,*,#16361,.F.);
#16361 = EDGE_CURVE('',#16362,#16354,#16364,.T.);
#16362 = VERTEX_POINT('',#16363);
#16363 = CARTESIAN_POINT('',(1.95,0.941,4.648));
#16364 = LINE('',#16365,#16366);
#16365 = CARTESIAN_POINT('',(1.95,0.941,4.648));
#16366 = VECTOR('',#16367,1.);
#16367 = DIRECTION('',(-0.,-0.,-1.));
#16368 = ORIENTED_EDGE('',*,*,#16369,.F.);
#16369 = EDGE_CURVE('',#16370,#16362,#16372,.T.);
#16370 = VERTEX_POINT('',#16371);
#16371 = CARTESIAN_POINT('',(1.95,1.159,4.648));
#16372 = LINE('',#16373,#16374);
#16373 = CARTESIAN_POINT('',(1.95,1.159,4.648));
#16374 = VECTOR('',#16375,1.);
#16375 = DIRECTION('',(-9.946808921885E-16,-1.,0.));
#16376 = ORIENTED_EDGE('',*,*,#16377,.T.);
#16377 = EDGE_CURVE('',#16370,#16352,#16378,.T.);
#16378 = LINE('',#16379,#16380);
#16379 = CARTESIAN_POINT('',(1.95,1.159,4.648));
#16380 = VECTOR('',#16381,1.);
#16381 = DIRECTION('',(-0.,-0.,-1.));
#16382 = PLANE('',#16383);
#16383 = AXIS2_PLACEMENT_3D('',#16384,#16385,#16386);
#16384 = CARTESIAN_POINT('',(1.95,1.159,4.648));
#16385 = DIRECTION('',(1.,-9.946808921885E-16,0.));
#16386 = DIRECTION('',(9.946808921885E-16,1.,0.));
#16387 = ADVANCED_FACE('',(#16388),#16413,.F.);
#16388 = FACE_BOUND('',#16389,.T.);
#16389 = EDGE_LOOP('',(#16390,#16398,#16406,#16412));
#16390 = ORIENTED_EDGE('',*,*,#16391,.T.);
#16391 = EDGE_CURVE('',#16354,#16392,#16394,.T.);
#16392 = VERTEX_POINT('',#16393);
#16393 = CARTESIAN_POINT('',(2.37,0.941,4.242));
#16394 = LINE('',#16395,#16396);
#16395 = CARTESIAN_POINT('',(1.95,0.941,4.242));
#16396 = VECTOR('',#16397,1.);
#16397 = DIRECTION('',(1.,-2.581433744013E-16,0.));
#16398 = ORIENTED_EDGE('',*,*,#16399,.F.);
#16399 = EDGE_CURVE('',#16400,#16392,#16402,.T.);
#16400 = VERTEX_POINT('',#16401);
#16401 = CARTESIAN_POINT('',(2.37,0.941,4.648));
#16402 = LINE('',#16403,#16404);
#16403 = CARTESIAN_POINT('',(2.37,0.941,4.648));
#16404 = VECTOR('',#16405,1.);
#16405 = DIRECTION('',(-0.,-0.,-1.));
#16406 = ORIENTED_EDGE('',*,*,#16407,.F.);
#16407 = EDGE_CURVE('',#16362,#16400,#16408,.T.);
#16408 = LINE('',#16409,#16410);
#16409 = CARTESIAN_POINT('',(1.95,0.941,4.648));
#16410 = VECTOR('',#16411,1.);
#16411 = DIRECTION('',(1.,-2.581433744013E-16,0.));
#16412 = ORIENTED_EDGE('',*,*,#16361,.T.);
#16413 = PLANE('',#16414);
#16414 = AXIS2_PLACEMENT_3D('',#16415,#16416,#16417);
#16415 = CARTESIAN_POINT('',(1.95,0.941,4.648));
#16416 = DIRECTION('',(2.581433744013E-16,1.,-0.));
#16417 = DIRECTION('',(-1.,2.581433744013E-16,0.));
#16418 = ADVANCED_FACE('',(#16419),#16446,.F.);
#16419 = FACE_BOUND('',#16420,.F.);
#16420 = EDGE_LOOP('',(#16421,#16422,#16431,#16439));
#16421 = ORIENTED_EDGE('',*,*,#16399,.F.);
#16422 = ORIENTED_EDGE('',*,*,#16423,.T.);
#16423 = EDGE_CURVE('',#16400,#16424,#16426,.T.);
#16424 = VERTEX_POINT('',#16425);
#16425 = CARTESIAN_POINT('',(2.47,0.841,4.648));
#16426 = CIRCLE('',#16427,1.E-01);
#16427 = AXIS2_PLACEMENT_3D('',#16428,#16429,#16430);
#16428 = CARTESIAN_POINT('',(2.37,0.841,4.648));
#16429 = DIRECTION('',(-0.,0.,-1.));
#16430 = DIRECTION('',(-1.,0.,0.));
#16431 = ORIENTED_EDGE('',*,*,#16432,.T.);
#16432 = EDGE_CURVE('',#16424,#16433,#16435,.T.);
#16433 = VERTEX_POINT('',#16434);
#16434 = CARTESIAN_POINT('',(2.47,0.841,4.242));
#16435 = LINE('',#16436,#16437);
#16436 = CARTESIAN_POINT('',(2.47,0.841,4.648));
#16437 = VECTOR('',#16438,1.);
#16438 = DIRECTION('',(-0.,-0.,-1.));
#16439 = ORIENTED_EDGE('',*,*,#16440,.F.);
#16440 = EDGE_CURVE('',#16392,#16433,#16441,.T.);
#16441 = CIRCLE('',#16442,1.E-01);
#16442 = AXIS2_PLACEMENT_3D('',#16443,#16444,#16445);
#16443 = CARTESIAN_POINT('',(2.37,0.841,4.242));
#16444 = DIRECTION('',(-0.,0.,-1.));
#16445 = DIRECTION('',(-1.,0.,0.));
#16446 = CYLINDRICAL_SURFACE('',#16447,1.E-01);
#16447 = AXIS2_PLACEMENT_3D('',#16448,#16449,#16450);
#16448 = CARTESIAN_POINT('',(2.37,0.841,4.648));
#16449 = DIRECTION('',(-0.,-0.,-1.));
#16450 = DIRECTION('',(-1.,0.,0.));
#16451 = ADVANCED_FACE('',(#16452),#16477,.F.);
#16452 = FACE_BOUND('',#16453,.T.);
#16453 = EDGE_LOOP('',(#16454,#16462,#16470,#16476));
#16454 = ORIENTED_EDGE('',*,*,#16455,.T.);
#16455 = EDGE_CURVE('',#16433,#16456,#16458,.T.);
#16456 = VERTEX_POINT('',#16457);
#16457 = CARTESIAN_POINT('',(2.47,0.333936173136,4.242));
#16458 = LINE('',#16459,#16460);
#16459 = CARTESIAN_POINT('',(2.47,0.841,4.242));
#16460 = VECTOR('',#16461,1.);
#16461 = DIRECTION('',(-8.552786572769E-16,-1.,0.));
#16462 = ORIENTED_EDGE('',*,*,#16463,.F.);
#16463 = EDGE_CURVE('',#16464,#16456,#16466,.T.);
#16464 = VERTEX_POINT('',#16465);
#16465 = CARTESIAN_POINT('',(2.47,0.333936173136,4.648));
#16466 = LINE('',#16467,#16468);
#16467 = CARTESIAN_POINT('',(2.47,0.333936173136,4.648));
#16468 = VECTOR('',#16469,1.);
#16469 = DIRECTION('',(-0.,-0.,-1.));
#16470 = ORIENTED_EDGE('',*,*,#16471,.F.);
#16471 = EDGE_CURVE('',#16424,#16464,#16472,.T.);
#16472 = LINE('',#16473,#16474);
#16473 = CARTESIAN_POINT('',(2.47,0.841,4.648));
#16474 = VECTOR('',#16475,1.);
#16475 = DIRECTION('',(-8.552786572769E-16,-1.,0.));
#16476 = ORIENTED_EDGE('',*,*,#16432,.T.);
#16477 = PLANE('',#16478);
#16478 = AXIS2_PLACEMENT_3D('',#16479,#16480,#16481);
#16479 = CARTESIAN_POINT('',(2.47,0.841,4.648));
#16480 = DIRECTION('',(1.,-8.552786572769E-16,0.));
#16481 = DIRECTION('',(8.552786572769E-16,1.,0.));
#16482 = ADVANCED_FACE('',(#16483),#16510,.T.);
#16483 = FACE_BOUND('',#16484,.T.);
#16484 = EDGE_LOOP('',(#16485,#16494,#16502,#16509));
#16485 = ORIENTED_EDGE('',*,*,#16486,.T.);
#16486 = EDGE_CURVE('',#16456,#16487,#16489,.T.);
#16487 = VERTEX_POINT('',#16488);
#16488 = CARTESIAN_POINT('',(2.765817441349,1.671080515303E-02,4.242));
#16489 = CIRCLE('',#16490,0.318);
#16490 = AXIS2_PLACEMENT_3D('',#16491,#16492,#16493);
#16491 = CARTESIAN_POINT('',(2.788,0.333936173136,4.242));
#16492 = DIRECTION('',(0.,0.,1.));
#16493 = DIRECTION('',(1.,0.,-0.));
#16494 = ORIENTED_EDGE('',*,*,#16495,.F.);
#16495 = EDGE_CURVE('',#16496,#16487,#16498,.T.);
#16496 = VERTEX_POINT('',#16497);
#16497 = CARTESIAN_POINT('',(2.765817441349,1.671080515303E-02,4.648));
#16498 = LINE('',#16499,#16500);
#16499 = CARTESIAN_POINT('',(2.765817441349,1.671080515303E-02,4.648));
#16500 = VECTOR('',#16501,1.);
#16501 = DIRECTION('',(-0.,-0.,-1.));
#16502 = ORIENTED_EDGE('',*,*,#16503,.F.);
#16503 = EDGE_CURVE('',#16464,#16496,#16504,.T.);
#16504 = CIRCLE('',#16505,0.318);
#16505 = AXIS2_PLACEMENT_3D('',#16506,#16507,#16508);
#16506 = CARTESIAN_POINT('',(2.788,0.333936173136,4.648));
#16507 = DIRECTION('',(0.,0.,1.));
#16508 = DIRECTION('',(1.,0.,-0.));
#16509 = ORIENTED_EDGE('',*,*,#16463,.T.);
#16510 = CYLINDRICAL_SURFACE('',#16511,0.318);
#16511 = AXIS2_PLACEMENT_3D('',#16512,#16513,#16514);
#16512 = CARTESIAN_POINT('',(2.788,0.333936173136,4.648));
#16513 = DIRECTION('',(-0.,-0.,-1.));
#16514 = DIRECTION('',(-1.,0.,0.));
#16515 = ADVANCED_FACE('',(#16516),#16541,.F.);
#16516 = FACE_BOUND('',#16517,.T.);
#16517 = EDGE_LOOP('',(#16518,#16526,#16534,#16540));
#16518 = ORIENTED_EDGE('',*,*,#16519,.T.);
#16519 = EDGE_CURVE('',#16487,#16520,#16522,.T.);
#16520 = VERTEX_POINT('',#16521);
#16521 = CARTESIAN_POINT('',(3.004793088724,-6.776263578034E-18,4.242));
#16522 = LINE('',#16523,#16524);
#16523 = CARTESIAN_POINT('',(2.765817441349,1.671080515303E-02,4.242));
#16524 = VECTOR('',#16525,1.);
#16525 = DIRECTION('',(0.99756405026,-6.975647374412E-02,0.));
#16526 = ORIENTED_EDGE('',*,*,#16527,.F.);
#16527 = EDGE_CURVE('',#16528,#16520,#16530,.T.);
#16528 = VERTEX_POINT('',#16529);
#16529 = CARTESIAN_POINT('',(3.004793088724,-6.776263578034E-18,4.648));
#16530 = LINE('',#16531,#16532);
#16531 = CARTESIAN_POINT('',(3.004793088724,-6.776263578034E-18,4.648));
#16532 = VECTOR('',#16533,1.);
#16533 = DIRECTION('',(-0.,-0.,-1.));
#16534 = ORIENTED_EDGE('',*,*,#16535,.F.);
#16535 = EDGE_CURVE('',#16496,#16528,#16536,.T.);
#16536 = LINE('',#16537,#16538);
#16537 = CARTESIAN_POINT('',(2.765817441349,1.671080515303E-02,4.648));
#16538 = VECTOR('',#16539,1.);
#16539 = DIRECTION('',(0.99756405026,-6.975647374412E-02,0.));
#16540 = ORIENTED_EDGE('',*,*,#16495,.T.);
#16541 = PLANE('',#16542);
#16542 = AXIS2_PLACEMENT_3D('',#16543,#16544,#16545);
#16543 = CARTESIAN_POINT('',(2.765817441349,1.671080515303E-02,4.648));
#16544 = DIRECTION('',(6.975647374412E-02,0.99756405026,-0.));
#16545 = DIRECTION('',(-0.99756405026,6.975647374412E-02,0.));
#16546 = ADVANCED_FACE('',(#16547),#16572,.F.);
#16547 = FACE_BOUND('',#16548,.T.);
#16548 = EDGE_LOOP('',(#16549,#16557,#16565,#16571));
#16549 = ORIENTED_EDGE('',*,*,#16550,.T.);
#16550 = EDGE_CURVE('',#16520,#16551,#16553,.T.);
#16551 = VERTEX_POINT('',#16552);
#16552 = CARTESIAN_POINT('',(3.02,0.217468962957,4.242));
#16553 = LINE('',#16554,#16555);
#16554 = CARTESIAN_POINT('',(3.02,0.217468962957,4.242));
#16555 = VECTOR('',#16556,1.);
#16556 = DIRECTION('',(6.975647374412E-02,0.99756405026,-0.));
#16557 = ORIENTED_EDGE('',*,*,#16558,.F.);
#16558 = EDGE_CURVE('',#16559,#16551,#16561,.T.);
#16559 = VERTEX_POINT('',#16560);
#16560 = CARTESIAN_POINT('',(3.02,0.217468962957,4.648));
#16561 = LINE('',#16562,#16563);
#16562 = CARTESIAN_POINT('',(3.02,0.217468962957,4.648));
#16563 = VECTOR('',#16564,1.);
#16564 = DIRECTION('',(-0.,-0.,-1.));
#16565 = ORIENTED_EDGE('',*,*,#16566,.F.);
#16566 = EDGE_CURVE('',#16528,#16559,#16567,.T.);
#16567 = LINE('',#16568,#16569);
#16568 = CARTESIAN_POINT('',(3.02,0.217468962957,4.648));
#16569 = VECTOR('',#16570,1.);
#16570 = DIRECTION('',(6.975647374412E-02,0.99756405026,-0.));
#16571 = ORIENTED_EDGE('',*,*,#16527,.T.);
#16572 = PLANE('',#16573);
#16573 = AXIS2_PLACEMENT_3D('',#16574,#16575,#16576);
#16574 = CARTESIAN_POINT('',(3.02,0.217468962957,4.648));
#16575 = DIRECTION('',(-0.99756405026,6.975647374412E-02,0.));
#16576 = DIRECTION('',(-6.975647374412E-02,-0.99756405026,0.));
#16577 = ADVANCED_FACE('',(#16578),#16603,.F.);
#16578 = FACE_BOUND('',#16579,.T.);
#16579 = EDGE_LOOP('',(#16580,#16588,#16596,#16602));
#16580 = ORIENTED_EDGE('',*,*,#16581,.T.);
#16581 = EDGE_CURVE('',#16551,#16582,#16584,.T.);
#16582 = VERTEX_POINT('',#16583);
#16583 = CARTESIAN_POINT('',(2.781024352626,0.23417976811,4.242));
#16584 = LINE('',#16585,#16586);
#16585 = CARTESIAN_POINT('',(2.781024352626,0.23417976811,4.242));
#16586 = VECTOR('',#16587,1.);
#16587 = DIRECTION('',(-0.99756405026,6.975647374412E-02,-0.));
#16588 = ORIENTED_EDGE('',*,*,#16589,.F.);
#16589 = EDGE_CURVE('',#16590,#16582,#16592,.T.);
#16590 = VERTEX_POINT('',#16591);
#16591 = CARTESIAN_POINT('',(2.781024352626,0.23417976811,4.648));
#16592 = LINE('',#16593,#16594);
#16593 = CARTESIAN_POINT('',(2.781024352626,0.23417976811,4.648));
#16594 = VECTOR('',#16595,1.);
#16595 = DIRECTION('',(-0.,-0.,-1.));
#16596 = ORIENTED_EDGE('',*,*,#16597,.F.);
#16597 = EDGE_CURVE('',#16559,#16590,#16598,.T.);
#16598 = LINE('',#16599,#16600);
#16599 = CARTESIAN_POINT('',(2.781024352626,0.23417976811,4.648));
#16600 = VECTOR('',#16601,1.);
#16601 = DIRECTION('',(-0.99756405026,6.975647374412E-02,-0.));
#16602 = ORIENTED_EDGE('',*,*,#16558,.T.);
#16603 = PLANE('',#16604);
#16604 = AXIS2_PLACEMENT_3D('',#16605,#16606,#16607);
#16605 = CARTESIAN_POINT('',(2.781024352626,0.23417976811,4.648));
#16606 = DIRECTION('',(-6.975647374412E-02,-0.99756405026,0.));
#16607 = DIRECTION('',(0.99756405026,-6.975647374412E-02,0.));
#16608 = ADVANCED_FACE('',(#16609),#16636,.F.);
#16609 = FACE_BOUND('',#16610,.F.);
#16610 = EDGE_LOOP('',(#16611,#16612,#16621,#16629));
#16611 = ORIENTED_EDGE('',*,*,#16589,.F.);
#16612 = ORIENTED_EDGE('',*,*,#16613,.T.);
#16613 = EDGE_CURVE('',#16590,#16614,#16616,.T.);
#16614 = VERTEX_POINT('',#16615);
#16615 = CARTESIAN_POINT('',(2.688,0.333936173136,4.648));
#16616 = CIRCLE('',#16617,1.E-01);
#16617 = AXIS2_PLACEMENT_3D('',#16618,#16619,#16620);
#16618 = CARTESIAN_POINT('',(2.788,0.333936173136,4.648));
#16619 = DIRECTION('',(0.,0.,-1.));
#16620 = DIRECTION('',(1.,0.,0.));
#16621 = ORIENTED_EDGE('',*,*,#16622,.T.);
#16622 = EDGE_CURVE('',#16614,#16623,#16625,.T.);
#16623 = VERTEX_POINT('',#16624);
#16624 = CARTESIAN_POINT('',(2.688,0.333936173136,4.242));
#16625 = LINE('',#16626,#16627);
#16626 = CARTESIAN_POINT('',(2.688,0.333936173136,4.648));
#16627 = VECTOR('',#16628,1.);
#16628 = DIRECTION('',(-0.,-0.,-1.));
#16629 = ORIENTED_EDGE('',*,*,#16630,.F.);
#16630 = EDGE_CURVE('',#16582,#16623,#16631,.T.);
#16631 = CIRCLE('',#16632,1.E-01);
#16632 = AXIS2_PLACEMENT_3D('',#16633,#16634,#16635);
#16633 = CARTESIAN_POINT('',(2.788,0.333936173136,4.242));
#16634 = DIRECTION('',(0.,0.,-1.));
#16635 = DIRECTION('',(1.,0.,0.));
#16636 = CYLINDRICAL_SURFACE('',#16637,1.E-01);
#16637 = AXIS2_PLACEMENT_3D('',#16638,#16639,#16640);
#16638 = CARTESIAN_POINT('',(2.788,0.333936173136,4.648));
#16639 = DIRECTION('',(-0.,-0.,-1.));
#16640 = DIRECTION('',(-1.,0.,0.));
#16641 = ADVANCED_FACE('',(#16642),#16667,.F.);
#16642 = FACE_BOUND('',#16643,.T.);
#16643 = EDGE_LOOP('',(#16644,#16652,#16660,#16666));
#16644 = ORIENTED_EDGE('',*,*,#16645,.T.);
#16645 = EDGE_CURVE('',#16623,#16646,#16648,.T.);
#16646 = VERTEX_POINT('',#16647);
#16647 = CARTESIAN_POINT('',(2.688,0.841,4.242));
#16648 = LINE('',#16649,#16650);
#16649 = CARTESIAN_POINT('',(2.688,0.841,4.242));
#16650 = VECTOR('',#16651,1.);
#16651 = DIRECTION('',(-0.,1.,-0.));
#16652 = ORIENTED_EDGE('',*,*,#16653,.F.);
#16653 = EDGE_CURVE('',#16654,#16646,#16656,.T.);
#16654 = VERTEX_POINT('',#16655);
#16655 = CARTESIAN_POINT('',(2.688,0.841,4.648));
#16656 = LINE('',#16657,#16658);
#16657 = CARTESIAN_POINT('',(2.688,0.841,4.648));
#16658 = VECTOR('',#16659,1.);
#16659 = DIRECTION('',(-0.,-0.,-1.));
#16660 = ORIENTED_EDGE('',*,*,#16661,.F.);
#16661 = EDGE_CURVE('',#16614,#16654,#16662,.T.);
#16662 = LINE('',#16663,#16664);
#16663 = CARTESIAN_POINT('',(2.688,0.841,4.648));
#16664 = VECTOR('',#16665,1.);
#16665 = DIRECTION('',(-0.,1.,-0.));
#16666 = ORIENTED_EDGE('',*,*,#16622,.T.);
#16667 = PLANE('',#16668);
#16668 = AXIS2_PLACEMENT_3D('',#16669,#16670,#16671);
#16669 = CARTESIAN_POINT('',(2.688,0.841,4.648));
#16670 = DIRECTION('',(-1.,0.,0.));
#16671 = DIRECTION('',(0.,0.,1.));
#16672 = ADVANCED_FACE('',(#16673),#16700,.T.);
#16673 = FACE_BOUND('',#16674,.T.);
#16674 = EDGE_LOOP('',(#16675,#16684,#16692,#16699));
#16675 = ORIENTED_EDGE('',*,*,#16676,.T.);
#16676 = EDGE_CURVE('',#16646,#16677,#16679,.T.);
#16677 = VERTEX_POINT('',#16678);
#16678 = CARTESIAN_POINT('',(2.37,1.159,4.242));
#16679 = CIRCLE('',#16680,0.318);
#16680 = AXIS2_PLACEMENT_3D('',#16681,#16682,#16683);
#16681 = CARTESIAN_POINT('',(2.37,0.841,4.242));
#16682 = DIRECTION('',(0.,0.,1.));
#16683 = DIRECTION('',(-1.,0.,0.));
#16684 = ORIENTED_EDGE('',*,*,#16685,.F.);
#16685 = EDGE_CURVE('',#16686,#16677,#16688,.T.);
#16686 = VERTEX_POINT('',#16687);
#16687 = CARTESIAN_POINT('',(2.37,1.159,4.648));
#16688 = LINE('',#16689,#16690);
#16689 = CARTESIAN_POINT('',(2.37,1.159,4.648));
#16690 = VECTOR('',#16691,1.);
#16691 = DIRECTION('',(-0.,-0.,-1.));
#16692 = ORIENTED_EDGE('',*,*,#16693,.F.);
#16693 = EDGE_CURVE('',#16654,#16686,#16694,.T.);
#16694 = CIRCLE('',#16695,0.318);
#16695 = AXIS2_PLACEMENT_3D('',#16696,#16697,#16698);
#16696 = CARTESIAN_POINT('',(2.37,0.841,4.648));
#16697 = DIRECTION('',(0.,0.,1.));
#16698 = DIRECTION('',(-1.,0.,0.));
#16699 = ORIENTED_EDGE('',*,*,#16653,.T.);
#16700 = CYLINDRICAL_SURFACE('',#16701,0.318);
#16701 = AXIS2_PLACEMENT_3D('',#16702,#16703,#16704);
#16702 = CARTESIAN_POINT('',(2.37,0.841,4.648));
#16703 = DIRECTION('',(-0.,-0.,-1.));
#16704 = DIRECTION('',(-1.,0.,0.));
#16705 = ADVANCED_FACE('',(#16706),#16722,.F.);
#16706 = FACE_BOUND('',#16707,.T.);
#16707 = EDGE_LOOP('',(#16708,#16714,#16715,#16721));
#16708 = ORIENTED_EDGE('',*,*,#16709,.T.);
#16709 = EDGE_CURVE('',#16677,#16352,#16710,.T.);
#16710 = LINE('',#16711,#16712);
#16711 = CARTESIAN_POINT('',(1.95,1.159,4.242));
#16712 = VECTOR('',#16713,1.);
#16713 = DIRECTION('',(-1.,-0.,-0.));
#16714 = ORIENTED_EDGE('',*,*,#16377,.F.);
#16715 = ORIENTED_EDGE('',*,*,#16716,.F.);
#16716 = EDGE_CURVE('',#16686,#16370,#16717,.T.);
#16717 = LINE('',#16718,#16719);
#16718 = CARTESIAN_POINT('',(1.95,1.159,4.648));
#16719 = VECTOR('',#16720,1.);
#16720 = DIRECTION('',(-1.,-0.,-0.));
#16721 = ORIENTED_EDGE('',*,*,#16685,.T.);
#16722 = PLANE('',#16723);
#16723 = AXIS2_PLACEMENT_3D('',#16724,#16725,#16726);
#16724 = CARTESIAN_POINT('',(1.95,1.159,4.648));
#16725 = DIRECTION('',(0.,-1.,0.));
#16726 = DIRECTION('',(0.,-0.,-1.));
#16727 = ADVANCED_FACE('',(#16728),#16742,.F.);
#16728 = FACE_BOUND('',#16729,.T.);
#16729 = EDGE_LOOP('',(#16730,#16731,#16732,#16733,#16734,#16735,#16736,
    #16737,#16738,#16739,#16740,#16741));
#16730 = ORIENTED_EDGE('',*,*,#16369,.T.);
#16731 = ORIENTED_EDGE('',*,*,#16407,.T.);
#16732 = ORIENTED_EDGE('',*,*,#16423,.T.);
#16733 = ORIENTED_EDGE('',*,*,#16471,.T.);
#16734 = ORIENTED_EDGE('',*,*,#16503,.T.);
#16735 = ORIENTED_EDGE('',*,*,#16535,.T.);
#16736 = ORIENTED_EDGE('',*,*,#16566,.T.);
#16737 = ORIENTED_EDGE('',*,*,#16597,.T.);
#16738 = ORIENTED_EDGE('',*,*,#16613,.T.);
#16739 = ORIENTED_EDGE('',*,*,#16661,.T.);
#16740 = ORIENTED_EDGE('',*,*,#16693,.T.);
#16741 = ORIENTED_EDGE('',*,*,#16716,.T.);
#16742 = PLANE('',#16743);
#16743 = AXIS2_PLACEMENT_3D('',#16744,#16745,#16746);
#16744 = CARTESIAN_POINT('',(2.37,0.841,4.648));
#16745 = DIRECTION('',(-0.,0.,-1.));
#16746 = DIRECTION('',(-1.,0.,0.));
#16747 = ADVANCED_FACE('',(#16748),#16762,.T.);
#16748 = FACE_BOUND('',#16749,.T.);
#16749 = EDGE_LOOP('',(#16750,#16751,#16752,#16753,#16754,#16755,#16756,
    #16757,#16758,#16759,#16760,#16761));
#16750 = ORIENTED_EDGE('',*,*,#16351,.F.);
#16751 = ORIENTED_EDGE('',*,*,#16709,.F.);
#16752 = ORIENTED_EDGE('',*,*,#16676,.F.);
#16753 = ORIENTED_EDGE('',*,*,#16645,.F.);
#16754 = ORIENTED_EDGE('',*,*,#16630,.F.);
#16755 = ORIENTED_EDGE('',*,*,#16581,.F.);
#16756 = ORIENTED_EDGE('',*,*,#16550,.F.);
#16757 = ORIENTED_EDGE('',*,*,#16519,.F.);
#16758 = ORIENTED_EDGE('',*,*,#16486,.F.);
#16759 = ORIENTED_EDGE('',*,*,#16455,.F.);
#16760 = ORIENTED_EDGE('',*,*,#16440,.F.);
#16761 = ORIENTED_EDGE('',*,*,#16391,.F.);
#16762 = PLANE('',#16763);
#16763 = AXIS2_PLACEMENT_3D('',#16764,#16765,#16766);
#16764 = CARTESIAN_POINT('',(2.37,0.841,4.242));
#16765 = DIRECTION('',(-0.,0.,-1.));
#16766 = DIRECTION('',(-1.,0.,0.));
#16767 = MANIFOLD_SOLID_BREP('',#16768);
#16768 = CLOSED_SHELL('',(#16769,#16809,#16840,#16873,#16904,#16937,
    #16968,#16999,#17030,#17063,#17094,#17127,#17149,#17169));
#16769 = ADVANCED_FACE('',(#16770),#16804,.F.);
#16770 = FACE_BOUND('',#16771,.T.);
#16771 = EDGE_LOOP('',(#16772,#16782,#16790,#16798));
#16772 = ORIENTED_EDGE('',*,*,#16773,.T.);
#16773 = EDGE_CURVE('',#16774,#16776,#16778,.T.);
#16774 = VERTEX_POINT('',#16775);
#16775 = CARTESIAN_POINT('',(-1.95,0.941,4.242));
#16776 = VERTEX_POINT('',#16777);
#16777 = CARTESIAN_POINT('',(-1.95,1.159,4.242));
#16778 = LINE('',#16779,#16780);
#16779 = CARTESIAN_POINT('',(-1.95,1.159,4.242));
#16780 = VECTOR('',#16781,1.);
#16781 = DIRECTION('',(-0.,1.,-0.));
#16782 = ORIENTED_EDGE('',*,*,#16783,.F.);
#16783 = EDGE_CURVE('',#16784,#16776,#16786,.T.);
#16784 = VERTEX_POINT('',#16785);
#16785 = CARTESIAN_POINT('',(-1.95,1.159,4.648));
#16786 = LINE('',#16787,#16788);
#16787 = CARTESIAN_POINT('',(-1.95,1.159,4.648));
#16788 = VECTOR('',#16789,1.);
#16789 = DIRECTION('',(-0.,-0.,-1.));
#16790 = ORIENTED_EDGE('',*,*,#16791,.F.);
#16791 = EDGE_CURVE('',#16792,#16784,#16794,.T.);
#16792 = VERTEX_POINT('',#16793);
#16793 = CARTESIAN_POINT('',(-1.95,0.941,4.648));
#16794 = LINE('',#16795,#16796);
#16795 = CARTESIAN_POINT('',(-1.95,1.159,4.648));
#16796 = VECTOR('',#16797,1.);
#16797 = DIRECTION('',(-0.,1.,-0.));
#16798 = ORIENTED_EDGE('',*,*,#16799,.T.);
#16799 = EDGE_CURVE('',#16792,#16774,#16800,.T.);
#16800 = LINE('',#16801,#16802);
#16801 = CARTESIAN_POINT('',(-1.95,0.941,4.648));
#16802 = VECTOR('',#16803,1.);
#16803 = DIRECTION('',(-0.,-0.,-1.));
#16804 = PLANE('',#16805);
#16805 = AXIS2_PLACEMENT_3D('',#16806,#16807,#16808);
#16806 = CARTESIAN_POINT('',(-1.95,1.159,4.648));
#16807 = DIRECTION('',(-1.,0.,0.));
#16808 = DIRECTION('',(0.,0.,1.));
#16809 = ADVANCED_FACE('',(#16810),#16835,.F.);
#16810 = FACE_BOUND('',#16811,.T.);
#16811 = EDGE_LOOP('',(#16812,#16820,#16828,#16834));
#16812 = ORIENTED_EDGE('',*,*,#16813,.T.);
#16813 = EDGE_CURVE('',#16776,#16814,#16816,.T.);
#16814 = VERTEX_POINT('',#16815);
#16815 = CARTESIAN_POINT('',(-2.37,1.159,4.242));
#16816 = LINE('',#16817,#16818);
#16817 = CARTESIAN_POINT('',(-1.95,1.159,4.242));
#16818 = VECTOR('',#16819,1.);
#16819 = DIRECTION('',(-1.,0.,0.));
#16820 = ORIENTED_EDGE('',*,*,#16821,.F.);
#16821 = EDGE_CURVE('',#16822,#16814,#16824,.T.);
#16822 = VERTEX_POINT('',#16823);
#16823 = CARTESIAN_POINT('',(-2.37,1.159,4.648));
#16824 = LINE('',#16825,#16826);
#16825 = CARTESIAN_POINT('',(-2.37,1.159,4.648));
#16826 = VECTOR('',#16827,1.);
#16827 = DIRECTION('',(-0.,-0.,-1.));
#16828 = ORIENTED_EDGE('',*,*,#16829,.F.);
#16829 = EDGE_CURVE('',#16784,#16822,#16830,.T.);
#16830 = LINE('',#16831,#16832);
#16831 = CARTESIAN_POINT('',(-1.95,1.159,4.648));
#16832 = VECTOR('',#16833,1.);
#16833 = DIRECTION('',(-1.,0.,0.));
#16834 = ORIENTED_EDGE('',*,*,#16783,.T.);
#16835 = PLANE('',#16836);
#16836 = AXIS2_PLACEMENT_3D('',#16837,#16838,#16839);
#16837 = CARTESIAN_POINT('',(-1.95,1.159,4.648));
#16838 = DIRECTION('',(0.,-1.,0.));
#16839 = DIRECTION('',(0.,-0.,-1.));
#16840 = ADVANCED_FACE('',(#16841),#16868,.T.);
#16841 = FACE_BOUND('',#16842,.T.);
#16842 = EDGE_LOOP('',(#16843,#16852,#16860,#16867));
#16843 = ORIENTED_EDGE('',*,*,#16844,.T.);
#16844 = EDGE_CURVE('',#16814,#16845,#16847,.T.);
#16845 = VERTEX_POINT('',#16846);
#16846 = CARTESIAN_POINT('',(-2.688,0.841,4.242));
#16847 = CIRCLE('',#16848,0.318);
#16848 = AXIS2_PLACEMENT_3D('',#16849,#16850,#16851);
#16849 = CARTESIAN_POINT('',(-2.37,0.841,4.242));
#16850 = DIRECTION('',(0.,0.,1.));
#16851 = DIRECTION('',(1.,0.,-0.));
#16852 = ORIENTED_EDGE('',*,*,#16853,.F.);
#16853 = EDGE_CURVE('',#16854,#16845,#16856,.T.);
#16854 = VERTEX_POINT('',#16855);
#16855 = CARTESIAN_POINT('',(-2.688,0.841,4.648));
#16856 = LINE('',#16857,#16858);
#16857 = CARTESIAN_POINT('',(-2.688,0.841,4.648));
#16858 = VECTOR('',#16859,1.);
#16859 = DIRECTION('',(-0.,-0.,-1.));
#16860 = ORIENTED_EDGE('',*,*,#16861,.F.);
#16861 = EDGE_CURVE('',#16822,#16854,#16862,.T.);
#16862 = CIRCLE('',#16863,0.318);
#16863 = AXIS2_PLACEMENT_3D('',#16864,#16865,#16866);
#16864 = CARTESIAN_POINT('',(-2.37,0.841,4.648));
#16865 = DIRECTION('',(0.,0.,1.));
#16866 = DIRECTION('',(1.,0.,-0.));
#16867 = ORIENTED_EDGE('',*,*,#16821,.T.);
#16868 = CYLINDRICAL_SURFACE('',#16869,0.318);
#16869 = AXIS2_PLACEMENT_3D('',#16870,#16871,#16872);
#16870 = CARTESIAN_POINT('',(-2.37,0.841,4.648));
#16871 = DIRECTION('',(-0.,-0.,-1.));
#16872 = DIRECTION('',(-1.,0.,0.));
#16873 = ADVANCED_FACE('',(#16874),#16899,.F.);
#16874 = FACE_BOUND('',#16875,.T.);
#16875 = EDGE_LOOP('',(#16876,#16884,#16892,#16898));
#16876 = ORIENTED_EDGE('',*,*,#16877,.T.);
#16877 = EDGE_CURVE('',#16845,#16878,#16880,.T.);
#16878 = VERTEX_POINT('',#16879);
#16879 = CARTESIAN_POINT('',(-2.688,0.333936173136,4.242));
#16880 = LINE('',#16881,#16882);
#16881 = CARTESIAN_POINT('',(-2.688,0.841,4.242));
#16882 = VECTOR('',#16883,1.);
#16883 = DIRECTION('',(-8.552786572769E-16,-1.,0.));
#16884 = ORIENTED_EDGE('',*,*,#16885,.F.);
#16885 = EDGE_CURVE('',#16886,#16878,#16888,.T.);
#16886 = VERTEX_POINT('',#16887);
#16887 = CARTESIAN_POINT('',(-2.688,0.333936173136,4.648));
#16888 = LINE('',#16889,#16890);
#16889 = CARTESIAN_POINT('',(-2.688,0.333936173136,4.648));
#16890 = VECTOR('',#16891,1.);
#16891 = DIRECTION('',(-0.,-0.,-1.));
#16892 = ORIENTED_EDGE('',*,*,#16893,.F.);
#16893 = EDGE_CURVE('',#16854,#16886,#16894,.T.);
#16894 = LINE('',#16895,#16896);
#16895 = CARTESIAN_POINT('',(-2.688,0.841,4.648));
#16896 = VECTOR('',#16897,1.);
#16897 = DIRECTION('',(-8.552786572769E-16,-1.,0.));
#16898 = ORIENTED_EDGE('',*,*,#16853,.T.);
#16899 = PLANE('',#16900);
#16900 = AXIS2_PLACEMENT_3D('',#16901,#16902,#16903);
#16901 = CARTESIAN_POINT('',(-2.688,0.841,4.648));
#16902 = DIRECTION('',(1.,-8.552786572769E-16,0.));
#16903 = DIRECTION('',(8.552786572769E-16,1.,0.));
#16904 = ADVANCED_FACE('',(#16905),#16932,.F.);
#16905 = FACE_BOUND('',#16906,.F.);
#16906 = EDGE_LOOP('',(#16907,#16908,#16917,#16925));
#16907 = ORIENTED_EDGE('',*,*,#16885,.F.);
#16908 = ORIENTED_EDGE('',*,*,#16909,.T.);
#16909 = EDGE_CURVE('',#16886,#16910,#16912,.T.);
#16910 = VERTEX_POINT('',#16911);
#16911 = CARTESIAN_POINT('',(-2.781024352626,0.23417976811,4.648));
#16912 = CIRCLE('',#16913,1.E-01);
#16913 = AXIS2_PLACEMENT_3D('',#16914,#16915,#16916);
#16914 = CARTESIAN_POINT('',(-2.788,0.333936173136,4.648));
#16915 = DIRECTION('',(-0.,0.,-1.));
#16916 = DIRECTION('',(-1.,0.,0.));
#16917 = ORIENTED_EDGE('',*,*,#16918,.T.);
#16918 = EDGE_CURVE('',#16910,#16919,#16921,.T.);
#16919 = VERTEX_POINT('',#16920);
#16920 = CARTESIAN_POINT('',(-2.781024352626,0.23417976811,4.242));
#16921 = LINE('',#16922,#16923);
#16922 = CARTESIAN_POINT('',(-2.781024352626,0.23417976811,4.648));
#16923 = VECTOR('',#16924,1.);
#16924 = DIRECTION('',(-0.,-0.,-1.));
#16925 = ORIENTED_EDGE('',*,*,#16926,.F.);
#16926 = EDGE_CURVE('',#16878,#16919,#16927,.T.);
#16927 = CIRCLE('',#16928,1.E-01);
#16928 = AXIS2_PLACEMENT_3D('',#16929,#16930,#16931);
#16929 = CARTESIAN_POINT('',(-2.788,0.333936173136,4.242));
#16930 = DIRECTION('',(-0.,0.,-1.));
#16931 = DIRECTION('',(-1.,0.,0.));
#16932 = CYLINDRICAL_SURFACE('',#16933,1.E-01);
#16933 = AXIS2_PLACEMENT_3D('',#16934,#16935,#16936);
#16934 = CARTESIAN_POINT('',(-2.788,0.333936173136,4.648));
#16935 = DIRECTION('',(-0.,-0.,-1.));
#16936 = DIRECTION('',(-1.,0.,0.));
#16937 = ADVANCED_FACE('',(#16938),#16963,.F.);
#16938 = FACE_BOUND('',#16939,.T.);
#16939 = EDGE_LOOP('',(#16940,#16948,#16956,#16962));
#16940 = ORIENTED_EDGE('',*,*,#16941,.T.);
#16941 = EDGE_CURVE('',#16919,#16942,#16944,.T.);
#16942 = VERTEX_POINT('',#16943);
#16943 = CARTESIAN_POINT('',(-3.02,0.217468962957,4.242));
#16944 = LINE('',#16945,#16946);
#16945 = CARTESIAN_POINT('',(-2.781024352626,0.23417976811,4.242));
#16946 = VECTOR('',#16947,1.);
#16947 = DIRECTION('',(-0.99756405026,-6.975647374412E-02,0.));
#16948 = ORIENTED_EDGE('',*,*,#16949,.F.);
#16949 = EDGE_CURVE('',#16950,#16942,#16952,.T.);
#16950 = VERTEX_POINT('',#16951);
#16951 = CARTESIAN_POINT('',(-3.02,0.217468962957,4.648));
#16952 = LINE('',#16953,#16954);
#16953 = CARTESIAN_POINT('',(-3.02,0.217468962957,4.648));
#16954 = VECTOR('',#16955,1.);
#16955 = DIRECTION('',(-0.,-0.,-1.));
#16956 = ORIENTED_EDGE('',*,*,#16957,.F.);
#16957 = EDGE_CURVE('',#16910,#16950,#16958,.T.);
#16958 = LINE('',#16959,#16960);
#16959 = CARTESIAN_POINT('',(-2.781024352626,0.23417976811,4.648));
#16960 = VECTOR('',#16961,1.);
#16961 = DIRECTION('',(-0.99756405026,-6.975647374412E-02,0.));
#16962 = ORIENTED_EDGE('',*,*,#16918,.T.);
#16963 = PLANE('',#16964);
#16964 = AXIS2_PLACEMENT_3D('',#16965,#16966,#16967);
#16965 = CARTESIAN_POINT('',(-2.781024352626,0.23417976811,4.648));
#16966 = DIRECTION('',(6.975647374412E-02,-0.99756405026,0.));
#16967 = DIRECTION('',(0.99756405026,6.975647374412E-02,0.));
#16968 = ADVANCED_FACE('',(#16969),#16994,.F.);
#16969 = FACE_BOUND('',#16970,.T.);
#16970 = EDGE_LOOP('',(#16971,#16979,#16987,#16993));
#16971 = ORIENTED_EDGE('',*,*,#16972,.T.);
#16972 = EDGE_CURVE('',#16942,#16973,#16975,.T.);
#16973 = VERTEX_POINT('',#16974);
#16974 = CARTESIAN_POINT('',(-3.004793088724,-6.776263578034E-18,4.242)
  );
#16975 = LINE('',#16976,#16977);
#16976 = CARTESIAN_POINT('',(-3.02,0.217468962957,4.242));
#16977 = VECTOR('',#16978,1.);
#16978 = DIRECTION('',(6.975647374412E-02,-0.99756405026,0.));
#16979 = ORIENTED_EDGE('',*,*,#16980,.F.);
#16980 = EDGE_CURVE('',#16981,#16973,#16983,.T.);
#16981 = VERTEX_POINT('',#16982);
#16982 = CARTESIAN_POINT('',(-3.004793088724,-6.776263578034E-18,4.648)
  );
#16983 = LINE('',#16984,#16985);
#16984 = CARTESIAN_POINT('',(-3.004793088724,-6.776263578034E-18,4.648)
  );
#16985 = VECTOR('',#16986,1.);
#16986 = DIRECTION('',(-0.,-0.,-1.));
#16987 = ORIENTED_EDGE('',*,*,#16988,.F.);
#16988 = EDGE_CURVE('',#16950,#16981,#16989,.T.);
#16989 = LINE('',#16990,#16991);
#16990 = CARTESIAN_POINT('',(-3.02,0.217468962957,4.648));
#16991 = VECTOR('',#16992,1.);
#16992 = DIRECTION('',(6.975647374412E-02,-0.99756405026,0.));
#16993 = ORIENTED_EDGE('',*,*,#16949,.T.);
#16994 = PLANE('',#16995);
#16995 = AXIS2_PLACEMENT_3D('',#16996,#16997,#16998);
#16996 = CARTESIAN_POINT('',(-3.02,0.217468962957,4.648));
#16997 = DIRECTION('',(0.99756405026,6.975647374412E-02,-0.));
#16998 = DIRECTION('',(-6.975647374412E-02,0.99756405026,0.));
#16999 = ADVANCED_FACE('',(#17000),#17025,.F.);
#17000 = FACE_BOUND('',#17001,.T.);
#17001 = EDGE_LOOP('',(#17002,#17010,#17018,#17024));
#17002 = ORIENTED_EDGE('',*,*,#17003,.T.);
#17003 = EDGE_CURVE('',#16973,#17004,#17006,.T.);
#17004 = VERTEX_POINT('',#17005);
#17005 = CARTESIAN_POINT('',(-2.765817441349,1.671080515303E-02,4.242));
#17006 = LINE('',#17007,#17008);
#17007 = CARTESIAN_POINT('',(-2.765817441349,1.671080515303E-02,4.242));
#17008 = VECTOR('',#17009,1.);
#17009 = DIRECTION('',(0.99756405026,6.975647374412E-02,-0.));
#17010 = ORIENTED_EDGE('',*,*,#17011,.F.);
#17011 = EDGE_CURVE('',#17012,#17004,#17014,.T.);
#17012 = VERTEX_POINT('',#17013);
#17013 = CARTESIAN_POINT('',(-2.765817441349,1.671080515303E-02,4.648));
#17014 = LINE('',#17015,#17016);
#17015 = CARTESIAN_POINT('',(-2.765817441349,1.671080515303E-02,4.648));
#17016 = VECTOR('',#17017,1.);
#17017 = DIRECTION('',(-0.,-0.,-1.));
#17018 = ORIENTED_EDGE('',*,*,#17019,.F.);
#17019 = EDGE_CURVE('',#16981,#17012,#17020,.T.);
#17020 = LINE('',#17021,#17022);
#17021 = CARTESIAN_POINT('',(-2.765817441349,1.671080515303E-02,4.648));
#17022 = VECTOR('',#17023,1.);
#17023 = DIRECTION('',(0.99756405026,6.975647374412E-02,-0.));
#17024 = ORIENTED_EDGE('',*,*,#16980,.T.);
#17025 = PLANE('',#17026);
#17026 = AXIS2_PLACEMENT_3D('',#17027,#17028,#17029);
#17027 = CARTESIAN_POINT('',(-2.765817441349,1.671080515303E-02,4.648));
#17028 = DIRECTION('',(-6.975647374412E-02,0.99756405026,0.));
#17029 = DIRECTION('',(-0.99756405026,-6.975647374412E-02,0.));
#17030 = ADVANCED_FACE('',(#17031),#17058,.T.);
#17031 = FACE_BOUND('',#17032,.T.);
#17032 = EDGE_LOOP('',(#17033,#17042,#17050,#17057));
#17033 = ORIENTED_EDGE('',*,*,#17034,.T.);
#17034 = EDGE_CURVE('',#17004,#17035,#17037,.T.);
#17035 = VERTEX_POINT('',#17036);
#17036 = CARTESIAN_POINT('',(-2.47,0.333936173136,4.242));
#17037 = CIRCLE('',#17038,0.318);
#17038 = AXIS2_PLACEMENT_3D('',#17039,#17040,#17041);
#17039 = CARTESIAN_POINT('',(-2.788,0.333936173136,4.242));
#17040 = DIRECTION('',(0.,0.,1.));
#17041 = DIRECTION('',(-1.,0.,0.));
#17042 = ORIENTED_EDGE('',*,*,#17043,.F.);
#17043 = EDGE_CURVE('',#17044,#17035,#17046,.T.);
#17044 = VERTEX_POINT('',#17045);
#17045 = CARTESIAN_POINT('',(-2.47,0.333936173136,4.648));
#17046 = LINE('',#17047,#17048);
#17047 = CARTESIAN_POINT('',(-2.47,0.333936173136,4.648));
#17048 = VECTOR('',#17049,1.);
#17049 = DIRECTION('',(-0.,-0.,-1.));
#17050 = ORIENTED_EDGE('',*,*,#17051,.F.);
#17051 = EDGE_CURVE('',#17012,#17044,#17052,.T.);
#17052 = CIRCLE('',#17053,0.318);
#17053 = AXIS2_PLACEMENT_3D('',#17054,#17055,#17056);
#17054 = CARTESIAN_POINT('',(-2.788,0.333936173136,4.648));
#17055 = DIRECTION('',(0.,0.,1.));
#17056 = DIRECTION('',(-1.,0.,0.));
#17057 = ORIENTED_EDGE('',*,*,#17011,.T.);
#17058 = CYLINDRICAL_SURFACE('',#17059,0.318);
#17059 = AXIS2_PLACEMENT_3D('',#17060,#17061,#17062);
#17060 = CARTESIAN_POINT('',(-2.788,0.333936173136,4.648));
#17061 = DIRECTION('',(-0.,-0.,-1.));
#17062 = DIRECTION('',(-1.,0.,0.));
#17063 = ADVANCED_FACE('',(#17064),#17089,.F.);
#17064 = FACE_BOUND('',#17065,.T.);
#17065 = EDGE_LOOP('',(#17066,#17074,#17082,#17088));
#17066 = ORIENTED_EDGE('',*,*,#17067,.T.);
#17067 = EDGE_CURVE('',#17035,#17068,#17070,.T.);
#17068 = VERTEX_POINT('',#17069);
#17069 = CARTESIAN_POINT('',(-2.47,0.841,4.242));
#17070 = LINE('',#17071,#17072);
#17071 = CARTESIAN_POINT('',(-2.47,0.841,4.242));
#17072 = VECTOR('',#17073,1.);
#17073 = DIRECTION('',(-8.552786572769E-16,1.,-0.));
#17074 = ORIENTED_EDGE('',*,*,#17075,.F.);
#17075 = EDGE_CURVE('',#17076,#17068,#17078,.T.);
#17076 = VERTEX_POINT('',#17077);
#17077 = CARTESIAN_POINT('',(-2.47,0.841,4.648));
#17078 = LINE('',#17079,#17080);
#17079 = CARTESIAN_POINT('',(-2.47,0.841,4.648));
#17080 = VECTOR('',#17081,1.);
#17081 = DIRECTION('',(-0.,-0.,-1.));
#17082 = ORIENTED_EDGE('',*,*,#17083,.F.);
#17083 = EDGE_CURVE('',#17044,#17076,#17084,.T.);
#17084 = LINE('',#17085,#17086);
#17085 = CARTESIAN_POINT('',(-2.47,0.841,4.648));
#17086 = VECTOR('',#17087,1.);
#17087 = DIRECTION('',(-8.552786572769E-16,1.,-0.));
#17088 = ORIENTED_EDGE('',*,*,#17043,.T.);
#17089 = PLANE('',#17090);
#17090 = AXIS2_PLACEMENT_3D('',#17091,#17092,#17093);
#17091 = CARTESIAN_POINT('',(-2.47,0.841,4.648));
#17092 = DIRECTION('',(-1.,-8.552786572769E-16,0.));
#17093 = DIRECTION('',(8.552786572769E-16,-1.,0.));
#17094 = ADVANCED_FACE('',(#17095),#17122,.F.);
#17095 = FACE_BOUND('',#17096,.F.);
#17096 = EDGE_LOOP('',(#17097,#17098,#17107,#17115));
#17097 = ORIENTED_EDGE('',*,*,#17075,.F.);
#17098 = ORIENTED_EDGE('',*,*,#17099,.T.);
#17099 = EDGE_CURVE('',#17076,#17100,#17102,.T.);
#17100 = VERTEX_POINT('',#17101);
#17101 = CARTESIAN_POINT('',(-2.37,0.941,4.648));
#17102 = CIRCLE('',#17103,1.E-01);
#17103 = AXIS2_PLACEMENT_3D('',#17104,#17105,#17106);
#17104 = CARTESIAN_POINT('',(-2.37,0.841,4.648));
#17105 = DIRECTION('',(0.,0.,-1.));
#17106 = DIRECTION('',(1.,0.,0.));
#17107 = ORIENTED_EDGE('',*,*,#17108,.T.);
#17108 = EDGE_CURVE('',#17100,#17109,#17111,.T.);
#17109 = VERTEX_POINT('',#17110);
#17110 = CARTESIAN_POINT('',(-2.37,0.941,4.242));
#17111 = LINE('',#17112,#17113);
#17112 = CARTESIAN_POINT('',(-2.37,0.941,4.648));
#17113 = VECTOR('',#17114,1.);
#17114 = DIRECTION('',(-0.,-0.,-1.));
#17115 = ORIENTED_EDGE('',*,*,#17116,.F.);
#17116 = EDGE_CURVE('',#17068,#17109,#17117,.T.);
#17117 = CIRCLE('',#17118,1.E-01);
#17118 = AXIS2_PLACEMENT_3D('',#17119,#17120,#17121);
#17119 = CARTESIAN_POINT('',(-2.37,0.841,4.242));
#17120 = DIRECTION('',(0.,0.,-1.));
#17121 = DIRECTION('',(1.,0.,0.));
#17122 = CYLINDRICAL_SURFACE('',#17123,1.E-01);
#17123 = AXIS2_PLACEMENT_3D('',#17124,#17125,#17126);
#17124 = CARTESIAN_POINT('',(-2.37,0.841,4.648));
#17125 = DIRECTION('',(-0.,-0.,-1.));
#17126 = DIRECTION('',(-1.,0.,0.));
#17127 = ADVANCED_FACE('',(#17128),#17144,.F.);
#17128 = FACE_BOUND('',#17129,.T.);
#17129 = EDGE_LOOP('',(#17130,#17136,#17137,#17143));
#17130 = ORIENTED_EDGE('',*,*,#17131,.T.);
#17131 = EDGE_CURVE('',#17109,#16774,#17132,.T.);
#17132 = LINE('',#17133,#17134);
#17133 = CARTESIAN_POINT('',(-1.95,0.941,4.242));
#17134 = VECTOR('',#17135,1.);
#17135 = DIRECTION('',(1.,2.581433744013E-16,-0.));
#17136 = ORIENTED_EDGE('',*,*,#16799,.F.);
#17137 = ORIENTED_EDGE('',*,*,#17138,.F.);
#17138 = EDGE_CURVE('',#17100,#16792,#17139,.T.);
#17139 = LINE('',#17140,#17141);
#17140 = CARTESIAN_POINT('',(-1.95,0.941,4.648));
#17141 = VECTOR('',#17142,1.);
#17142 = DIRECTION('',(1.,2.581433744013E-16,-0.));
#17143 = ORIENTED_EDGE('',*,*,#17108,.T.);
#17144 = PLANE('',#17145);
#17145 = AXIS2_PLACEMENT_3D('',#17146,#17147,#17148);
#17146 = CARTESIAN_POINT('',(-1.95,0.941,4.648));
#17147 = DIRECTION('',(-2.581433744013E-16,1.,0.));
#17148 = DIRECTION('',(-1.,-2.581433744013E-16,0.));
#17149 = ADVANCED_FACE('',(#17150),#17164,.T.);
#17150 = FACE_BOUND('',#17151,.T.);
#17151 = EDGE_LOOP('',(#17152,#17153,#17154,#17155,#17156,#17157,#17158,
    #17159,#17160,#17161,#17162,#17163));
#17152 = ORIENTED_EDGE('',*,*,#16791,.T.);
#17153 = ORIENTED_EDGE('',*,*,#16829,.T.);
#17154 = ORIENTED_EDGE('',*,*,#16861,.T.);
#17155 = ORIENTED_EDGE('',*,*,#16893,.T.);
#17156 = ORIENTED_EDGE('',*,*,#16909,.T.);
#17157 = ORIENTED_EDGE('',*,*,#16957,.T.);
#17158 = ORIENTED_EDGE('',*,*,#16988,.T.);
#17159 = ORIENTED_EDGE('',*,*,#17019,.T.);
#17160 = ORIENTED_EDGE('',*,*,#17051,.T.);
#17161 = ORIENTED_EDGE('',*,*,#17083,.T.);
#17162 = ORIENTED_EDGE('',*,*,#17099,.T.);
#17163 = ORIENTED_EDGE('',*,*,#17138,.T.);
#17164 = PLANE('',#17165);
#17165 = AXIS2_PLACEMENT_3D('',#17166,#17167,#17168);
#17166 = CARTESIAN_POINT('',(-2.37,0.841,4.648));
#17167 = DIRECTION('',(0.,0.,1.));
#17168 = DIRECTION('',(1.,0.,-0.));
#17169 = ADVANCED_FACE('',(#17170),#17184,.F.);
#17170 = FACE_BOUND('',#17171,.T.);
#17171 = EDGE_LOOP('',(#17172,#17173,#17174,#17175,#17176,#17177,#17178,
    #17179,#17180,#17181,#17182,#17183));
#17172 = ORIENTED_EDGE('',*,*,#16773,.F.);
#17173 = ORIENTED_EDGE('',*,*,#17131,.F.);
#17174 = ORIENTED_EDGE('',*,*,#17116,.F.);
#17175 = ORIENTED_EDGE('',*,*,#17067,.F.);
#17176 = ORIENTED_EDGE('',*,*,#17034,.F.);
#17177 = ORIENTED_EDGE('',*,*,#17003,.F.);
#17178 = ORIENTED_EDGE('',*,*,#16972,.F.);
#17179 = ORIENTED_EDGE('',*,*,#16941,.F.);
#17180 = ORIENTED_EDGE('',*,*,#16926,.F.);
#17181 = ORIENTED_EDGE('',*,*,#16877,.F.);
#17182 = ORIENTED_EDGE('',*,*,#16844,.F.);
#17183 = ORIENTED_EDGE('',*,*,#16813,.F.);
#17184 = PLANE('',#17185);
#17185 = AXIS2_PLACEMENT_3D('',#17186,#17187,#17188);
#17186 = CARTESIAN_POINT('',(-2.37,0.841,4.242));
#17187 = DIRECTION('',(0.,0.,1.));
#17188 = DIRECTION('',(1.,0.,-0.));
#17189 = MANIFOLD_SOLID_BREP('',#17190);
#17190 = CLOSED_SHELL('',(#17191,#17233,#17273,#17304,#17335,#17357,
    #17388,#17412,#17436,#17453,#17475,#17506,#17530,#17554,#17571,
    #17583,#17601));
#17191 = ADVANCED_FACE('',(#17192),#17228,.F.);
#17192 = FACE_BOUND('',#17193,.F.);
#17193 = EDGE_LOOP('',(#17194,#17204,#17213,#17221));
#17194 = ORIENTED_EDGE('',*,*,#17195,.T.);
#17195 = EDGE_CURVE('',#17196,#17198,#17200,.T.);
#17196 = VERTEX_POINT('',#17197);
#17197 = CARTESIAN_POINT('',(-1.05,1.8,-3.55));
#17198 = VERTEX_POINT('',#17199);
#17199 = CARTESIAN_POINT('',(-1.05,1.85,-3.55));
#17200 = LINE('',#17201,#17202);
#17201 = CARTESIAN_POINT('',(-1.05,1.8,-3.55));
#17202 = VECTOR('',#17203,1.);
#17203 = DIRECTION('',(-0.,1.,-0.));
#17204 = ORIENTED_EDGE('',*,*,#17205,.F.);
#17205 = EDGE_CURVE('',#17206,#17198,#17208,.T.);
#17206 = VERTEX_POINT('',#17207);
#17207 = CARTESIAN_POINT('',(-1.05,1.85,-4.55));
#17208 = CIRCLE('',#17209,0.5);
#17209 = AXIS2_PLACEMENT_3D('',#17210,#17211,#17212);
#17210 = CARTESIAN_POINT('',(-1.05,1.85,-4.05));
#17211 = DIRECTION('',(0.,1.,0.));
#17212 = DIRECTION('',(0.,-0.,1.));
#17213 = ORIENTED_EDGE('',*,*,#17214,.F.);
#17214 = EDGE_CURVE('',#17215,#17206,#17217,.T.);
#17215 = VERTEX_POINT('',#17216);
#17216 = CARTESIAN_POINT('',(-1.05,1.8,-4.55));
#17217 = LINE('',#17218,#17219);
#17218 = CARTESIAN_POINT('',(-1.05,1.8,-4.55));
#17219 = VECTOR('',#17220,1.);
#17220 = DIRECTION('',(-0.,1.,-0.));
#17221 = ORIENTED_EDGE('',*,*,#17222,.T.);
#17222 = EDGE_CURVE('',#17215,#17196,#17223,.T.);
#17223 = CIRCLE('',#17224,0.5);
#17224 = AXIS2_PLACEMENT_3D('',#17225,#17226,#17227);
#17225 = CARTESIAN_POINT('',(-1.05,1.8,-4.05));
#17226 = DIRECTION('',(0.,1.,0.));
#17227 = DIRECTION('',(0.,-0.,1.));
#17228 = CYLINDRICAL_SURFACE('',#17229,0.5);
#17229 = AXIS2_PLACEMENT_3D('',#17230,#17231,#17232);
#17230 = CARTESIAN_POINT('',(-1.05,1.8,-4.05));
#17231 = DIRECTION('',(-0.,1.,-0.));
#17232 = DIRECTION('',(0.,0.,1.));
#17233 = ADVANCED_FACE('',(#17234),#17268,.F.);
#17234 = FACE_BOUND('',#17235,.T.);
#17235 = EDGE_LOOP('',(#17236,#17246,#17254,#17262));
#17236 = ORIENTED_EDGE('',*,*,#17237,.T.);
#17237 = EDGE_CURVE('',#17238,#17240,#17242,.T.);
#17238 = VERTEX_POINT('',#17239);
#17239 = CARTESIAN_POINT('',(1.95,0.941,-4.95));
#17240 = VERTEX_POINT('',#17241);
#17241 = CARTESIAN_POINT('',(-1.95,0.941,-4.95));
#17242 = LINE('',#17243,#17244);
#17243 = CARTESIAN_POINT('',(-1.95,0.941,-4.95));
#17244 = VECTOR('',#17245,1.);
#17245 = DIRECTION('',(-1.,-0.,2.224004456381E-16));
#17246 = ORIENTED_EDGE('',*,*,#17247,.F.);
#17247 = EDGE_CURVE('',#17248,#17240,#17250,.T.);
#17248 = VERTEX_POINT('',#17249);
#17249 = CARTESIAN_POINT('',(-1.95,1.159,-4.95));
#17250 = LINE('',#17251,#17252);
#17251 = CARTESIAN_POINT('',(-1.95,1.159,-4.95));
#17252 = VECTOR('',#17253,1.);
#17253 = DIRECTION('',(-0.,-1.,-0.));
#17254 = ORIENTED_EDGE('',*,*,#17255,.F.);
#17255 = EDGE_CURVE('',#17256,#17248,#17258,.T.);
#17256 = VERTEX_POINT('',#17257);
#17257 = CARTESIAN_POINT('',(1.95,1.159,-4.95));
#17258 = LINE('',#17259,#17260);
#17259 = CARTESIAN_POINT('',(-1.95,1.159,-4.95));
#17260 = VECTOR('',#17261,1.);
#17261 = DIRECTION('',(-1.,-0.,2.224004456381E-16));
#17262 = ORIENTED_EDGE('',*,*,#17263,.T.);
#17263 = EDGE_CURVE('',#17256,#17238,#17264,.T.);
#17264 = LINE('',#17265,#17266);
#17265 = CARTESIAN_POINT('',(1.95,1.159,-4.95));
#17266 = VECTOR('',#17267,1.);
#17267 = DIRECTION('',(-0.,-1.,-0.));
#17268 = PLANE('',#17269);
#17269 = AXIS2_PLACEMENT_3D('',#17270,#17271,#17272);
#17270 = CARTESIAN_POINT('',(-1.95,1.159,-4.95));
#17271 = DIRECTION('',(2.224004456381E-16,-0.,1.));
#17272 = DIRECTION('',(1.,0.,-2.224004456381E-16));
#17273 = ADVANCED_FACE('',(#17274),#17299,.F.);
#17274 = FACE_BOUND('',#17275,.T.);
#17275 = EDGE_LOOP('',(#17276,#17284,#17292,#17298));
#17276 = ORIENTED_EDGE('',*,*,#17277,.T.);
#17277 = EDGE_CURVE('',#17240,#17278,#17280,.T.);
#17278 = VERTEX_POINT('',#17279);
#17279 = CARTESIAN_POINT('',(-1.95,0.941,4.95));
#17280 = LINE('',#17281,#17282);
#17281 = CARTESIAN_POINT('',(-1.95,0.941,4.95));
#17282 = VECTOR('',#17283,1.);
#17283 = DIRECTION('',(-0.,-0.,1.));
#17284 = ORIENTED_EDGE('',*,*,#17285,.F.);
#17285 = EDGE_CURVE('',#17286,#17278,#17288,.T.);
#17286 = VERTEX_POINT('',#17287);
#17287 = CARTESIAN_POINT('',(-1.95,1.159,4.95));
#17288 = LINE('',#17289,#17290);
#17289 = CARTESIAN_POINT('',(-1.95,1.159,4.95));
#17290 = VECTOR('',#17291,1.);
#17291 = DIRECTION('',(-0.,-1.,-0.));
#17292 = ORIENTED_EDGE('',*,*,#17293,.F.);
#17293 = EDGE_CURVE('',#17248,#17286,#17294,.T.);
#17294 = LINE('',#17295,#17296);
#17295 = CARTESIAN_POINT('',(-1.95,1.159,4.95));
#17296 = VECTOR('',#17297,1.);
#17297 = DIRECTION('',(-0.,-0.,1.));
#17298 = ORIENTED_EDGE('',*,*,#17247,.T.);
#17299 = PLANE('',#17300);
#17300 = AXIS2_PLACEMENT_3D('',#17301,#17302,#17303);
#17301 = CARTESIAN_POINT('',(-1.95,1.159,4.95));
#17302 = DIRECTION('',(1.,-0.,0.));
#17303 = DIRECTION('',(0.,0.,-1.));
#17304 = ADVANCED_FACE('',(#17305),#17330,.F.);
#17305 = FACE_BOUND('',#17306,.T.);
#17306 = EDGE_LOOP('',(#17307,#17315,#17323,#17329));
#17307 = ORIENTED_EDGE('',*,*,#17308,.T.);
#17308 = EDGE_CURVE('',#17278,#17309,#17311,.T.);
#17309 = VERTEX_POINT('',#17310);
#17310 = CARTESIAN_POINT('',(1.95,0.941,4.95));
#17311 = LINE('',#17312,#17313);
#17312 = CARTESIAN_POINT('',(-1.95,0.941,4.95));
#17313 = VECTOR('',#17314,1.);
#17314 = DIRECTION('',(1.,0.,-2.224004456381E-16));
#17315 = ORIENTED_EDGE('',*,*,#17316,.F.);
#17316 = EDGE_CURVE('',#17317,#17309,#17319,.T.);
#17317 = VERTEX_POINT('',#17318);
#17318 = CARTESIAN_POINT('',(1.95,1.159,4.95));
#17319 = LINE('',#17320,#17321);
#17320 = CARTESIAN_POINT('',(1.95,1.159,4.95));
#17321 = VECTOR('',#17322,1.);
#17322 = DIRECTION('',(-0.,-1.,-0.));
#17323 = ORIENTED_EDGE('',*,*,#17324,.F.);
#17324 = EDGE_CURVE('',#17286,#17317,#17325,.T.);
#17325 = LINE('',#17326,#17327);
#17326 = CARTESIAN_POINT('',(-1.95,1.159,4.95));
#17327 = VECTOR('',#17328,1.);
#17328 = DIRECTION('',(1.,0.,-2.224004456381E-16));
#17329 = ORIENTED_EDGE('',*,*,#17285,.T.);
#17330 = PLANE('',#17331);
#17331 = AXIS2_PLACEMENT_3D('',#17332,#17333,#17334);
#17332 = CARTESIAN_POINT('',(-1.95,1.159,4.95));
#17333 = DIRECTION('',(-2.224004456381E-16,0.,-1.));
#17334 = DIRECTION('',(-1.,0.,2.224004456381E-16));
#17335 = ADVANCED_FACE('',(#17336),#17352,.F.);
#17336 = FACE_BOUND('',#17337,.T.);
#17337 = EDGE_LOOP('',(#17338,#17344,#17345,#17351));
#17338 = ORIENTED_EDGE('',*,*,#17339,.T.);
#17339 = EDGE_CURVE('',#17309,#17238,#17340,.T.);
#17340 = LINE('',#17341,#17342);
#17341 = CARTESIAN_POINT('',(1.95,0.941,4.95));
#17342 = VECTOR('',#17343,1.);
#17343 = DIRECTION('',(-3.50449187066E-16,0.,-1.));
#17344 = ORIENTED_EDGE('',*,*,#17263,.F.);
#17345 = ORIENTED_EDGE('',*,*,#17346,.F.);
#17346 = EDGE_CURVE('',#17317,#17256,#17347,.T.);
#17347 = LINE('',#17348,#17349);
#17348 = CARTESIAN_POINT('',(1.95,1.159,4.95));
#17349 = VECTOR('',#17350,1.);
#17350 = DIRECTION('',(-3.50449187066E-16,0.,-1.));
#17351 = ORIENTED_EDGE('',*,*,#17316,.T.);
#17352 = PLANE('',#17353);
#17353 = AXIS2_PLACEMENT_3D('',#17354,#17355,#17356);
#17354 = CARTESIAN_POINT('',(1.95,1.159,4.95));
#17355 = DIRECTION('',(-1.,0.,3.50449187066E-16));
#17356 = DIRECTION('',(3.50449187066E-16,0.,1.));
#17357 = ADVANCED_FACE('',(#17358),#17383,.T.);
#17358 = FACE_BOUND('',#17359,.T.);
#17359 = EDGE_LOOP('',(#17360,#17361,#17369,#17377));
#17360 = ORIENTED_EDGE('',*,*,#17346,.T.);
#17361 = ORIENTED_EDGE('',*,*,#17362,.F.);
#17362 = EDGE_CURVE('',#17363,#17256,#17365,.T.);
#17363 = VERTEX_POINT('',#17364);
#17364 = CARTESIAN_POINT('',(1.82815805633,1.85,-4.82815805633));
#17365 = LINE('',#17366,#17367);
#17366 = CARTESIAN_POINT('',(1.95,1.159,-4.95));
#17367 = VECTOR('',#17368,1.);
#17368 = DIRECTION('',(0.171087869746,-0.970287525248,-0.171087869746));
#17369 = ORIENTED_EDGE('',*,*,#17370,.F.);
#17370 = EDGE_CURVE('',#17371,#17363,#17373,.T.);
#17371 = VERTEX_POINT('',#17372);
#17372 = CARTESIAN_POINT('',(1.82815805633,1.85,4.82815805633));
#17373 = LINE('',#17374,#17375);
#17374 = CARTESIAN_POINT('',(1.82815805633,1.85,4.95));
#17375 = VECTOR('',#17376,1.);
#17376 = DIRECTION('',(-3.50449187066E-16,0.,-1.));
#17377 = ORIENTED_EDGE('',*,*,#17378,.T.);
#17378 = EDGE_CURVE('',#17371,#17317,#17379,.T.);
#17379 = LINE('',#17380,#17381);
#17380 = CARTESIAN_POINT('',(1.95,1.159,4.95));
#17381 = VECTOR('',#17382,1.);
#17382 = DIRECTION('',(0.171087869746,-0.970287525248,0.171087869746));
#17383 = PLANE('',#17384);
#17384 = AXIS2_PLACEMENT_3D('',#17385,#17386,#17387);
#17385 = CARTESIAN_POINT('',(1.95,1.159,4.95));
#17386 = DIRECTION('',(0.984807753012,0.173648177667,-3.451250764594E-16
    ));
#17387 = DIRECTION('',(-0.173648177667,0.984807753012,0.));
#17388 = ADVANCED_FACE('',(#17389),#17407,.T.);
#17389 = FACE_BOUND('',#17390,.T.);
#17390 = EDGE_LOOP('',(#17391,#17392,#17400,#17406));
#17391 = ORIENTED_EDGE('',*,*,#17255,.T.);
#17392 = ORIENTED_EDGE('',*,*,#17393,.F.);
#17393 = EDGE_CURVE('',#17394,#17248,#17396,.T.);
#17394 = VERTEX_POINT('',#17395);
#17395 = CARTESIAN_POINT('',(-1.82815805633,1.85,-4.82815805633));
#17396 = LINE('',#17397,#17398);
#17397 = CARTESIAN_POINT('',(-1.95,1.159,-4.95));
#17398 = VECTOR('',#17399,1.);
#17399 = DIRECTION('',(-0.171087869746,-0.970287525248,-0.171087869746)
  );
#17400 = ORIENTED_EDGE('',*,*,#17401,.F.);
#17401 = EDGE_CURVE('',#17363,#17394,#17402,.T.);
#17402 = LINE('',#17403,#17404);
#17403 = CARTESIAN_POINT('',(1.95,1.85,-4.82815805633));
#17404 = VECTOR('',#17405,1.);
#17405 = DIRECTION('',(-1.,-0.,2.224004456381E-16));
#17406 = ORIENTED_EDGE('',*,*,#17362,.T.);
#17407 = PLANE('',#17408);
#17408 = AXIS2_PLACEMENT_3D('',#17409,#17410,#17411);
#17409 = CARTESIAN_POINT('',(1.95,1.159,-4.95));
#17410 = DIRECTION('',(-2.190216831377E-16,0.173648177667,
    -0.984807753012));
#17411 = DIRECTION('',(0.,0.984807753012,0.173648177667));
#17412 = ADVANCED_FACE('',(#17413),#17431,.T.);
#17413 = FACE_BOUND('',#17414,.T.);
#17414 = EDGE_LOOP('',(#17415,#17416,#17424,#17430));
#17415 = ORIENTED_EDGE('',*,*,#17293,.T.);
#17416 = ORIENTED_EDGE('',*,*,#17417,.F.);
#17417 = EDGE_CURVE('',#17418,#17286,#17420,.T.);
#17418 = VERTEX_POINT('',#17419);
#17419 = CARTESIAN_POINT('',(-1.82815805633,1.85,4.82815805633));
#17420 = LINE('',#17421,#17422);
#17421 = CARTESIAN_POINT('',(-1.95,1.159,4.95));
#17422 = VECTOR('',#17423,1.);
#17423 = DIRECTION('',(-0.171087869746,-0.970287525248,0.171087869746));
#17424 = ORIENTED_EDGE('',*,*,#17425,.F.);
#17425 = EDGE_CURVE('',#17394,#17418,#17426,.T.);
#17426 = LINE('',#17427,#17428);
#17427 = CARTESIAN_POINT('',(-1.82815805633,1.85,-4.95));
#17428 = VECTOR('',#17429,1.);
#17429 = DIRECTION('',(-0.,-0.,1.));
#17430 = ORIENTED_EDGE('',*,*,#17393,.T.);
#17431 = PLANE('',#17432);
#17432 = AXIS2_PLACEMENT_3D('',#17433,#17434,#17435);
#17433 = CARTESIAN_POINT('',(-1.95,1.159,-4.95));
#17434 = DIRECTION('',(-0.984807753012,0.173648177667,0.));
#17435 = DIRECTION('',(-0.173648177667,-0.984807753012,0.));
#17436 = ADVANCED_FACE('',(#17437),#17448,.T.);
#17437 = FACE_BOUND('',#17438,.T.);
#17438 = EDGE_LOOP('',(#17439,#17440,#17441,#17447));
#17439 = ORIENTED_EDGE('',*,*,#17324,.T.);
#17440 = ORIENTED_EDGE('',*,*,#17378,.F.);
#17441 = ORIENTED_EDGE('',*,*,#17442,.F.);
#17442 = EDGE_CURVE('',#17418,#17371,#17443,.T.);
#17443 = LINE('',#17444,#17445);
#17444 = CARTESIAN_POINT('',(-1.95,1.85,4.82815805633));
#17445 = VECTOR('',#17446,1.);
#17446 = DIRECTION('',(1.,-0.,-2.224004456381E-16));
#17447 = ORIENTED_EDGE('',*,*,#17417,.T.);
#17448 = PLANE('',#17449);
#17449 = AXIS2_PLACEMENT_3D('',#17450,#17451,#17452);
#17450 = CARTESIAN_POINT('',(-1.95,1.159,4.95));
#17451 = DIRECTION('',(2.190216831377E-16,0.173648177667,0.984807753012)
  );
#17452 = DIRECTION('',(1.232595164408E-32,-0.984807753012,0.173648177667
    ));
#17453 = ADVANCED_FACE('',(#17454,#17464),#17470,.T.);
#17454 = FACE_BOUND('',#17455,.T.);
#17455 = EDGE_LOOP('',(#17456,#17463));
#17456 = ORIENTED_EDGE('',*,*,#17457,.F.);
#17457 = EDGE_CURVE('',#17198,#17206,#17458,.T.);
#17458 = CIRCLE('',#17459,0.5);
#17459 = AXIS2_PLACEMENT_3D('',#17460,#17461,#17462);
#17460 = CARTESIAN_POINT('',(-1.05,1.85,-4.05));
#17461 = DIRECTION('',(0.,1.,0.));
#17462 = DIRECTION('',(0.,-0.,1.));
#17463 = ORIENTED_EDGE('',*,*,#17205,.F.);
#17464 = FACE_BOUND('',#17465,.T.);
#17465 = EDGE_LOOP('',(#17466,#17467,#17468,#17469));
#17466 = ORIENTED_EDGE('',*,*,#17370,.T.);
#17467 = ORIENTED_EDGE('',*,*,#17401,.T.);
#17468 = ORIENTED_EDGE('',*,*,#17425,.T.);
#17469 = ORIENTED_EDGE('',*,*,#17442,.T.);
#17470 = PLANE('',#17471);
#17471 = AXIS2_PLACEMENT_3D('',#17472,#17473,#17474);
#17472 = CARTESIAN_POINT('',(0.,1.85,0.));
#17473 = DIRECTION('',(0.,1.,0.));
#17474 = DIRECTION('',(0.,-0.,1.));
#17475 = ADVANCED_FACE('',(#17476),#17501,.T.);
#17476 = FACE_BOUND('',#17477,.T.);
#17477 = EDGE_LOOP('',(#17478,#17479,#17487,#17495));
#17478 = ORIENTED_EDGE('',*,*,#17277,.F.);
#17479 = ORIENTED_EDGE('',*,*,#17480,.F.);
#17480 = EDGE_CURVE('',#17481,#17240,#17483,.T.);
#17481 = VERTEX_POINT('',#17482);
#17482 = CARTESIAN_POINT('',(-1.82815805633,0.25,-4.82815805633));
#17483 = LINE('',#17484,#17485);
#17484 = CARTESIAN_POINT('',(-1.95,0.941,-4.95));
#17485 = VECTOR('',#17486,1.);
#17486 = DIRECTION('',(-0.171087869746,0.970287525248,-0.171087869746));
#17487 = ORIENTED_EDGE('',*,*,#17488,.F.);
#17488 = EDGE_CURVE('',#17489,#17481,#17491,.T.);
#17489 = VERTEX_POINT('',#17490);
#17490 = CARTESIAN_POINT('',(-1.82815805633,0.25,4.82815805633));
#17491 = LINE('',#17492,#17493);
#17492 = CARTESIAN_POINT('',(-1.82815805633,0.25,4.95));
#17493 = VECTOR('',#17494,1.);
#17494 = DIRECTION('',(-0.,-0.,-1.));
#17495 = ORIENTED_EDGE('',*,*,#17496,.T.);
#17496 = EDGE_CURVE('',#17489,#17278,#17497,.T.);
#17497 = LINE('',#17498,#17499);
#17498 = CARTESIAN_POINT('',(-1.95,0.941,4.95));
#17499 = VECTOR('',#17500,1.);
#17500 = DIRECTION('',(-0.171087869746,0.970287525248,0.171087869746));
#17501 = PLANE('',#17502);
#17502 = AXIS2_PLACEMENT_3D('',#17503,#17504,#17505);
#17503 = CARTESIAN_POINT('',(-1.95,0.941,4.95));
#17504 = DIRECTION('',(-0.984807753012,-0.173648177667,0.));
#17505 = DIRECTION('',(0.173648177667,-0.984807753012,0.));
#17506 = ADVANCED_FACE('',(#17507),#17525,.T.);
#17507 = FACE_BOUND('',#17508,.T.);
#17508 = EDGE_LOOP('',(#17509,#17510,#17518,#17524));
#17509 = ORIENTED_EDGE('',*,*,#17237,.F.);
#17510 = ORIENTED_EDGE('',*,*,#17511,.F.);
#17511 = EDGE_CURVE('',#17512,#17238,#17514,.T.);
#17512 = VERTEX_POINT('',#17513);
#17513 = CARTESIAN_POINT('',(1.82815805633,0.25,-4.82815805633));
#17514 = LINE('',#17515,#17516);
#17515 = CARTESIAN_POINT('',(1.95,0.941,-4.95));
#17516 = VECTOR('',#17517,1.);
#17517 = DIRECTION('',(0.171087869746,0.970287525248,-0.171087869746));
#17518 = ORIENTED_EDGE('',*,*,#17519,.F.);
#17519 = EDGE_CURVE('',#17481,#17512,#17520,.T.);
#17520 = LINE('',#17521,#17522);
#17521 = CARTESIAN_POINT('',(-1.95,0.25,-4.82815805633));
#17522 = VECTOR('',#17523,1.);
#17523 = DIRECTION('',(1.,-0.,-2.224004456381E-16));
#17524 = ORIENTED_EDGE('',*,*,#17480,.T.);
#17525 = PLANE('',#17526);
#17526 = AXIS2_PLACEMENT_3D('',#17527,#17528,#17529);
#17527 = CARTESIAN_POINT('',(-1.95,0.941,-4.95));
#17528 = DIRECTION('',(-2.190216831377E-16,-0.173648177667,
    -0.984807753012));
#17529 = DIRECTION('',(0.,0.984807753012,-0.173648177667));
#17530 = ADVANCED_FACE('',(#17531),#17549,.T.);
#17531 = FACE_BOUND('',#17532,.T.);
#17532 = EDGE_LOOP('',(#17533,#17534,#17542,#17548));
#17533 = ORIENTED_EDGE('',*,*,#17339,.F.);
#17534 = ORIENTED_EDGE('',*,*,#17535,.F.);
#17535 = EDGE_CURVE('',#17536,#17309,#17538,.T.);
#17536 = VERTEX_POINT('',#17537);
#17537 = CARTESIAN_POINT('',(1.82815805633,0.25,4.82815805633));
#17538 = LINE('',#17539,#17540);
#17539 = CARTESIAN_POINT('',(1.95,0.941,4.95));
#17540 = VECTOR('',#17541,1.);
#17541 = DIRECTION('',(0.171087869746,0.970287525248,0.171087869746));
#17542 = ORIENTED_EDGE('',*,*,#17543,.F.);
#17543 = EDGE_CURVE('',#17512,#17536,#17544,.T.);
#17544 = LINE('',#17545,#17546);
#17545 = CARTESIAN_POINT('',(1.82815805633,0.25,-4.95));
#17546 = VECTOR('',#17547,1.);
#17547 = DIRECTION('',(3.50449187066E-16,-0.,1.));
#17548 = ORIENTED_EDGE('',*,*,#17511,.T.);
#17549 = PLANE('',#17550);
#17550 = AXIS2_PLACEMENT_3D('',#17551,#17552,#17553);
#17551 = CARTESIAN_POINT('',(1.95,0.941,-4.95));
#17552 = DIRECTION('',(0.984807753012,-0.173648177667,
    -3.451250764594E-16));
#17553 = DIRECTION('',(0.173648177667,0.984807753012,0.));
#17554 = ADVANCED_FACE('',(#17555),#17566,.T.);
#17555 = FACE_BOUND('',#17556,.T.);
#17556 = EDGE_LOOP('',(#17557,#17558,#17559,#17565));
#17557 = ORIENTED_EDGE('',*,*,#17308,.F.);
#17558 = ORIENTED_EDGE('',*,*,#17496,.F.);
#17559 = ORIENTED_EDGE('',*,*,#17560,.F.);
#17560 = EDGE_CURVE('',#17536,#17489,#17561,.T.);
#17561 = LINE('',#17562,#17563);
#17562 = CARTESIAN_POINT('',(1.95,0.25,4.82815805633));
#17563 = VECTOR('',#17564,1.);
#17564 = DIRECTION('',(-1.,-0.,2.224004456381E-16));
#17565 = ORIENTED_EDGE('',*,*,#17535,.T.);
#17566 = PLANE('',#17567);
#17567 = AXIS2_PLACEMENT_3D('',#17568,#17569,#17570);
#17568 = CARTESIAN_POINT('',(1.95,0.941,4.95));
#17569 = DIRECTION('',(2.190216831377E-16,-0.173648177667,0.984807753012
    ));
#17570 = DIRECTION('',(-1.232595164408E-32,-0.984807753012,
    -0.173648177667));
#17571 = ADVANCED_FACE('',(#17572),#17578,.T.);
#17572 = FACE_BOUND('',#17573,.T.);
#17573 = EDGE_LOOP('',(#17574,#17575,#17576,#17577));
#17574 = ORIENTED_EDGE('',*,*,#17488,.T.);
#17575 = ORIENTED_EDGE('',*,*,#17519,.T.);
#17576 = ORIENTED_EDGE('',*,*,#17543,.T.);
#17577 = ORIENTED_EDGE('',*,*,#17560,.T.);
#17578 = PLANE('',#17579);
#17579 = AXIS2_PLACEMENT_3D('',#17580,#17581,#17582);
#17580 = CARTESIAN_POINT('',(0.,0.25,0.));
#17581 = DIRECTION('',(0.,-1.,0.));
#17582 = DIRECTION('',(0.,-0.,-1.));
#17583 = ADVANCED_FACE('',(#17584),#17596,.F.);
#17584 = FACE_BOUND('',#17585,.F.);
#17585 = EDGE_LOOP('',(#17586,#17587,#17588,#17595));
#17586 = ORIENTED_EDGE('',*,*,#17457,.F.);
#17587 = ORIENTED_EDGE('',*,*,#17195,.F.);
#17588 = ORIENTED_EDGE('',*,*,#17589,.T.);
#17589 = EDGE_CURVE('',#17196,#17215,#17590,.T.);
#17590 = CIRCLE('',#17591,0.5);
#17591 = AXIS2_PLACEMENT_3D('',#17592,#17593,#17594);
#17592 = CARTESIAN_POINT('',(-1.05,1.8,-4.05));
#17593 = DIRECTION('',(0.,1.,0.));
#17594 = DIRECTION('',(0.,-0.,1.));
#17595 = ORIENTED_EDGE('',*,*,#17214,.T.);
#17596 = CYLINDRICAL_SURFACE('',#17597,0.5);
#17597 = AXIS2_PLACEMENT_3D('',#17598,#17599,#17600);
#17598 = CARTESIAN_POINT('',(-1.05,1.8,-4.05));
#17599 = DIRECTION('',(-0.,1.,-0.));
#17600 = DIRECTION('',(0.,0.,1.));
#17601 = ADVANCED_FACE('',(#17602),#17606,.T.);
#17602 = FACE_BOUND('',#17603,.T.);
#17603 = EDGE_LOOP('',(#17604,#17605));
#17604 = ORIENTED_EDGE('',*,*,#17589,.T.);
#17605 = ORIENTED_EDGE('',*,*,#17222,.T.);
#17606 = PLANE('',#17607);
#17607 = AXIS2_PLACEMENT_3D('',#17608,#17609,#17610);
#17608 = CARTESIAN_POINT('',(-1.05,1.8,-4.05));
#17609 = DIRECTION('',(0.,1.,0.));
#17610 = DIRECTION('',(0.,-0.,1.));
#17611 = MANIFOLD_SOLID_BREP('',#17612);
#17612 = CLOSED_SHELL('',(#17613,#17655,#17679,#17689));
#17613 = ADVANCED_FACE('',(#17614),#17650,.T.);
#17614 = FACE_BOUND('',#17615,.T.);
#17615 = EDGE_LOOP('',(#17616,#17627,#17635,#17644));
#17616 = ORIENTED_EDGE('',*,*,#17617,.T.);
#17617 = EDGE_CURVE('',#17618,#17620,#17622,.T.);
#17618 = VERTEX_POINT('',#17619);
#17619 = CARTESIAN_POINT('',(-1.05,1.8,-3.55));
#17620 = VERTEX_POINT('',#17621);
#17621 = CARTESIAN_POINT('',(-1.05,1.8,-4.55));
#17622 = CIRCLE('',#17623,0.5);
#17623 = AXIS2_PLACEMENT_3D('',#17624,#17625,#17626);
#17624 = CARTESIAN_POINT('',(-1.05,1.8,-4.05));
#17625 = DIRECTION('',(0.,1.,0.));
#17626 = DIRECTION('',(0.,-0.,1.));
#17627 = ORIENTED_EDGE('',*,*,#17628,.T.);
#17628 = EDGE_CURVE('',#17620,#17629,#17631,.T.);
#17629 = VERTEX_POINT('',#17630);
#17630 = CARTESIAN_POINT('',(-1.05,1.85,-4.55));
#17631 = LINE('',#17632,#17633);
#17632 = CARTESIAN_POINT('',(-1.05,1.8,-4.55));
#17633 = VECTOR('',#17634,1.);
#17634 = DIRECTION('',(0.,1.,0.));
#17635 = ORIENTED_EDGE('',*,*,#17636,.F.);
#17636 = EDGE_CURVE('',#17637,#17629,#17639,.T.);
#17637 = VERTEX_POINT('',#17638);
#17638 = CARTESIAN_POINT('',(-1.05,1.85,-3.55));
#17639 = CIRCLE('',#17640,0.5);
#17640 = AXIS2_PLACEMENT_3D('',#17641,#17642,#17643);
#17641 = CARTESIAN_POINT('',(-1.05,1.85,-4.05));
#17642 = DIRECTION('',(0.,1.,0.));
#17643 = DIRECTION('',(0.,-0.,1.));
#17644 = ORIENTED_EDGE('',*,*,#17645,.F.);
#17645 = EDGE_CURVE('',#17618,#17637,#17646,.T.);
#17646 = LINE('',#17647,#17648);
#17647 = CARTESIAN_POINT('',(-1.05,1.8,-3.55));
#17648 = VECTOR('',#17649,1.);
#17649 = DIRECTION('',(0.,1.,0.));
#17650 = CYLINDRICAL_SURFACE('',#17651,0.5);
#17651 = AXIS2_PLACEMENT_3D('',#17652,#17653,#17654);
#17652 = CARTESIAN_POINT('',(-1.05,1.8,-4.05));
#17653 = DIRECTION('',(0.,1.,0.));
#17654 = DIRECTION('',(0.,-0.,1.));
#17655 = ADVANCED_FACE('',(#17656),#17674,.T.);
#17656 = FACE_BOUND('',#17657,.T.);
#17657 = EDGE_LOOP('',(#17658,#17659,#17666,#17667));
#17658 = ORIENTED_EDGE('',*,*,#17628,.F.);
#17659 = ORIENTED_EDGE('',*,*,#17660,.T.);
#17660 = EDGE_CURVE('',#17620,#17618,#17661,.T.);
#17661 = CIRCLE('',#17662,0.5);
#17662 = AXIS2_PLACEMENT_3D('',#17663,#17664,#17665);
#17663 = CARTESIAN_POINT('',(-1.05,1.8,-4.05));
#17664 = DIRECTION('',(0.,1.,0.));
#17665 = DIRECTION('',(0.,-0.,1.));
#17666 = ORIENTED_EDGE('',*,*,#17645,.T.);
#17667 = ORIENTED_EDGE('',*,*,#17668,.F.);
#17668 = EDGE_CURVE('',#17629,#17637,#17669,.T.);
#17669 = CIRCLE('',#17670,0.5);
#17670 = AXIS2_PLACEMENT_3D('',#17671,#17672,#17673);
#17671 = CARTESIAN_POINT('',(-1.05,1.85,-4.05));
#17672 = DIRECTION('',(0.,1.,0.));
#17673 = DIRECTION('',(0.,-0.,1.));
#17674 = CYLINDRICAL_SURFACE('',#17675,0.5);
#17675 = AXIS2_PLACEMENT_3D('',#17676,#17677,#17678);
#17676 = CARTESIAN_POINT('',(-1.05,1.8,-4.05));
#17677 = DIRECTION('',(0.,1.,0.));
#17678 = DIRECTION('',(0.,-0.,1.));
#17679 = ADVANCED_FACE('',(#17680),#17684,.F.);
#17680 = FACE_BOUND('',#17681,.T.);
#17681 = EDGE_LOOP('',(#17682,#17683));
#17682 = ORIENTED_EDGE('',*,*,#17617,.F.);
#17683 = ORIENTED_EDGE('',*,*,#17660,.F.);
#17684 = PLANE('',#17685);
#17685 = AXIS2_PLACEMENT_3D('',#17686,#17687,#17688);
#17686 = CARTESIAN_POINT('',(-1.05,1.8,-4.05));
#17687 = DIRECTION('',(0.,1.,0.));
#17688 = DIRECTION('',(0.,-0.,1.));
#17689 = ADVANCED_FACE('',(#17690),#17694,.T.);
#17690 = FACE_BOUND('',#17691,.T.);
#17691 = EDGE_LOOP('',(#17692,#17693));
#17692 = ORIENTED_EDGE('',*,*,#17636,.T.);
#17693 = ORIENTED_EDGE('',*,*,#17668,.T.);
#17694 = PLANE('',#17695);
#17695 = AXIS2_PLACEMENT_3D('',#17696,#17697,#17698);
#17696 = CARTESIAN_POINT('',(-1.05,1.85,-4.05));
#17697 = DIRECTION('',(0.,1.,0.));
#17698 = DIRECTION('',(0.,-0.,1.));
#17699 = ( GEOMETRIC_REPRESENTATION_CONTEXT(3) 
GLOBAL_UNCERTAINTY_ASSIGNED_CONTEXT((#17703)) 
GLOBAL_UNIT_ASSIGNED_CONTEXT((#17700,#17701,#17702)) 
REPRESENTATION_CONTEXT('Context #1',
  '3D Context with UNIT and UNCERTAINTY') );
#17700 = ( LENGTH_UNIT() NAMED_UNIT(*) SI_UNIT(.MILLI.,.METRE.) );
#17701 = ( NAMED_UNIT(*) PLANE_ANGLE_UNIT() SI_UNIT($,.RADIAN.) );
#17702 = ( NAMED_UNIT(*) SI_UNIT($,.STERADIAN.) SOLID_ANGLE_UNIT() );
#17703 = UNCERTAINTY_MEASURE_WITH_UNIT(LENGTH_MEASURE(1.E-07),#17700,
  'distance_accuracy_value','confusion accuracy');
#17704 = CONTEXT_DEPENDENT_SHAPE_REPRESENTATION(#17705,#17707);
#17705 = ( REPRESENTATION_RELATIONSHIP('','',#10436,#10) 
REPRESENTATION_RELATIONSHIP_WITH_TRANSFORMATION(#17706) 
SHAPE_REPRESENTATION_RELATIONSHIP() );
#17706 = ITEM_DEFINED_TRANSFORMATION('','',#11,#43);
#17707 = PRODUCT_DEFINITION_SHAPE('Placement','Placement of an item',
  #17708);
#17708 = NEXT_ASSEMBLY_USAGE_OCCURRENCE('11','U1','',#5,#10431,$);
#17709 = PRODUCT_RELATED_PRODUCT_CATEGORY('part',$,(#10433));
#17710 = CONTEXT_DEPENDENT_SHAPE_REPRESENTATION(#17711,#17713);
#17711 = ( REPRESENTATION_RELATIONSHIP('','',#973,#10) 
REPRESENTATION_RELATIONSHIP_WITH_TRANSFORMATION(#17712) 
SHAPE_REPRESENTATION_RELATIONSHIP() );
#17712 = ITEM_DEFINED_TRANSFORMATION('','',#11,#47);
#17713 = PRODUCT_DEFINITION_SHAPE('Placement','Placement of an item',
  #17714);
#17714 = NEXT_ASSEMBLY_USAGE_OCCURRENCE('12','J5','',#5,#968,$);
#17715 = CONTEXT_DEPENDENT_SHAPE_REPRESENTATION(#17716,#17718);
#17716 = ( REPRESENTATION_RELATIONSHIP('','',#8739,#10) 
REPRESENTATION_RELATIONSHIP_WITH_TRANSFORMATION(#17717) 
SHAPE_REPRESENTATION_RELATIONSHIP() );
#17717 = ITEM_DEFINED_TRANSFORMATION('','',#11,#51);
#17718 = PRODUCT_DEFINITION_SHAPE('Placement','Placement of an item',
  #17719);
#17719 = NEXT_ASSEMBLY_USAGE_OCCURRENCE('13','F4','',#5,#8734,$);
#17720 = CONTEXT_DEPENDENT_SHAPE_REPRESENTATION(#17721,#17723);
#17721 = ( REPRESENTATION_RELATIONSHIP('','',#8739,#10) 
REPRESENTATION_RELATIONSHIP_WITH_TRANSFORMATION(#17722) 
SHAPE_REPRESENTATION_RELATIONSHIP() );
#17722 = ITEM_DEFINED_TRANSFORMATION('','',#11,#55);
#17723 = PRODUCT_DEFINITION_SHAPE('Placement','Placement of an item',
  #17724);
#17724 = NEXT_ASSEMBLY_USAGE_OCCURRENCE('14','F3','',#5,#8734,$);
#17725 = CONTEXT_DEPENDENT_SHAPE_REPRESENTATION(#17726,#17728);
#17726 = ( REPRESENTATION_RELATIONSHIP('','',#100,#10) 
REPRESENTATION_RELATIONSHIP_WITH_TRANSFORMATION(#17727) 
SHAPE_REPRESENTATION_RELATIONSHIP() );
#17727 = ITEM_DEFINED_TRANSFORMATION('','',#11,#59);
#17728 = PRODUCT_DEFINITION_SHAPE('Placement','Placement of an item',
  #17729);
#17729 = NEXT_ASSEMBLY_USAGE_OCCURRENCE('15','C3','',#5,#95,$);
#17730 = CONTEXT_DEPENDENT_SHAPE_REPRESENTATION(#17731,#17733);
#17731 = ( REPRESENTATION_RELATIONSHIP('','',#973,#10) 
REPRESENTATION_RELATIONSHIP_WITH_TRANSFORMATION(#17732) 
SHAPE_REPRESENTATION_RELATIONSHIP() );
#17732 = ITEM_DEFINED_TRANSFORMATION('','',#11,#63);
#17733 = PRODUCT_DEFINITION_SHAPE('Placement','Placement of an item',
  #17734);
#17734 = NEXT_ASSEMBLY_USAGE_OCCURRENCE('16','J2','',#5,#968,$);
#17735 = CONTEXT_DEPENDENT_SHAPE_REPRESENTATION(#17736,#17738);
#17736 = ( REPRESENTATION_RELATIONSHIP('','',#8739,#10) 
REPRESENTATION_RELATIONSHIP_WITH_TRANSFORMATION(#17737) 
SHAPE_REPRESENTATION_RELATIONSHIP() );
#17737 = ITEM_DEFINED_TRANSFORMATION('','',#11,#67);
#17738 = PRODUCT_DEFINITION_SHAPE('Placement','Placement of an item',
  #17739);
#17739 = NEXT_ASSEMBLY_USAGE_OCCURRENCE('17','F5','',#5,#8734,$);
#17740 = CONTEXT_DEPENDENT_SHAPE_REPRESENTATION(#17741,#17743);
#17741 = ( REPRESENTATION_RELATIONSHIP('','',#8739,#10) 
REPRESENTATION_RELATIONSHIP_WITH_TRANSFORMATION(#17742) 
SHAPE_REPRESENTATION_RELATIONSHIP() );
#17742 = ITEM_DEFINED_TRANSFORMATION('','',#11,#71);
#17743 = PRODUCT_DEFINITION_SHAPE('Placement','Placement of an item',
  #17744);
#17744 = NEXT_ASSEMBLY_USAGE_OCCURRENCE('18','F1','',#5,#8734,$);
#17745 = CONTEXT_DEPENDENT_SHAPE_REPRESENTATION(#17746,#17748);
#17746 = ( REPRESENTATION_RELATIONSHIP('','',#973,#10) 
REPRESENTATION_RELATIONSHIP_WITH_TRANSFORMATION(#17747) 
SHAPE_REPRESENTATION_RELATIONSHIP() );
#17747 = ITEM_DEFINED_TRANSFORMATION('','',#11,#75);
#17748 = PRODUCT_DEFINITION_SHAPE('Placement','Placement of an item',
  #17749);
#17749 = NEXT_ASSEMBLY_USAGE_OCCURRENCE('19','J4','',#5,#968,$);
#17750 = CONTEXT_DEPENDENT_SHAPE_REPRESENTATION(#17751,#17753);
#17751 = ( REPRESENTATION_RELATIONSHIP('','',#973,#10) 
REPRESENTATION_RELATIONSHIP_WITH_TRANSFORMATION(#17752) 
SHAPE_REPRESENTATION_RELATIONSHIP() );
#17752 = ITEM_DEFINED_TRANSFORMATION('','',#11,#79);
#17753 = PRODUCT_DEFINITION_SHAPE('Placement','Placement of an item',
  #17754);
#17754 = NEXT_ASSEMBLY_USAGE_OCCURRENCE('20','J3','',#5,#968,$);
#17755 = SHAPE_DEFINITION_REPRESENTATION(#17756,#17762);
#17756 = PRODUCT_DEFINITION_SHAPE('','',#17757);
#17757 = PRODUCT_DEFINITION('design','',#17758,#17761);
#17758 = PRODUCT_DEFINITION_FORMATION('','',#17759);
#17759 = PRODUCT('Kaloqns USB splitter_PCB','Kaloqns USB splitter_PCB',
  '',(#17760));
#17760 = PRODUCT_CONTEXT('',#2,'mechanical');
#17761 = PRODUCT_DEFINITION_CONTEXT('part definition',#2,'design');
#17762 = ADVANCED_BREP_SHAPE_REPRESENTATION('',(#11,#17763),#19479);
#17763 = MANIFOLD_SOLID_BREP('',#17764);
#17764 = CLOSED_SHELL('',(#17765,#17805,#17836,#17867,#18310,#18753,
    #18770,#18787,#18804,#18821,#18838,#18855,#18872,#18889,#18906,
    #18923,#18940,#18957,#18969,#18986,#19003,#19020,#19037,#19054,
    #19071,#19088,#19105,#19122,#19139,#19156,#19173,#19190,#19207,
    #19224,#19241,#19258,#19275,#19292,#19309,#19326,#19343,#19360,
    #19377,#19394,#19411,#19428,#19445,#19462));
#17765 = ADVANCED_FACE('',(#17766),#17800,.T.);
#17766 = FACE_BOUND('',#17767,.T.);
#17767 = EDGE_LOOP('',(#17768,#17778,#17786,#17794));
#17768 = ORIENTED_EDGE('',*,*,#17769,.T.);
#17769 = EDGE_CURVE('',#17770,#17772,#17774,.T.);
#17770 = VERTEX_POINT('',#17771);
#17771 = CARTESIAN_POINT('',(188.71,-94.9,0.));
#17772 = VERTEX_POINT('',#17773);
#17773 = CARTESIAN_POINT('',(188.71,-94.9,1.51));
#17774 = LINE('',#17775,#17776);
#17775 = CARTESIAN_POINT('',(188.71,-94.9,0.));
#17776 = VECTOR('',#17777,1.);
#17777 = DIRECTION('',(0.,0.,1.));
#17778 = ORIENTED_EDGE('',*,*,#17779,.T.);
#17779 = EDGE_CURVE('',#17772,#17780,#17782,.T.);
#17780 = VERTEX_POINT('',#17781);
#17781 = CARTESIAN_POINT('',(188.71,-95.8,1.51));
#17782 = LINE('',#17783,#17784);
#17783 = CARTESIAN_POINT('',(188.71,-94.9,1.51));
#17784 = VECTOR('',#17785,1.);
#17785 = DIRECTION('',(0.,-1.,0.));
#17786 = ORIENTED_EDGE('',*,*,#17787,.F.);
#17787 = EDGE_CURVE('',#17788,#17780,#17790,.T.);
#17788 = VERTEX_POINT('',#17789);
#17789 = CARTESIAN_POINT('',(188.71,-95.8,0.));
#17790 = LINE('',#17791,#17792);
#17791 = CARTESIAN_POINT('',(188.71,-95.8,0.));
#17792 = VECTOR('',#17793,1.);
#17793 = DIRECTION('',(0.,0.,1.));
#17794 = ORIENTED_EDGE('',*,*,#17795,.F.);
#17795 = EDGE_CURVE('',#17770,#17788,#17796,.T.);
#17796 = LINE('',#17797,#17798);
#17797 = CARTESIAN_POINT('',(188.71,-94.9,0.));
#17798 = VECTOR('',#17799,1.);
#17799 = DIRECTION('',(0.,-1.,0.));
#17800 = PLANE('',#17801);
#17801 = AXIS2_PLACEMENT_3D('',#17802,#17803,#17804);
#17802 = CARTESIAN_POINT('',(188.71,-94.9,0.));
#17803 = DIRECTION('',(1.,0.,-0.));
#17804 = DIRECTION('',(0.,-1.,0.));
#17805 = ADVANCED_FACE('',(#17806),#17831,.T.);
#17806 = FACE_BOUND('',#17807,.T.);
#17807 = EDGE_LOOP('',(#17808,#17818,#17824,#17825));
#17808 = ORIENTED_EDGE('',*,*,#17809,.T.);
#17809 = EDGE_CURVE('',#17810,#17812,#17814,.T.);
#17810 = VERTEX_POINT('',#17811);
#17811 = CARTESIAN_POINT('',(188.71,-93.99,0.));
#17812 = VERTEX_POINT('',#17813);
#17813 = CARTESIAN_POINT('',(188.71,-93.99,1.51));
#17814 = LINE('',#17815,#17816);
#17815 = CARTESIAN_POINT('',(188.71,-93.99,0.));
#17816 = VECTOR('',#17817,1.);
#17817 = DIRECTION('',(0.,0.,1.));
#17818 = ORIENTED_EDGE('',*,*,#17819,.T.);
#17819 = EDGE_CURVE('',#17812,#17772,#17820,.T.);
#17820 = LINE('',#17821,#17822);
#17821 = CARTESIAN_POINT('',(188.71,-93.99,1.51));
#17822 = VECTOR('',#17823,1.);
#17823 = DIRECTION('',(0.,-1.,0.));
#17824 = ORIENTED_EDGE('',*,*,#17769,.F.);
#17825 = ORIENTED_EDGE('',*,*,#17826,.F.);
#17826 = EDGE_CURVE('',#17810,#17770,#17827,.T.);
#17827 = LINE('',#17828,#17829);
#17828 = CARTESIAN_POINT('',(188.71,-93.99,0.));
#17829 = VECTOR('',#17830,1.);
#17830 = DIRECTION('',(0.,-1.,0.));
#17831 = PLANE('',#17832);
#17832 = AXIS2_PLACEMENT_3D('',#17833,#17834,#17835);
#17833 = CARTESIAN_POINT('',(188.71,-93.99,0.));
#17834 = DIRECTION('',(1.,0.,-0.));
#17835 = DIRECTION('',(0.,-1.,0.));
#17836 = ADVANCED_FACE('',(#17837),#17862,.T.);
#17837 = FACE_BOUND('',#17838,.T.);
#17838 = EDGE_LOOP('',(#17839,#17840,#17848,#17856));
#17839 = ORIENTED_EDGE('',*,*,#17787,.T.);
#17840 = ORIENTED_EDGE('',*,*,#17841,.T.);
#17841 = EDGE_CURVE('',#17780,#17842,#17844,.T.);
#17842 = VERTEX_POINT('',#17843);
#17843 = CARTESIAN_POINT('',(197.43,-95.8,1.51));
#17844 = LINE('',#17845,#17846);
#17845 = CARTESIAN_POINT('',(188.71,-95.8,1.51));
#17846 = VECTOR('',#17847,1.);
#17847 = DIRECTION('',(1.,0.,0.));
#17848 = ORIENTED_EDGE('',*,*,#17849,.F.);
#17849 = EDGE_CURVE('',#17850,#17842,#17852,.T.);
#17850 = VERTEX_POINT('',#17851);
#17851 = CARTESIAN_POINT('',(197.43,-95.8,0.));
#17852 = LINE('',#17853,#17854);
#17853 = CARTESIAN_POINT('',(197.43,-95.8,0.));
#17854 = VECTOR('',#17855,1.);
#17855 = DIRECTION('',(0.,0.,1.));
#17856 = ORIENTED_EDGE('',*,*,#17857,.F.);
#17857 = EDGE_CURVE('',#17788,#17850,#17858,.T.);
#17858 = LINE('',#17859,#17860);
#17859 = CARTESIAN_POINT('',(188.71,-95.8,0.));
#17860 = VECTOR('',#17861,1.);
#17861 = DIRECTION('',(1.,0.,0.));
#17862 = PLANE('',#17863);
#17863 = AXIS2_PLACEMENT_3D('',#17864,#17865,#17866);
#17864 = CARTESIAN_POINT('',(188.71,-95.8,0.));
#17865 = DIRECTION('',(0.,1.,0.));
#17866 = DIRECTION('',(1.,0.,0.));
#17867 = ADVANCED_FACE('',(#17868,#17975,#17986,#17997,#18008,#18019,
    #18030,#18041,#18052,#18063,#18074,#18085,#18096,#18107,#18118,
    #18129,#18140,#18151,#18162,#18173,#18184,#18195,#18206,#18217,
    #18228,#18239,#18250,#18261,#18272,#18283,#18294),#18305,.F.);
#17868 = FACE_BOUND('',#17869,.F.);
#17869 = EDGE_LOOP('',(#17870,#17871,#17872,#17880,#17888,#17896,#17904,
    #17912,#17920,#17928,#17936,#17944,#17952,#17960,#17968,#17974));
#17870 = ORIENTED_EDGE('',*,*,#17795,.F.);
#17871 = ORIENTED_EDGE('',*,*,#17826,.F.);
#17872 = ORIENTED_EDGE('',*,*,#17873,.F.);
#17873 = EDGE_CURVE('',#17874,#17810,#17876,.T.);
#17874 = VERTEX_POINT('',#17875);
#17875 = CARTESIAN_POINT('',(128.99,-93.99,0.));
#17876 = LINE('',#17877,#17878);
#17877 = CARTESIAN_POINT('',(128.99,-93.99,0.));
#17878 = VECTOR('',#17879,1.);
#17879 = DIRECTION('',(1.,0.,0.));
#17880 = ORIENTED_EDGE('',*,*,#17881,.F.);
#17881 = EDGE_CURVE('',#17882,#17874,#17884,.T.);
#17882 = VERTEX_POINT('',#17883);
#17883 = CARTESIAN_POINT('',(112.93,-110.01,0.));
#17884 = LINE('',#17885,#17886);
#17885 = CARTESIAN_POINT('',(112.93,-110.01,0.));
#17886 = VECTOR('',#17887,1.);
#17887 = DIRECTION('',(0.707987910105,0.706224552919,0.));
#17888 = ORIENTED_EDGE('',*,*,#17889,.F.);
#17889 = EDGE_CURVE('',#17890,#17882,#17892,.T.);
#17890 = VERTEX_POINT('',#17891);
#17891 = CARTESIAN_POINT('',(112.93,-117.32,0.));
#17892 = LINE('',#17893,#17894);
#17893 = CARTESIAN_POINT('',(112.93,-117.32,0.));
#17894 = VECTOR('',#17895,1.);
#17895 = DIRECTION('',(0.,1.,0.));
#17896 = ORIENTED_EDGE('',*,*,#17897,.F.);
#17897 = EDGE_CURVE('',#17898,#17890,#17900,.T.);
#17898 = VERTEX_POINT('',#17899);
#17899 = CARTESIAN_POINT('',(113.83,-117.32,0.));
#17900 = LINE('',#17901,#17902);
#17901 = CARTESIAN_POINT('',(113.83,-117.32,0.));
#17902 = VECTOR('',#17903,1.);
#17903 = DIRECTION('',(-1.,0.,0.));
#17904 = ORIENTED_EDGE('',*,*,#17905,.F.);
#17905 = EDGE_CURVE('',#17906,#17898,#17908,.T.);
#17906 = VERTEX_POINT('',#17907);
#17907 = CARTESIAN_POINT('',(113.83,-125.99,0.));
#17908 = LINE('',#17909,#17910);
#17909 = CARTESIAN_POINT('',(113.83,-125.99,0.));
#17910 = VECTOR('',#17911,1.);
#17911 = DIRECTION('',(0.,1.,0.));
#17912 = ORIENTED_EDGE('',*,*,#17913,.F.);
#17913 = EDGE_CURVE('',#17914,#17906,#17916,.T.);
#17914 = VERTEX_POINT('',#17915);
#17915 = CARTESIAN_POINT('',(182.58,-125.99,0.));
#17916 = LINE('',#17917,#17918);
#17917 = CARTESIAN_POINT('',(182.58,-125.99,0.));
#17918 = VECTOR('',#17919,1.);
#17919 = DIRECTION('',(-1.,0.,0.));
#17920 = ORIENTED_EDGE('',*,*,#17921,.F.);
#17921 = EDGE_CURVE('',#17922,#17914,#17924,.T.);
#17922 = VERTEX_POINT('',#17923);
#17923 = CARTESIAN_POINT('',(182.58,-117.27,0.));
#17924 = LINE('',#17925,#17926);
#17925 = CARTESIAN_POINT('',(182.58,-117.27,0.));
#17926 = VECTOR('',#17927,1.);
#17927 = DIRECTION('',(0.,-1.,0.));
#17928 = ORIENTED_EDGE('',*,*,#17929,.F.);
#17929 = EDGE_CURVE('',#17930,#17922,#17932,.T.);
#17930 = VERTEX_POINT('',#17931);
#17931 = CARTESIAN_POINT('',(183.5,-117.27,0.));
#17932 = LINE('',#17933,#17934);
#17933 = CARTESIAN_POINT('',(183.5,-117.27,0.));
#17934 = VECTOR('',#17935,1.);
#17935 = DIRECTION('',(-1.,0.,0.));
#17936 = ORIENTED_EDGE('',*,*,#17937,.F.);
#17937 = EDGE_CURVE('',#17938,#17930,#17940,.T.);
#17938 = VERTEX_POINT('',#17939);
#17939 = CARTESIAN_POINT('',(183.5,-112.07,0.));
#17940 = LINE('',#17941,#17942);
#17941 = CARTESIAN_POINT('',(183.5,-112.07,0.));
#17942 = VECTOR('',#17943,1.);
#17943 = DIRECTION('',(0.,-1.,0.));
#17944 = ORIENTED_EDGE('',*,*,#17945,.F.);
#17945 = EDGE_CURVE('',#17946,#17938,#17948,.T.);
#17946 = VERTEX_POINT('',#17947);
#17947 = CARTESIAN_POINT('',(188.69,-112.07,0.));
#17948 = LINE('',#17949,#17950);
#17949 = CARTESIAN_POINT('',(188.69,-112.07,0.));
#17950 = VECTOR('',#17951,1.);
#17951 = DIRECTION('',(-1.,0.,0.));
#17952 = ORIENTED_EDGE('',*,*,#17953,.F.);
#17953 = EDGE_CURVE('',#17954,#17946,#17956,.T.);
#17954 = VERTEX_POINT('',#17955);
#17955 = CARTESIAN_POINT('',(188.69,-111.17,0.));
#17956 = LINE('',#17957,#17958);
#17957 = CARTESIAN_POINT('',(188.69,-111.17,0.));
#17958 = VECTOR('',#17959,1.);
#17959 = DIRECTION('',(0.,-1.,0.));
#17960 = ORIENTED_EDGE('',*,*,#17961,.F.);
#17961 = EDGE_CURVE('',#17962,#17954,#17964,.T.);
#17962 = VERTEX_POINT('',#17963);
#17963 = CARTESIAN_POINT('',(197.43,-111.17,0.));
#17964 = LINE('',#17965,#17966);
#17965 = CARTESIAN_POINT('',(197.43,-111.17,0.));
#17966 = VECTOR('',#17967,1.);
#17967 = DIRECTION('',(-1.,0.,0.));
#17968 = ORIENTED_EDGE('',*,*,#17969,.F.);
#17969 = EDGE_CURVE('',#17850,#17962,#17970,.T.);
#17970 = LINE('',#17971,#17972);
#17971 = CARTESIAN_POINT('',(197.43,-95.8,0.));
#17972 = VECTOR('',#17973,1.);
#17973 = DIRECTION('',(0.,-1.,0.));
#17974 = ORIENTED_EDGE('',*,*,#17857,.F.);
#17975 = FACE_BOUND('',#17976,.F.);
#17976 = EDGE_LOOP('',(#17977));
#17977 = ORIENTED_EDGE('',*,*,#17978,.T.);
#17978 = EDGE_CURVE('',#17979,#17979,#17981,.T.);
#17979 = VERTEX_POINT('',#17980);
#17980 = CARTESIAN_POINT('',(114.89,-116.4425,0.));
#17981 = CIRCLE('',#17982,1.15);
#17982 = AXIS2_PLACEMENT_3D('',#17983,#17984,#17985);
#17983 = CARTESIAN_POINT('',(114.89,-115.2925,0.));
#17984 = DIRECTION('',(-0.,0.,-1.));
#17985 = DIRECTION('',(-0.,-1.,0.));
#17986 = FACE_BOUND('',#17987,.F.);
#17987 = EDGE_LOOP('',(#17988));
#17988 = ORIENTED_EDGE('',*,*,#17989,.T.);
#17989 = EDGE_CURVE('',#17990,#17990,#17992,.T.);
#17990 = VERTEX_POINT('',#17991);
#17991 = CARTESIAN_POINT('',(128.03,-116.4425,0.));
#17992 = CIRCLE('',#17993,1.15);
#17993 = AXIS2_PLACEMENT_3D('',#17994,#17995,#17996);
#17994 = CARTESIAN_POINT('',(128.03,-115.2925,0.));
#17995 = DIRECTION('',(-0.,0.,-1.));
#17996 = DIRECTION('',(-0.,-1.,0.));
#17997 = FACE_BOUND('',#17998,.F.);
#17998 = EDGE_LOOP('',(#17999));
#17999 = ORIENTED_EDGE('',*,*,#18000,.T.);
#18000 = EDGE_CURVE('',#18001,#18001,#18003,.T.);
#18001 = VERTEX_POINT('',#18002);
#18002 = CARTESIAN_POINT('',(117.96,-113.0425,0.));
#18003 = CIRCLE('',#18004,0.46);
#18004 = AXIS2_PLACEMENT_3D('',#18005,#18006,#18007);
#18005 = CARTESIAN_POINT('',(117.96,-112.5825,0.));
#18006 = DIRECTION('',(-0.,0.,-1.));
#18007 = DIRECTION('',(-3.089316242435E-14,-1.,0.));
#18008 = FACE_BOUND('',#18009,.F.);
#18009 = EDGE_LOOP('',(#18010));
#18010 = ORIENTED_EDGE('',*,*,#18011,.T.);
#18011 = EDGE_CURVE('',#18012,#18012,#18014,.T.);
#18012 = VERTEX_POINT('',#18013);
#18013 = CARTESIAN_POINT('',(120.46,-113.0425,0.));
#18014 = CIRCLE('',#18015,0.46);
#18015 = AXIS2_PLACEMENT_3D('',#18016,#18017,#18018);
#18016 = CARTESIAN_POINT('',(120.46,-112.5825,0.));
#18017 = DIRECTION('',(-0.,0.,-1.));
#18018 = DIRECTION('',(-3.089316242435E-14,-1.,0.));
#18019 = FACE_BOUND('',#18020,.F.);
#18020 = EDGE_LOOP('',(#18021));
#18021 = ORIENTED_EDGE('',*,*,#18022,.T.);
#18022 = EDGE_CURVE('',#18023,#18023,#18025,.T.);
#18023 = VERTEX_POINT('',#18024);
#18024 = CARTESIAN_POINT('',(122.46,-113.0425,0.));
#18025 = CIRCLE('',#18026,0.46);
#18026 = AXIS2_PLACEMENT_3D('',#18027,#18028,#18029);
#18027 = CARTESIAN_POINT('',(122.46,-112.5825,0.));
#18028 = DIRECTION('',(-0.,0.,-1.));
#18029 = DIRECTION('',(-3.089316242435E-14,-1.,0.));
#18030 = FACE_BOUND('',#18031,.F.);
#18031 = EDGE_LOOP('',(#18032));
#18032 = ORIENTED_EDGE('',*,*,#18033,.T.);
#18033 = EDGE_CURVE('',#18034,#18034,#18036,.T.);
#18034 = VERTEX_POINT('',#18035);
#18035 = CARTESIAN_POINT('',(124.96,-113.0425,0.));
#18036 = CIRCLE('',#18037,0.46);
#18037 = AXIS2_PLACEMENT_3D('',#18038,#18039,#18040);
#18038 = CARTESIAN_POINT('',(124.96,-112.5825,0.));
#18039 = DIRECTION('',(-0.,0.,-1.));
#18040 = DIRECTION('',(-3.089316242435E-14,-1.,0.));
#18041 = FACE_BOUND('',#18042,.F.);
#18042 = EDGE_LOOP('',(#18043));
#18043 = ORIENTED_EDGE('',*,*,#18044,.T.);
#18044 = EDGE_CURVE('',#18045,#18045,#18047,.T.);
#18045 = VERTEX_POINT('',#18046);
#18046 = CARTESIAN_POINT('',(132.81,-116.42,0.));
#18047 = CIRCLE('',#18048,1.15);
#18048 = AXIS2_PLACEMENT_3D('',#18049,#18050,#18051);
#18049 = CARTESIAN_POINT('',(132.81,-115.27,0.));
#18050 = DIRECTION('',(-0.,0.,-1.));
#18051 = DIRECTION('',(-0.,-1.,0.));
#18052 = FACE_BOUND('',#18053,.F.);
#18053 = EDGE_LOOP('',(#18054));
#18054 = ORIENTED_EDGE('',*,*,#18055,.T.);
#18055 = EDGE_CURVE('',#18056,#18056,#18058,.T.);
#18056 = VERTEX_POINT('',#18057);
#18057 = CARTESIAN_POINT('',(145.95,-116.42,0.));
#18058 = CIRCLE('',#18059,1.15);
#18059 = AXIS2_PLACEMENT_3D('',#18060,#18061,#18062);
#18060 = CARTESIAN_POINT('',(145.95,-115.27,0.));
#18061 = DIRECTION('',(-0.,0.,-1.));
#18062 = DIRECTION('',(-0.,-1.,0.));
#18063 = FACE_BOUND('',#18064,.F.);
#18064 = EDGE_LOOP('',(#18065));
#18065 = ORIENTED_EDGE('',*,*,#18066,.T.);
#18066 = EDGE_CURVE('',#18067,#18067,#18069,.T.);
#18067 = VERTEX_POINT('',#18068);
#18068 = CARTESIAN_POINT('',(150.54,-116.44,0.));
#18069 = CIRCLE('',#18070,1.15);
#18070 = AXIS2_PLACEMENT_3D('',#18071,#18072,#18073);
#18071 = CARTESIAN_POINT('',(150.54,-115.29,0.));
#18072 = DIRECTION('',(-0.,0.,-1.));
#18073 = DIRECTION('',(-0.,-1.,0.));
#18074 = FACE_BOUND('',#18075,.F.);
#18075 = EDGE_LOOP('',(#18076));
#18076 = ORIENTED_EDGE('',*,*,#18077,.T.);
#18077 = EDGE_CURVE('',#18078,#18078,#18080,.T.);
#18078 = VERTEX_POINT('',#18079);
#18079 = CARTESIAN_POINT('',(135.88,-113.02,0.));
#18080 = CIRCLE('',#18081,0.46);
#18081 = AXIS2_PLACEMENT_3D('',#18082,#18083,#18084);
#18082 = CARTESIAN_POINT('',(135.88,-112.56,0.));
#18083 = DIRECTION('',(-0.,0.,-1.));
#18084 = DIRECTION('',(-0.,-1.,0.));
#18085 = FACE_BOUND('',#18086,.F.);
#18086 = EDGE_LOOP('',(#18087));
#18087 = ORIENTED_EDGE('',*,*,#18088,.T.);
#18088 = EDGE_CURVE('',#18089,#18089,#18091,.T.);
#18089 = VERTEX_POINT('',#18090);
#18090 = CARTESIAN_POINT('',(138.38,-113.02,0.));
#18091 = CIRCLE('',#18092,0.46);
#18092 = AXIS2_PLACEMENT_3D('',#18093,#18094,#18095);
#18093 = CARTESIAN_POINT('',(138.38,-112.56,0.));
#18094 = DIRECTION('',(-0.,0.,-1.));
#18095 = DIRECTION('',(-0.,-1.,0.));
#18096 = FACE_BOUND('',#18097,.F.);
#18097 = EDGE_LOOP('',(#18098));
#18098 = ORIENTED_EDGE('',*,*,#18099,.T.);
#18099 = EDGE_CURVE('',#18100,#18100,#18102,.T.);
#18100 = VERTEX_POINT('',#18101);
#18101 = CARTESIAN_POINT('',(140.38,-113.02,0.));
#18102 = CIRCLE('',#18103,0.46);
#18103 = AXIS2_PLACEMENT_3D('',#18104,#18105,#18106);
#18104 = CARTESIAN_POINT('',(140.38,-112.56,0.));
#18105 = DIRECTION('',(-0.,0.,-1.));
#18106 = DIRECTION('',(-0.,-1.,0.));
#18107 = FACE_BOUND('',#18108,.F.);
#18108 = EDGE_LOOP('',(#18109));
#18109 = ORIENTED_EDGE('',*,*,#18110,.T.);
#18110 = EDGE_CURVE('',#18111,#18111,#18113,.T.);
#18111 = VERTEX_POINT('',#18112);
#18112 = CARTESIAN_POINT('',(142.88,-113.02,0.));
#18113 = CIRCLE('',#18114,0.46);
#18114 = AXIS2_PLACEMENT_3D('',#18115,#18116,#18117);
#18115 = CARTESIAN_POINT('',(142.88,-112.56,0.));
#18116 = DIRECTION('',(-0.,0.,-1.));
#18117 = DIRECTION('',(-0.,-1.,0.));
#18118 = FACE_BOUND('',#18119,.F.);
#18119 = EDGE_LOOP('',(#18120));
#18120 = ORIENTED_EDGE('',*,*,#18121,.T.);
#18121 = EDGE_CURVE('',#18122,#18122,#18124,.T.);
#18122 = VERTEX_POINT('',#18123);
#18123 = CARTESIAN_POINT('',(163.68,-116.44,0.));
#18124 = CIRCLE('',#18125,1.15);
#18125 = AXIS2_PLACEMENT_3D('',#18126,#18127,#18128);
#18126 = CARTESIAN_POINT('',(163.68,-115.29,0.));
#18127 = DIRECTION('',(-0.,0.,-1.));
#18128 = DIRECTION('',(-0.,-1.,0.));
#18129 = FACE_BOUND('',#18130,.F.);
#18130 = EDGE_LOOP('',(#18131));
#18131 = ORIENTED_EDGE('',*,*,#18132,.T.);
#18132 = EDGE_CURVE('',#18133,#18133,#18135,.T.);
#18133 = VERTEX_POINT('',#18134);
#18134 = CARTESIAN_POINT('',(168.35,-116.4025,0.));
#18135 = CIRCLE('',#18136,1.15);
#18136 = AXIS2_PLACEMENT_3D('',#18137,#18138,#18139);
#18137 = CARTESIAN_POINT('',(168.35,-115.2525,0.));
#18138 = DIRECTION('',(-0.,0.,-1.));
#18139 = DIRECTION('',(-0.,-1.,0.));
#18140 = FACE_BOUND('',#18141,.F.);
#18141 = EDGE_LOOP('',(#18142));
#18142 = ORIENTED_EDGE('',*,*,#18143,.T.);
#18143 = EDGE_CURVE('',#18144,#18144,#18146,.T.);
#18144 = VERTEX_POINT('',#18145);
#18145 = CARTESIAN_POINT('',(153.61,-113.04,0.));
#18146 = CIRCLE('',#18147,0.46);
#18147 = AXIS2_PLACEMENT_3D('',#18148,#18149,#18150);
#18148 = CARTESIAN_POINT('',(153.61,-112.58,0.));
#18149 = DIRECTION('',(-0.,0.,-1.));
#18150 = DIRECTION('',(-0.,-1.,0.));
#18151 = FACE_BOUND('',#18152,.F.);
#18152 = EDGE_LOOP('',(#18153));
#18153 = ORIENTED_EDGE('',*,*,#18154,.T.);
#18154 = EDGE_CURVE('',#18155,#18155,#18157,.T.);
#18155 = VERTEX_POINT('',#18156);
#18156 = CARTESIAN_POINT('',(156.11,-113.04,0.));
#18157 = CIRCLE('',#18158,0.46);
#18158 = AXIS2_PLACEMENT_3D('',#18159,#18160,#18161);
#18159 = CARTESIAN_POINT('',(156.11,-112.58,0.));
#18160 = DIRECTION('',(-0.,0.,-1.));
#18161 = DIRECTION('',(-0.,-1.,0.));
#18162 = FACE_BOUND('',#18163,.F.);
#18163 = EDGE_LOOP('',(#18164));
#18164 = ORIENTED_EDGE('',*,*,#18165,.T.);
#18165 = EDGE_CURVE('',#18166,#18166,#18168,.T.);
#18166 = VERTEX_POINT('',#18167);
#18167 = CARTESIAN_POINT('',(158.11,-113.04,0.));
#18168 = CIRCLE('',#18169,0.46);
#18169 = AXIS2_PLACEMENT_3D('',#18170,#18171,#18172);
#18170 = CARTESIAN_POINT('',(158.11,-112.58,0.));
#18171 = DIRECTION('',(-0.,0.,-1.));
#18172 = DIRECTION('',(-0.,-1.,0.));
#18173 = FACE_BOUND('',#18174,.F.);
#18174 = EDGE_LOOP('',(#18175));
#18175 = ORIENTED_EDGE('',*,*,#18176,.T.);
#18176 = EDGE_CURVE('',#18177,#18177,#18179,.T.);
#18177 = VERTEX_POINT('',#18178);
#18178 = CARTESIAN_POINT('',(160.61,-113.04,0.));
#18179 = CIRCLE('',#18180,0.46);
#18180 = AXIS2_PLACEMENT_3D('',#18181,#18182,#18183);
#18181 = CARTESIAN_POINT('',(160.61,-112.58,0.));
#18182 = DIRECTION('',(-0.,0.,-1.));
#18183 = DIRECTION('',(-0.,-1.,0.));
#18184 = FACE_BOUND('',#18185,.F.);
#18185 = EDGE_LOOP('',(#18186));
#18186 = ORIENTED_EDGE('',*,*,#18187,.T.);
#18187 = EDGE_CURVE('',#18188,#18188,#18190,.T.);
#18188 = VERTEX_POINT('',#18189);
#18189 = CARTESIAN_POINT('',(181.49,-116.4025,0.));
#18190 = CIRCLE('',#18191,1.15);
#18191 = AXIS2_PLACEMENT_3D('',#18192,#18193,#18194);
#18192 = CARTESIAN_POINT('',(181.49,-115.2525,0.));
#18193 = DIRECTION('',(-0.,0.,-1.));
#18194 = DIRECTION('',(-0.,-1.,0.));
#18195 = FACE_BOUND('',#18196,.F.);
#18196 = EDGE_LOOP('',(#18197));
#18197 = ORIENTED_EDGE('',*,*,#18198,.T.);
#18198 = EDGE_CURVE('',#18199,#18199,#18201,.T.);
#18199 = VERTEX_POINT('',#18200);
#18200 = CARTESIAN_POINT('',(171.42,-113.0025,0.));
#18201 = CIRCLE('',#18202,0.46);
#18202 = AXIS2_PLACEMENT_3D('',#18203,#18204,#18205);
#18203 = CARTESIAN_POINT('',(171.42,-112.5425,0.));
#18204 = DIRECTION('',(-0.,0.,-1.));
#18205 = DIRECTION('',(-6.178632484871E-14,-1.,0.));
#18206 = FACE_BOUND('',#18207,.F.);
#18207 = EDGE_LOOP('',(#18208));
#18208 = ORIENTED_EDGE('',*,*,#18209,.T.);
#18209 = EDGE_CURVE('',#18210,#18210,#18212,.T.);
#18210 = VERTEX_POINT('',#18211);
#18211 = CARTESIAN_POINT('',(173.92,-113.0025,0.));
#18212 = CIRCLE('',#18213,0.46);
#18213 = AXIS2_PLACEMENT_3D('',#18214,#18215,#18216);
#18214 = CARTESIAN_POINT('',(173.92,-112.5425,0.));
#18215 = DIRECTION('',(-0.,0.,-1.));
#18216 = DIRECTION('',(-6.178632484871E-14,-1.,0.));
#18217 = FACE_BOUND('',#18218,.F.);
#18218 = EDGE_LOOP('',(#18219));
#18219 = ORIENTED_EDGE('',*,*,#18220,.T.);
#18220 = EDGE_CURVE('',#18221,#18221,#18223,.T.);
#18221 = VERTEX_POINT('',#18222);
#18222 = CARTESIAN_POINT('',(175.92,-113.0025,0.));
#18223 = CIRCLE('',#18224,0.46);
#18224 = AXIS2_PLACEMENT_3D('',#18225,#18226,#18227);
#18225 = CARTESIAN_POINT('',(175.92,-112.5425,0.));
#18226 = DIRECTION('',(-0.,0.,-1.));
#18227 = DIRECTION('',(-6.178632484871E-14,-1.,0.));
#18228 = FACE_BOUND('',#18229,.F.);
#18229 = EDGE_LOOP('',(#18230));
#18230 = ORIENTED_EDGE('',*,*,#18231,.T.);
#18231 = EDGE_CURVE('',#18232,#18232,#18234,.T.);
#18232 = VERTEX_POINT('',#18233);
#18233 = CARTESIAN_POINT('',(178.42,-113.0025,0.));
#18234 = CIRCLE('',#18235,0.46);
#18235 = AXIS2_PLACEMENT_3D('',#18236,#18237,#18238);
#18236 = CARTESIAN_POINT('',(178.42,-112.5425,0.));
#18237 = DIRECTION('',(-0.,0.,-1.));
#18238 = DIRECTION('',(-6.178632484871E-14,-1.,0.));
#18239 = FACE_BOUND('',#18240,.F.);
#18240 = EDGE_LOOP('',(#18241));
#18241 = ORIENTED_EDGE('',*,*,#18242,.T.);
#18242 = EDGE_CURVE('',#18243,#18243,#18245,.T.);
#18243 = VERTEX_POINT('',#18244);
#18244 = CARTESIAN_POINT('',(186.6525,-111.22,0.));
#18245 = CIRCLE('',#18246,1.15);
#18246 = AXIS2_PLACEMENT_3D('',#18247,#18248,#18249);
#18247 = CARTESIAN_POINT('',(186.6525,-110.07,0.));
#18248 = DIRECTION('',(-0.,0.,-1.));
#18249 = DIRECTION('',(-0.,-1.,0.));
#18250 = FACE_BOUND('',#18251,.F.);
#18251 = EDGE_LOOP('',(#18252));
#18252 = ORIENTED_EDGE('',*,*,#18253,.T.);
#18253 = EDGE_CURVE('',#18254,#18254,#18256,.T.);
#18254 = VERTEX_POINT('',#18255);
#18255 = CARTESIAN_POINT('',(183.9425,-107.46,0.));
#18256 = CIRCLE('',#18257,0.46);
#18257 = AXIS2_PLACEMENT_3D('',#18258,#18259,#18260);
#18258 = CARTESIAN_POINT('',(183.9425,-107.,0.));
#18259 = DIRECTION('',(-0.,0.,-1.));
#18260 = DIRECTION('',(-0.,-1.,0.));
#18261 = FACE_BOUND('',#18262,.F.);
#18262 = EDGE_LOOP('',(#18263));
#18263 = ORIENTED_EDGE('',*,*,#18264,.T.);
#18264 = EDGE_CURVE('',#18265,#18265,#18267,.T.);
#18265 = VERTEX_POINT('',#18266);
#18266 = CARTESIAN_POINT('',(183.9425,-104.96,0.));
#18267 = CIRCLE('',#18268,0.46);
#18268 = AXIS2_PLACEMENT_3D('',#18269,#18270,#18271);
#18269 = CARTESIAN_POINT('',(183.9425,-104.5,0.));
#18270 = DIRECTION('',(-0.,0.,-1.));
#18271 = DIRECTION('',(-0.,-1.,0.));
#18272 = FACE_BOUND('',#18273,.F.);
#18273 = EDGE_LOOP('',(#18274));
#18274 = ORIENTED_EDGE('',*,*,#18275,.T.);
#18275 = EDGE_CURVE('',#18276,#18276,#18278,.T.);
#18276 = VERTEX_POINT('',#18277);
#18277 = CARTESIAN_POINT('',(183.9425,-102.96,0.));
#18278 = CIRCLE('',#18279,0.46);
#18279 = AXIS2_PLACEMENT_3D('',#18280,#18281,#18282);
#18280 = CARTESIAN_POINT('',(183.9425,-102.5,0.));
#18281 = DIRECTION('',(-0.,0.,-1.));
#18282 = DIRECTION('',(-0.,-1.,0.));
#18283 = FACE_BOUND('',#18284,.F.);
#18284 = EDGE_LOOP('',(#18285));
#18285 = ORIENTED_EDGE('',*,*,#18286,.T.);
#18286 = EDGE_CURVE('',#18287,#18287,#18289,.T.);
#18287 = VERTEX_POINT('',#18288);
#18288 = CARTESIAN_POINT('',(183.9425,-100.46,0.));
#18289 = CIRCLE('',#18290,0.46);
#18290 = AXIS2_PLACEMENT_3D('',#18291,#18292,#18293);
#18291 = CARTESIAN_POINT('',(183.9425,-100.,0.));
#18292 = DIRECTION('',(-0.,0.,-1.));
#18293 = DIRECTION('',(-0.,-1.,0.));
#18294 = FACE_BOUND('',#18295,.F.);
#18295 = EDGE_LOOP('',(#18296));
#18296 = ORIENTED_EDGE('',*,*,#18297,.T.);
#18297 = EDGE_CURVE('',#18298,#18298,#18300,.T.);
#18298 = VERTEX_POINT('',#18299);
#18299 = CARTESIAN_POINT('',(186.6525,-98.08,0.));
#18300 = CIRCLE('',#18301,1.15);
#18301 = AXIS2_PLACEMENT_3D('',#18302,#18303,#18304);
#18302 = CARTESIAN_POINT('',(186.6525,-96.93,0.));
#18303 = DIRECTION('',(-0.,0.,-1.));
#18304 = DIRECTION('',(-0.,-1.,0.));
#18305 = PLANE('',#18306);
#18306 = AXIS2_PLACEMENT_3D('',#18307,#18308,#18309);
#18307 = CARTESIAN_POINT('',(0.,0.,0.));
#18308 = DIRECTION('',(0.,0.,1.));
#18309 = DIRECTION('',(1.,0.,-0.));
#18310 = ADVANCED_FACE('',(#18311,#18418,#18429,#18440,#18451,#18462,
    #18473,#18484,#18495,#18506,#18517,#18528,#18539,#18550,#18561,
    #18572,#18583,#18594,#18605,#18616,#18627,#18638,#18649,#18660,
    #18671,#18682,#18693,#18704,#18715,#18726,#18737),#18748,.T.);
#18311 = FACE_BOUND('',#18312,.T.);
#18312 = EDGE_LOOP('',(#18313,#18314,#18315,#18323,#18331,#18339,#18347,
    #18355,#18363,#18371,#18379,#18387,#18395,#18403,#18411,#18417));
#18313 = ORIENTED_EDGE('',*,*,#17779,.F.);
#18314 = ORIENTED_EDGE('',*,*,#17819,.F.);
#18315 = ORIENTED_EDGE('',*,*,#18316,.F.);
#18316 = EDGE_CURVE('',#18317,#17812,#18319,.T.);
#18317 = VERTEX_POINT('',#18318);
#18318 = CARTESIAN_POINT('',(128.99,-93.99,1.51));
#18319 = LINE('',#18320,#18321);
#18320 = CARTESIAN_POINT('',(128.99,-93.99,1.51));
#18321 = VECTOR('',#18322,1.);
#18322 = DIRECTION('',(1.,0.,0.));
#18323 = ORIENTED_EDGE('',*,*,#18324,.F.);
#18324 = EDGE_CURVE('',#18325,#18317,#18327,.T.);
#18325 = VERTEX_POINT('',#18326);
#18326 = CARTESIAN_POINT('',(112.93,-110.01,1.51));
#18327 = LINE('',#18328,#18329);
#18328 = CARTESIAN_POINT('',(112.93,-110.01,1.51));
#18329 = VECTOR('',#18330,1.);
#18330 = DIRECTION('',(0.707987910105,0.706224552919,0.));
#18331 = ORIENTED_EDGE('',*,*,#18332,.F.);
#18332 = EDGE_CURVE('',#18333,#18325,#18335,.T.);
#18333 = VERTEX_POINT('',#18334);
#18334 = CARTESIAN_POINT('',(112.93,-117.32,1.51));
#18335 = LINE('',#18336,#18337);
#18336 = CARTESIAN_POINT('',(112.93,-117.32,1.51));
#18337 = VECTOR('',#18338,1.);
#18338 = DIRECTION('',(0.,1.,0.));
#18339 = ORIENTED_EDGE('',*,*,#18340,.F.);
#18340 = EDGE_CURVE('',#18341,#18333,#18343,.T.);
#18341 = VERTEX_POINT('',#18342);
#18342 = CARTESIAN_POINT('',(113.83,-117.32,1.51));
#18343 = LINE('',#18344,#18345);
#18344 = CARTESIAN_POINT('',(113.83,-117.32,1.51));
#18345 = VECTOR('',#18346,1.);
#18346 = DIRECTION('',(-1.,0.,0.));
#18347 = ORIENTED_EDGE('',*,*,#18348,.F.);
#18348 = EDGE_CURVE('',#18349,#18341,#18351,.T.);
#18349 = VERTEX_POINT('',#18350);
#18350 = CARTESIAN_POINT('',(113.83,-125.99,1.51));
#18351 = LINE('',#18352,#18353);
#18352 = CARTESIAN_POINT('',(113.83,-125.99,1.51));
#18353 = VECTOR('',#18354,1.);
#18354 = DIRECTION('',(0.,1.,0.));
#18355 = ORIENTED_EDGE('',*,*,#18356,.F.);
#18356 = EDGE_CURVE('',#18357,#18349,#18359,.T.);
#18357 = VERTEX_POINT('',#18358);
#18358 = CARTESIAN_POINT('',(182.58,-125.99,1.51));
#18359 = LINE('',#18360,#18361);
#18360 = CARTESIAN_POINT('',(182.58,-125.99,1.51));
#18361 = VECTOR('',#18362,1.);
#18362 = DIRECTION('',(-1.,0.,0.));
#18363 = ORIENTED_EDGE('',*,*,#18364,.F.);
#18364 = EDGE_CURVE('',#18365,#18357,#18367,.T.);
#18365 = VERTEX_POINT('',#18366);
#18366 = CARTESIAN_POINT('',(182.58,-117.27,1.51));
#18367 = LINE('',#18368,#18369);
#18368 = CARTESIAN_POINT('',(182.58,-117.27,1.51));
#18369 = VECTOR('',#18370,1.);
#18370 = DIRECTION('',(0.,-1.,0.));
#18371 = ORIENTED_EDGE('',*,*,#18372,.F.);
#18372 = EDGE_CURVE('',#18373,#18365,#18375,.T.);
#18373 = VERTEX_POINT('',#18374);
#18374 = CARTESIAN_POINT('',(183.5,-117.27,1.51));
#18375 = LINE('',#18376,#18377);
#18376 = CARTESIAN_POINT('',(183.5,-117.27,1.51));
#18377 = VECTOR('',#18378,1.);
#18378 = DIRECTION('',(-1.,0.,0.));
#18379 = ORIENTED_EDGE('',*,*,#18380,.F.);
#18380 = EDGE_CURVE('',#18381,#18373,#18383,.T.);
#18381 = VERTEX_POINT('',#18382);
#18382 = CARTESIAN_POINT('',(183.5,-112.07,1.51));
#18383 = LINE('',#18384,#18385);
#18384 = CARTESIAN_POINT('',(183.5,-112.07,1.51));
#18385 = VECTOR('',#18386,1.);
#18386 = DIRECTION('',(0.,-1.,0.));
#18387 = ORIENTED_EDGE('',*,*,#18388,.F.);
#18388 = EDGE_CURVE('',#18389,#18381,#18391,.T.);
#18389 = VERTEX_POINT('',#18390);
#18390 = CARTESIAN_POINT('',(188.69,-112.07,1.51));
#18391 = LINE('',#18392,#18393);
#18392 = CARTESIAN_POINT('',(188.69,-112.07,1.51));
#18393 = VECTOR('',#18394,1.);
#18394 = DIRECTION('',(-1.,0.,0.));
#18395 = ORIENTED_EDGE('',*,*,#18396,.F.);
#18396 = EDGE_CURVE('',#18397,#18389,#18399,.T.);
#18397 = VERTEX_POINT('',#18398);
#18398 = CARTESIAN_POINT('',(188.69,-111.17,1.51));
#18399 = LINE('',#18400,#18401);
#18400 = CARTESIAN_POINT('',(188.69,-111.17,1.51));
#18401 = VECTOR('',#18402,1.);
#18402 = DIRECTION('',(0.,-1.,0.));
#18403 = ORIENTED_EDGE('',*,*,#18404,.F.);
#18404 = EDGE_CURVE('',#18405,#18397,#18407,.T.);
#18405 = VERTEX_POINT('',#18406);
#18406 = CARTESIAN_POINT('',(197.43,-111.17,1.51));
#18407 = LINE('',#18408,#18409);
#18408 = CARTESIAN_POINT('',(197.43,-111.17,1.51));
#18409 = VECTOR('',#18410,1.);
#18410 = DIRECTION('',(-1.,0.,0.));
#18411 = ORIENTED_EDGE('',*,*,#18412,.F.);
#18412 = EDGE_CURVE('',#17842,#18405,#18413,.T.);
#18413 = LINE('',#18414,#18415);
#18414 = CARTESIAN_POINT('',(197.43,-95.8,1.51));
#18415 = VECTOR('',#18416,1.);
#18416 = DIRECTION('',(0.,-1.,0.));
#18417 = ORIENTED_EDGE('',*,*,#17841,.F.);
#18418 = FACE_BOUND('',#18419,.T.);
#18419 = EDGE_LOOP('',(#18420));
#18420 = ORIENTED_EDGE('',*,*,#18421,.T.);
#18421 = EDGE_CURVE('',#18422,#18422,#18424,.T.);
#18422 = VERTEX_POINT('',#18423);
#18423 = CARTESIAN_POINT('',(114.89,-116.4425,1.51));
#18424 = CIRCLE('',#18425,1.15);
#18425 = AXIS2_PLACEMENT_3D('',#18426,#18427,#18428);
#18426 = CARTESIAN_POINT('',(114.89,-115.2925,1.51));
#18427 = DIRECTION('',(-0.,0.,-1.));
#18428 = DIRECTION('',(-0.,-1.,0.));
#18429 = FACE_BOUND('',#18430,.T.);
#18430 = EDGE_LOOP('',(#18431));
#18431 = ORIENTED_EDGE('',*,*,#18432,.T.);
#18432 = EDGE_CURVE('',#18433,#18433,#18435,.T.);
#18433 = VERTEX_POINT('',#18434);
#18434 = CARTESIAN_POINT('',(128.03,-116.4425,1.51));
#18435 = CIRCLE('',#18436,1.15);
#18436 = AXIS2_PLACEMENT_3D('',#18437,#18438,#18439);
#18437 = CARTESIAN_POINT('',(128.03,-115.2925,1.51));
#18438 = DIRECTION('',(-0.,0.,-1.));
#18439 = DIRECTION('',(-0.,-1.,0.));
#18440 = FACE_BOUND('',#18441,.T.);
#18441 = EDGE_LOOP('',(#18442));
#18442 = ORIENTED_EDGE('',*,*,#18443,.T.);
#18443 = EDGE_CURVE('',#18444,#18444,#18446,.T.);
#18444 = VERTEX_POINT('',#18445);
#18445 = CARTESIAN_POINT('',(117.96,-113.0425,1.51));
#18446 = CIRCLE('',#18447,0.46);
#18447 = AXIS2_PLACEMENT_3D('',#18448,#18449,#18450);
#18448 = CARTESIAN_POINT('',(117.96,-112.5825,1.51));
#18449 = DIRECTION('',(-0.,0.,-1.));
#18450 = DIRECTION('',(-3.089316242435E-14,-1.,0.));
#18451 = FACE_BOUND('',#18452,.T.);
#18452 = EDGE_LOOP('',(#18453));
#18453 = ORIENTED_EDGE('',*,*,#18454,.T.);
#18454 = EDGE_CURVE('',#18455,#18455,#18457,.T.);
#18455 = VERTEX_POINT('',#18456);
#18456 = CARTESIAN_POINT('',(120.46,-113.0425,1.51));
#18457 = CIRCLE('',#18458,0.46);
#18458 = AXIS2_PLACEMENT_3D('',#18459,#18460,#18461);
#18459 = CARTESIAN_POINT('',(120.46,-112.5825,1.51));
#18460 = DIRECTION('',(-0.,0.,-1.));
#18461 = DIRECTION('',(-3.089316242435E-14,-1.,0.));
#18462 = FACE_BOUND('',#18463,.T.);
#18463 = EDGE_LOOP('',(#18464));
#18464 = ORIENTED_EDGE('',*,*,#18465,.T.);
#18465 = EDGE_CURVE('',#18466,#18466,#18468,.T.);
#18466 = VERTEX_POINT('',#18467);
#18467 = CARTESIAN_POINT('',(122.46,-113.0425,1.51));
#18468 = CIRCLE('',#18469,0.46);
#18469 = AXIS2_PLACEMENT_3D('',#18470,#18471,#18472);
#18470 = CARTESIAN_POINT('',(122.46,-112.5825,1.51));
#18471 = DIRECTION('',(-0.,0.,-1.));
#18472 = DIRECTION('',(-3.089316242435E-14,-1.,0.));
#18473 = FACE_BOUND('',#18474,.T.);
#18474 = EDGE_LOOP('',(#18475));
#18475 = ORIENTED_EDGE('',*,*,#18476,.T.);
#18476 = EDGE_CURVE('',#18477,#18477,#18479,.T.);
#18477 = VERTEX_POINT('',#18478);
#18478 = CARTESIAN_POINT('',(124.96,-113.0425,1.51));
#18479 = CIRCLE('',#18480,0.46);
#18480 = AXIS2_PLACEMENT_3D('',#18481,#18482,#18483);
#18481 = CARTESIAN_POINT('',(124.96,-112.5825,1.51));
#18482 = DIRECTION('',(-0.,0.,-1.));
#18483 = DIRECTION('',(-3.089316242435E-14,-1.,0.));
#18484 = FACE_BOUND('',#18485,.T.);
#18485 = EDGE_LOOP('',(#18486));
#18486 = ORIENTED_EDGE('',*,*,#18487,.T.);
#18487 = EDGE_CURVE('',#18488,#18488,#18490,.T.);
#18488 = VERTEX_POINT('',#18489);
#18489 = CARTESIAN_POINT('',(132.81,-116.42,1.51));
#18490 = CIRCLE('',#18491,1.15);
#18491 = AXIS2_PLACEMENT_3D('',#18492,#18493,#18494);
#18492 = CARTESIAN_POINT('',(132.81,-115.27,1.51));
#18493 = DIRECTION('',(-0.,0.,-1.));
#18494 = DIRECTION('',(-0.,-1.,0.));
#18495 = FACE_BOUND('',#18496,.T.);
#18496 = EDGE_LOOP('',(#18497));
#18497 = ORIENTED_EDGE('',*,*,#18498,.T.);
#18498 = EDGE_CURVE('',#18499,#18499,#18501,.T.);
#18499 = VERTEX_POINT('',#18500);
#18500 = CARTESIAN_POINT('',(145.95,-116.42,1.51));
#18501 = CIRCLE('',#18502,1.15);
#18502 = AXIS2_PLACEMENT_3D('',#18503,#18504,#18505);
#18503 = CARTESIAN_POINT('',(145.95,-115.27,1.51));
#18504 = DIRECTION('',(-0.,0.,-1.));
#18505 = DIRECTION('',(-0.,-1.,0.));
#18506 = FACE_BOUND('',#18507,.T.);
#18507 = EDGE_LOOP('',(#18508));
#18508 = ORIENTED_EDGE('',*,*,#18509,.T.);
#18509 = EDGE_CURVE('',#18510,#18510,#18512,.T.);
#18510 = VERTEX_POINT('',#18511);
#18511 = CARTESIAN_POINT('',(150.54,-116.44,1.51));
#18512 = CIRCLE('',#18513,1.15);
#18513 = AXIS2_PLACEMENT_3D('',#18514,#18515,#18516);
#18514 = CARTESIAN_POINT('',(150.54,-115.29,1.51));
#18515 = DIRECTION('',(-0.,0.,-1.));
#18516 = DIRECTION('',(-0.,-1.,0.));
#18517 = FACE_BOUND('',#18518,.T.);
#18518 = EDGE_LOOP('',(#18519));
#18519 = ORIENTED_EDGE('',*,*,#18520,.T.);
#18520 = EDGE_CURVE('',#18521,#18521,#18523,.T.);
#18521 = VERTEX_POINT('',#18522);
#18522 = CARTESIAN_POINT('',(135.88,-113.02,1.51));
#18523 = CIRCLE('',#18524,0.46);
#18524 = AXIS2_PLACEMENT_3D('',#18525,#18526,#18527);
#18525 = CARTESIAN_POINT('',(135.88,-112.56,1.51));
#18526 = DIRECTION('',(-0.,0.,-1.));
#18527 = DIRECTION('',(-0.,-1.,0.));
#18528 = FACE_BOUND('',#18529,.T.);
#18529 = EDGE_LOOP('',(#18530));
#18530 = ORIENTED_EDGE('',*,*,#18531,.T.);
#18531 = EDGE_CURVE('',#18532,#18532,#18534,.T.);
#18532 = VERTEX_POINT('',#18533);
#18533 = CARTESIAN_POINT('',(138.38,-113.02,1.51));
#18534 = CIRCLE('',#18535,0.46);
#18535 = AXIS2_PLACEMENT_3D('',#18536,#18537,#18538);
#18536 = CARTESIAN_POINT('',(138.38,-112.56,1.51));
#18537 = DIRECTION('',(-0.,0.,-1.));
#18538 = DIRECTION('',(-0.,-1.,0.));
#18539 = FACE_BOUND('',#18540,.T.);
#18540 = EDGE_LOOP('',(#18541));
#18541 = ORIENTED_EDGE('',*,*,#18542,.T.);
#18542 = EDGE_CURVE('',#18543,#18543,#18545,.T.);
#18543 = VERTEX_POINT('',#18544);
#18544 = CARTESIAN_POINT('',(140.38,-113.02,1.51));
#18545 = CIRCLE('',#18546,0.46);
#18546 = AXIS2_PLACEMENT_3D('',#18547,#18548,#18549);
#18547 = CARTESIAN_POINT('',(140.38,-112.56,1.51));
#18548 = DIRECTION('',(-0.,0.,-1.));
#18549 = DIRECTION('',(-0.,-1.,0.));
#18550 = FACE_BOUND('',#18551,.T.);
#18551 = EDGE_LOOP('',(#18552));
#18552 = ORIENTED_EDGE('',*,*,#18553,.T.);
#18553 = EDGE_CURVE('',#18554,#18554,#18556,.T.);
#18554 = VERTEX_POINT('',#18555);
#18555 = CARTESIAN_POINT('',(142.88,-113.02,1.51));
#18556 = CIRCLE('',#18557,0.46);
#18557 = AXIS2_PLACEMENT_3D('',#18558,#18559,#18560);
#18558 = CARTESIAN_POINT('',(142.88,-112.56,1.51));
#18559 = DIRECTION('',(-0.,0.,-1.));
#18560 = DIRECTION('',(-0.,-1.,0.));
#18561 = FACE_BOUND('',#18562,.T.);
#18562 = EDGE_LOOP('',(#18563));
#18563 = ORIENTED_EDGE('',*,*,#18564,.T.);
#18564 = EDGE_CURVE('',#18565,#18565,#18567,.T.);
#18565 = VERTEX_POINT('',#18566);
#18566 = CARTESIAN_POINT('',(163.68,-116.44,1.51));
#18567 = CIRCLE('',#18568,1.15);
#18568 = AXIS2_PLACEMENT_3D('',#18569,#18570,#18571);
#18569 = CARTESIAN_POINT('',(163.68,-115.29,1.51));
#18570 = DIRECTION('',(-0.,0.,-1.));
#18571 = DIRECTION('',(-0.,-1.,0.));
#18572 = FACE_BOUND('',#18573,.T.);
#18573 = EDGE_LOOP('',(#18574));
#18574 = ORIENTED_EDGE('',*,*,#18575,.T.);
#18575 = EDGE_CURVE('',#18576,#18576,#18578,.T.);
#18576 = VERTEX_POINT('',#18577);
#18577 = CARTESIAN_POINT('',(168.35,-116.4025,1.51));
#18578 = CIRCLE('',#18579,1.15);
#18579 = AXIS2_PLACEMENT_3D('',#18580,#18581,#18582);
#18580 = CARTESIAN_POINT('',(168.35,-115.2525,1.51));
#18581 = DIRECTION('',(-0.,0.,-1.));
#18582 = DIRECTION('',(-0.,-1.,0.));
#18583 = FACE_BOUND('',#18584,.T.);
#18584 = EDGE_LOOP('',(#18585));
#18585 = ORIENTED_EDGE('',*,*,#18586,.T.);
#18586 = EDGE_CURVE('',#18587,#18587,#18589,.T.);
#18587 = VERTEX_POINT('',#18588);
#18588 = CARTESIAN_POINT('',(153.61,-113.04,1.51));
#18589 = CIRCLE('',#18590,0.46);
#18590 = AXIS2_PLACEMENT_3D('',#18591,#18592,#18593);
#18591 = CARTESIAN_POINT('',(153.61,-112.58,1.51));
#18592 = DIRECTION('',(-0.,0.,-1.));
#18593 = DIRECTION('',(-0.,-1.,0.));
#18594 = FACE_BOUND('',#18595,.T.);
#18595 = EDGE_LOOP('',(#18596));
#18596 = ORIENTED_EDGE('',*,*,#18597,.T.);
#18597 = EDGE_CURVE('',#18598,#18598,#18600,.T.);
#18598 = VERTEX_POINT('',#18599);
#18599 = CARTESIAN_POINT('',(156.11,-113.04,1.51));
#18600 = CIRCLE('',#18601,0.46);
#18601 = AXIS2_PLACEMENT_3D('',#18602,#18603,#18604);
#18602 = CARTESIAN_POINT('',(156.11,-112.58,1.51));
#18603 = DIRECTION('',(-0.,0.,-1.));
#18604 = DIRECTION('',(-0.,-1.,0.));
#18605 = FACE_BOUND('',#18606,.T.);
#18606 = EDGE_LOOP('',(#18607));
#18607 = ORIENTED_EDGE('',*,*,#18608,.T.);
#18608 = EDGE_CURVE('',#18609,#18609,#18611,.T.);
#18609 = VERTEX_POINT('',#18610);
#18610 = CARTESIAN_POINT('',(158.11,-113.04,1.51));
#18611 = CIRCLE('',#18612,0.46);
#18612 = AXIS2_PLACEMENT_3D('',#18613,#18614,#18615);
#18613 = CARTESIAN_POINT('',(158.11,-112.58,1.51));
#18614 = DIRECTION('',(-0.,0.,-1.));
#18615 = DIRECTION('',(-0.,-1.,0.));
#18616 = FACE_BOUND('',#18617,.T.);
#18617 = EDGE_LOOP('',(#18618));
#18618 = ORIENTED_EDGE('',*,*,#18619,.T.);
#18619 = EDGE_CURVE('',#18620,#18620,#18622,.T.);
#18620 = VERTEX_POINT('',#18621);
#18621 = CARTESIAN_POINT('',(160.61,-113.04,1.51));
#18622 = CIRCLE('',#18623,0.46);
#18623 = AXIS2_PLACEMENT_3D('',#18624,#18625,#18626);
#18624 = CARTESIAN_POINT('',(160.61,-112.58,1.51));
#18625 = DIRECTION('',(-0.,0.,-1.));
#18626 = DIRECTION('',(-0.,-1.,0.));
#18627 = FACE_BOUND('',#18628,.T.);
#18628 = EDGE_LOOP('',(#18629));
#18629 = ORIENTED_EDGE('',*,*,#18630,.T.);
#18630 = EDGE_CURVE('',#18631,#18631,#18633,.T.);
#18631 = VERTEX_POINT('',#18632);
#18632 = CARTESIAN_POINT('',(181.49,-116.4025,1.51));
#18633 = CIRCLE('',#18634,1.15);
#18634 = AXIS2_PLACEMENT_3D('',#18635,#18636,#18637);
#18635 = CARTESIAN_POINT('',(181.49,-115.2525,1.51));
#18636 = DIRECTION('',(-0.,0.,-1.));
#18637 = DIRECTION('',(-0.,-1.,0.));
#18638 = FACE_BOUND('',#18639,.T.);
#18639 = EDGE_LOOP('',(#18640));
#18640 = ORIENTED_EDGE('',*,*,#18641,.T.);
#18641 = EDGE_CURVE('',#18642,#18642,#18644,.T.);
#18642 = VERTEX_POINT('',#18643);
#18643 = CARTESIAN_POINT('',(171.42,-113.0025,1.51));
#18644 = CIRCLE('',#18645,0.46);
#18645 = AXIS2_PLACEMENT_3D('',#18646,#18647,#18648);
#18646 = CARTESIAN_POINT('',(171.42,-112.5425,1.51));
#18647 = DIRECTION('',(-0.,0.,-1.));
#18648 = DIRECTION('',(-6.178632484871E-14,-1.,0.));
#18649 = FACE_BOUND('',#18650,.T.);
#18650 = EDGE_LOOP('',(#18651));
#18651 = ORIENTED_EDGE('',*,*,#18652,.T.);
#18652 = EDGE_CURVE('',#18653,#18653,#18655,.T.);
#18653 = VERTEX_POINT('',#18654);
#18654 = CARTESIAN_POINT('',(173.92,-113.0025,1.51));
#18655 = CIRCLE('',#18656,0.46);
#18656 = AXIS2_PLACEMENT_3D('',#18657,#18658,#18659);
#18657 = CARTESIAN_POINT('',(173.92,-112.5425,1.51));
#18658 = DIRECTION('',(-0.,0.,-1.));
#18659 = DIRECTION('',(-6.178632484871E-14,-1.,0.));
#18660 = FACE_BOUND('',#18661,.T.);
#18661 = EDGE_LOOP('',(#18662));
#18662 = ORIENTED_EDGE('',*,*,#18663,.T.);
#18663 = EDGE_CURVE('',#18664,#18664,#18666,.T.);
#18664 = VERTEX_POINT('',#18665);
#18665 = CARTESIAN_POINT('',(175.92,-113.0025,1.51));
#18666 = CIRCLE('',#18667,0.46);
#18667 = AXIS2_PLACEMENT_3D('',#18668,#18669,#18670);
#18668 = CARTESIAN_POINT('',(175.92,-112.5425,1.51));
#18669 = DIRECTION('',(-0.,0.,-1.));
#18670 = DIRECTION('',(-6.178632484871E-14,-1.,0.));
#18671 = FACE_BOUND('',#18672,.T.);
#18672 = EDGE_LOOP('',(#18673));
#18673 = ORIENTED_EDGE('',*,*,#18674,.T.);
#18674 = EDGE_CURVE('',#18675,#18675,#18677,.T.);
#18675 = VERTEX_POINT('',#18676);
#18676 = CARTESIAN_POINT('',(178.42,-113.0025,1.51));
#18677 = CIRCLE('',#18678,0.46);
#18678 = AXIS2_PLACEMENT_3D('',#18679,#18680,#18681);
#18679 = CARTESIAN_POINT('',(178.42,-112.5425,1.51));
#18680 = DIRECTION('',(-0.,0.,-1.));
#18681 = DIRECTION('',(-6.178632484871E-14,-1.,0.));
#18682 = FACE_BOUND('',#18683,.T.);
#18683 = EDGE_LOOP('',(#18684));
#18684 = ORIENTED_EDGE('',*,*,#18685,.T.);
#18685 = EDGE_CURVE('',#18686,#18686,#18688,.T.);
#18686 = VERTEX_POINT('',#18687);
#18687 = CARTESIAN_POINT('',(186.6525,-111.22,1.51));
#18688 = CIRCLE('',#18689,1.15);
#18689 = AXIS2_PLACEMENT_3D('',#18690,#18691,#18692);
#18690 = CARTESIAN_POINT('',(186.6525,-110.07,1.51));
#18691 = DIRECTION('',(-0.,0.,-1.));
#18692 = DIRECTION('',(-0.,-1.,0.));
#18693 = FACE_BOUND('',#18694,.T.);
#18694 = EDGE_LOOP('',(#18695));
#18695 = ORIENTED_EDGE('',*,*,#18696,.T.);
#18696 = EDGE_CURVE('',#18697,#18697,#18699,.T.);
#18697 = VERTEX_POINT('',#18698);
#18698 = CARTESIAN_POINT('',(183.9425,-107.46,1.51));
#18699 = CIRCLE('',#18700,0.46);
#18700 = AXIS2_PLACEMENT_3D('',#18701,#18702,#18703);
#18701 = CARTESIAN_POINT('',(183.9425,-107.,1.51));
#18702 = DIRECTION('',(-0.,0.,-1.));
#18703 = DIRECTION('',(-0.,-1.,0.));
#18704 = FACE_BOUND('',#18705,.T.);
#18705 = EDGE_LOOP('',(#18706));
#18706 = ORIENTED_EDGE('',*,*,#18707,.T.);
#18707 = EDGE_CURVE('',#18708,#18708,#18710,.T.);
#18708 = VERTEX_POINT('',#18709);
#18709 = CARTESIAN_POINT('',(183.9425,-104.96,1.51));
#18710 = CIRCLE('',#18711,0.46);
#18711 = AXIS2_PLACEMENT_3D('',#18712,#18713,#18714);
#18712 = CARTESIAN_POINT('',(183.9425,-104.5,1.51));
#18713 = DIRECTION('',(-0.,0.,-1.));
#18714 = DIRECTION('',(-0.,-1.,0.));
#18715 = FACE_BOUND('',#18716,.T.);
#18716 = EDGE_LOOP('',(#18717));
#18717 = ORIENTED_EDGE('',*,*,#18718,.T.);
#18718 = EDGE_CURVE('',#18719,#18719,#18721,.T.);
#18719 = VERTEX_POINT('',#18720);
#18720 = CARTESIAN_POINT('',(183.9425,-102.96,1.51));
#18721 = CIRCLE('',#18722,0.46);
#18722 = AXIS2_PLACEMENT_3D('',#18723,#18724,#18725);
#18723 = CARTESIAN_POINT('',(183.9425,-102.5,1.51));
#18724 = DIRECTION('',(-0.,0.,-1.));
#18725 = DIRECTION('',(-0.,-1.,0.));
#18726 = FACE_BOUND('',#18727,.T.);
#18727 = EDGE_LOOP('',(#18728));
#18728 = ORIENTED_EDGE('',*,*,#18729,.T.);
#18729 = EDGE_CURVE('',#18730,#18730,#18732,.T.);
#18730 = VERTEX_POINT('',#18731);
#18731 = CARTESIAN_POINT('',(183.9425,-100.46,1.51));
#18732 = CIRCLE('',#18733,0.46);
#18733 = AXIS2_PLACEMENT_3D('',#18734,#18735,#18736);
#18734 = CARTESIAN_POINT('',(183.9425,-100.,1.51));
#18735 = DIRECTION('',(-0.,0.,-1.));
#18736 = DIRECTION('',(-0.,-1.,0.));
#18737 = FACE_BOUND('',#18738,.T.);
#18738 = EDGE_LOOP('',(#18739));
#18739 = ORIENTED_EDGE('',*,*,#18740,.T.);
#18740 = EDGE_CURVE('',#18741,#18741,#18743,.T.);
#18741 = VERTEX_POINT('',#18742);
#18742 = CARTESIAN_POINT('',(186.6525,-98.08,1.51));
#18743 = CIRCLE('',#18744,1.15);
#18744 = AXIS2_PLACEMENT_3D('',#18745,#18746,#18747);
#18745 = CARTESIAN_POINT('',(186.6525,-96.93,1.51));
#18746 = DIRECTION('',(-0.,0.,-1.));
#18747 = DIRECTION('',(-0.,-1.,0.));
#18748 = PLANE('',#18749);
#18749 = AXIS2_PLACEMENT_3D('',#18750,#18751,#18752);
#18750 = CARTESIAN_POINT('',(0.,0.,1.51));
#18751 = DIRECTION('',(0.,0.,1.));
#18752 = DIRECTION('',(1.,0.,-0.));
#18753 = ADVANCED_FACE('',(#18754),#18765,.T.);
#18754 = FACE_BOUND('',#18755,.T.);
#18755 = EDGE_LOOP('',(#18756,#18762,#18763,#18764));
#18756 = ORIENTED_EDGE('',*,*,#18757,.T.);
#18757 = EDGE_CURVE('',#17874,#18317,#18758,.T.);
#18758 = LINE('',#18759,#18760);
#18759 = CARTESIAN_POINT('',(128.99,-93.99,0.));
#18760 = VECTOR('',#18761,1.);
#18761 = DIRECTION('',(0.,0.,1.));
#18762 = ORIENTED_EDGE('',*,*,#18316,.T.);
#18763 = ORIENTED_EDGE('',*,*,#17809,.F.);
#18764 = ORIENTED_EDGE('',*,*,#17873,.F.);
#18765 = PLANE('',#18766);
#18766 = AXIS2_PLACEMENT_3D('',#18767,#18768,#18769);
#18767 = CARTESIAN_POINT('',(128.99,-93.99,0.));
#18768 = DIRECTION('',(0.,1.,0.));
#18769 = DIRECTION('',(1.,0.,0.));
#18770 = ADVANCED_FACE('',(#18771),#18782,.T.);
#18771 = FACE_BOUND('',#18772,.T.);
#18772 = EDGE_LOOP('',(#18773,#18774,#18775,#18781));
#18773 = ORIENTED_EDGE('',*,*,#17849,.T.);
#18774 = ORIENTED_EDGE('',*,*,#18412,.T.);
#18775 = ORIENTED_EDGE('',*,*,#18776,.F.);
#18776 = EDGE_CURVE('',#17962,#18405,#18777,.T.);
#18777 = LINE('',#18778,#18779);
#18778 = CARTESIAN_POINT('',(197.43,-111.17,0.));
#18779 = VECTOR('',#18780,1.);
#18780 = DIRECTION('',(0.,0.,1.));
#18781 = ORIENTED_EDGE('',*,*,#17969,.F.);
#18782 = PLANE('',#18783);
#18783 = AXIS2_PLACEMENT_3D('',#18784,#18785,#18786);
#18784 = CARTESIAN_POINT('',(197.43,-95.8,0.));
#18785 = DIRECTION('',(1.,0.,-0.));
#18786 = DIRECTION('',(0.,-1.,0.));
#18787 = ADVANCED_FACE('',(#18788),#18799,.T.);
#18788 = FACE_BOUND('',#18789,.T.);
#18789 = EDGE_LOOP('',(#18790,#18796,#18797,#18798));
#18790 = ORIENTED_EDGE('',*,*,#18791,.T.);
#18791 = EDGE_CURVE('',#17882,#18325,#18792,.T.);
#18792 = LINE('',#18793,#18794);
#18793 = CARTESIAN_POINT('',(112.93,-110.01,0.));
#18794 = VECTOR('',#18795,1.);
#18795 = DIRECTION('',(0.,0.,1.));
#18796 = ORIENTED_EDGE('',*,*,#18324,.T.);
#18797 = ORIENTED_EDGE('',*,*,#18757,.F.);
#18798 = ORIENTED_EDGE('',*,*,#17881,.F.);
#18799 = PLANE('',#18800);
#18800 = AXIS2_PLACEMENT_3D('',#18801,#18802,#18803);
#18801 = CARTESIAN_POINT('',(112.93,-110.01,0.));
#18802 = DIRECTION('',(-0.706224552919,0.707987910105,0.));
#18803 = DIRECTION('',(0.707987910105,0.706224552919,0.));
#18804 = ADVANCED_FACE('',(#18805),#18816,.T.);
#18805 = FACE_BOUND('',#18806,.T.);
#18806 = EDGE_LOOP('',(#18807,#18808,#18809,#18815));
#18807 = ORIENTED_EDGE('',*,*,#18776,.T.);
#18808 = ORIENTED_EDGE('',*,*,#18404,.T.);
#18809 = ORIENTED_EDGE('',*,*,#18810,.F.);
#18810 = EDGE_CURVE('',#17954,#18397,#18811,.T.);
#18811 = LINE('',#18812,#18813);
#18812 = CARTESIAN_POINT('',(188.69,-111.17,0.));
#18813 = VECTOR('',#18814,1.);
#18814 = DIRECTION('',(0.,0.,1.));
#18815 = ORIENTED_EDGE('',*,*,#17961,.F.);
#18816 = PLANE('',#18817);
#18817 = AXIS2_PLACEMENT_3D('',#18818,#18819,#18820);
#18818 = CARTESIAN_POINT('',(197.43,-111.17,0.));
#18819 = DIRECTION('',(0.,-1.,0.));
#18820 = DIRECTION('',(-1.,0.,0.));
#18821 = ADVANCED_FACE('',(#18822),#18833,.T.);
#18822 = FACE_BOUND('',#18823,.T.);
#18823 = EDGE_LOOP('',(#18824,#18830,#18831,#18832));
#18824 = ORIENTED_EDGE('',*,*,#18825,.T.);
#18825 = EDGE_CURVE('',#17890,#18333,#18826,.T.);
#18826 = LINE('',#18827,#18828);
#18827 = CARTESIAN_POINT('',(112.93,-117.32,0.));
#18828 = VECTOR('',#18829,1.);
#18829 = DIRECTION('',(0.,0.,1.));
#18830 = ORIENTED_EDGE('',*,*,#18332,.T.);
#18831 = ORIENTED_EDGE('',*,*,#18791,.F.);
#18832 = ORIENTED_EDGE('',*,*,#17889,.F.);
#18833 = PLANE('',#18834);
#18834 = AXIS2_PLACEMENT_3D('',#18835,#18836,#18837);
#18835 = CARTESIAN_POINT('',(112.93,-117.32,0.));
#18836 = DIRECTION('',(-1.,0.,0.));
#18837 = DIRECTION('',(0.,1.,0.));
#18838 = ADVANCED_FACE('',(#18839),#18850,.T.);
#18839 = FACE_BOUND('',#18840,.T.);
#18840 = EDGE_LOOP('',(#18841,#18842,#18843,#18849));
#18841 = ORIENTED_EDGE('',*,*,#18810,.T.);
#18842 = ORIENTED_EDGE('',*,*,#18396,.T.);
#18843 = ORIENTED_EDGE('',*,*,#18844,.F.);
#18844 = EDGE_CURVE('',#17946,#18389,#18845,.T.);
#18845 = LINE('',#18846,#18847);
#18846 = CARTESIAN_POINT('',(188.69,-112.07,0.));
#18847 = VECTOR('',#18848,1.);
#18848 = DIRECTION('',(0.,0.,1.));
#18849 = ORIENTED_EDGE('',*,*,#17953,.F.);
#18850 = PLANE('',#18851);
#18851 = AXIS2_PLACEMENT_3D('',#18852,#18853,#18854);
#18852 = CARTESIAN_POINT('',(188.69,-111.17,0.));
#18853 = DIRECTION('',(1.,0.,-0.));
#18854 = DIRECTION('',(0.,-1.,0.));
#18855 = ADVANCED_FACE('',(#18856),#18867,.T.);
#18856 = FACE_BOUND('',#18857,.T.);
#18857 = EDGE_LOOP('',(#18858,#18864,#18865,#18866));
#18858 = ORIENTED_EDGE('',*,*,#18859,.T.);
#18859 = EDGE_CURVE('',#17898,#18341,#18860,.T.);
#18860 = LINE('',#18861,#18862);
#18861 = CARTESIAN_POINT('',(113.83,-117.32,0.));
#18862 = VECTOR('',#18863,1.);
#18863 = DIRECTION('',(0.,0.,1.));
#18864 = ORIENTED_EDGE('',*,*,#18340,.T.);
#18865 = ORIENTED_EDGE('',*,*,#18825,.F.);
#18866 = ORIENTED_EDGE('',*,*,#17897,.F.);
#18867 = PLANE('',#18868);
#18868 = AXIS2_PLACEMENT_3D('',#18869,#18870,#18871);
#18869 = CARTESIAN_POINT('',(113.83,-117.32,0.));
#18870 = DIRECTION('',(0.,-1.,0.));
#18871 = DIRECTION('',(-1.,0.,0.));
#18872 = ADVANCED_FACE('',(#18873),#18884,.T.);
#18873 = FACE_BOUND('',#18874,.T.);
#18874 = EDGE_LOOP('',(#18875,#18876,#18877,#18883));
#18875 = ORIENTED_EDGE('',*,*,#18844,.T.);
#18876 = ORIENTED_EDGE('',*,*,#18388,.T.);
#18877 = ORIENTED_EDGE('',*,*,#18878,.F.);
#18878 = EDGE_CURVE('',#17938,#18381,#18879,.T.);
#18879 = LINE('',#18880,#18881);
#18880 = CARTESIAN_POINT('',(183.5,-112.07,0.));
#18881 = VECTOR('',#18882,1.);
#18882 = DIRECTION('',(0.,0.,1.));
#18883 = ORIENTED_EDGE('',*,*,#17945,.F.);
#18884 = PLANE('',#18885);
#18885 = AXIS2_PLACEMENT_3D('',#18886,#18887,#18888);
#18886 = CARTESIAN_POINT('',(188.69,-112.07,0.));
#18887 = DIRECTION('',(0.,-1.,0.));
#18888 = DIRECTION('',(-1.,0.,0.));
#18889 = ADVANCED_FACE('',(#18890),#18901,.T.);
#18890 = FACE_BOUND('',#18891,.T.);
#18891 = EDGE_LOOP('',(#18892,#18898,#18899,#18900));
#18892 = ORIENTED_EDGE('',*,*,#18893,.T.);
#18893 = EDGE_CURVE('',#17906,#18349,#18894,.T.);
#18894 = LINE('',#18895,#18896);
#18895 = CARTESIAN_POINT('',(113.83,-125.99,0.));
#18896 = VECTOR('',#18897,1.);
#18897 = DIRECTION('',(0.,0.,1.));
#18898 = ORIENTED_EDGE('',*,*,#18348,.T.);
#18899 = ORIENTED_EDGE('',*,*,#18859,.F.);
#18900 = ORIENTED_EDGE('',*,*,#17905,.F.);
#18901 = PLANE('',#18902);
#18902 = AXIS2_PLACEMENT_3D('',#18903,#18904,#18905);
#18903 = CARTESIAN_POINT('',(113.83,-125.99,0.));
#18904 = DIRECTION('',(-1.,0.,0.));
#18905 = DIRECTION('',(0.,1.,0.));
#18906 = ADVANCED_FACE('',(#18907),#18918,.T.);
#18907 = FACE_BOUND('',#18908,.T.);
#18908 = EDGE_LOOP('',(#18909,#18910,#18911,#18917));
#18909 = ORIENTED_EDGE('',*,*,#18878,.T.);
#18910 = ORIENTED_EDGE('',*,*,#18380,.T.);
#18911 = ORIENTED_EDGE('',*,*,#18912,.F.);
#18912 = EDGE_CURVE('',#17930,#18373,#18913,.T.);
#18913 = LINE('',#18914,#18915);
#18914 = CARTESIAN_POINT('',(183.5,-117.27,0.));
#18915 = VECTOR('',#18916,1.);
#18916 = DIRECTION('',(0.,0.,1.));
#18917 = ORIENTED_EDGE('',*,*,#17937,.F.);
#18918 = PLANE('',#18919);
#18919 = AXIS2_PLACEMENT_3D('',#18920,#18921,#18922);
#18920 = CARTESIAN_POINT('',(183.5,-112.07,0.));
#18921 = DIRECTION('',(1.,0.,-0.));
#18922 = DIRECTION('',(0.,-1.,0.));
#18923 = ADVANCED_FACE('',(#18924),#18935,.T.);
#18924 = FACE_BOUND('',#18925,.T.);
#18925 = EDGE_LOOP('',(#18926,#18932,#18933,#18934));
#18926 = ORIENTED_EDGE('',*,*,#18927,.T.);
#18927 = EDGE_CURVE('',#17914,#18357,#18928,.T.);
#18928 = LINE('',#18929,#18930);
#18929 = CARTESIAN_POINT('',(182.58,-125.99,0.));
#18930 = VECTOR('',#18931,1.);
#18931 = DIRECTION('',(0.,0.,1.));
#18932 = ORIENTED_EDGE('',*,*,#18356,.T.);
#18933 = ORIENTED_EDGE('',*,*,#18893,.F.);
#18934 = ORIENTED_EDGE('',*,*,#17913,.F.);
#18935 = PLANE('',#18936);
#18936 = AXIS2_PLACEMENT_3D('',#18937,#18938,#18939);
#18937 = CARTESIAN_POINT('',(182.58,-125.99,0.));
#18938 = DIRECTION('',(0.,-1.,0.));
#18939 = DIRECTION('',(-1.,0.,0.));
#18940 = ADVANCED_FACE('',(#18941),#18952,.T.);
#18941 = FACE_BOUND('',#18942,.T.);
#18942 = EDGE_LOOP('',(#18943,#18944,#18945,#18951));
#18943 = ORIENTED_EDGE('',*,*,#18912,.T.);
#18944 = ORIENTED_EDGE('',*,*,#18372,.T.);
#18945 = ORIENTED_EDGE('',*,*,#18946,.F.);
#18946 = EDGE_CURVE('',#17922,#18365,#18947,.T.);
#18947 = LINE('',#18948,#18949);
#18948 = CARTESIAN_POINT('',(182.58,-117.27,0.));
#18949 = VECTOR('',#18950,1.);
#18950 = DIRECTION('',(0.,0.,1.));
#18951 = ORIENTED_EDGE('',*,*,#17929,.F.);
#18952 = PLANE('',#18953);
#18953 = AXIS2_PLACEMENT_3D('',#18954,#18955,#18956);
#18954 = CARTESIAN_POINT('',(183.5,-117.27,0.));
#18955 = DIRECTION('',(0.,-1.,0.));
#18956 = DIRECTION('',(-1.,0.,0.));
#18957 = ADVANCED_FACE('',(#18958),#18964,.T.);
#18958 = FACE_BOUND('',#18959,.T.);
#18959 = EDGE_LOOP('',(#18960,#18961,#18962,#18963));
#18960 = ORIENTED_EDGE('',*,*,#18946,.T.);
#18961 = ORIENTED_EDGE('',*,*,#18364,.T.);
#18962 = ORIENTED_EDGE('',*,*,#18927,.F.);
#18963 = ORIENTED_EDGE('',*,*,#17921,.F.);
#18964 = PLANE('',#18965);
#18965 = AXIS2_PLACEMENT_3D('',#18966,#18967,#18968);
#18966 = CARTESIAN_POINT('',(182.58,-117.27,0.));
#18967 = DIRECTION('',(1.,0.,-0.));
#18968 = DIRECTION('',(0.,-1.,0.));
#18969 = ADVANCED_FACE('',(#18970),#18981,.F.);
#18970 = FACE_BOUND('',#18971,.T.);
#18971 = EDGE_LOOP('',(#18972,#18973,#18979,#18980));
#18972 = ORIENTED_EDGE('',*,*,#17978,.T.);
#18973 = ORIENTED_EDGE('',*,*,#18974,.T.);
#18974 = EDGE_CURVE('',#17979,#18422,#18975,.T.);
#18975 = LINE('',#18976,#18977);
#18976 = CARTESIAN_POINT('',(114.89,-116.4425,-4.6E-02));
#18977 = VECTOR('',#18978,1.);
#18978 = DIRECTION('',(0.,0.,1.));
#18979 = ORIENTED_EDGE('',*,*,#18421,.F.);
#18980 = ORIENTED_EDGE('',*,*,#18974,.F.);
#18981 = CYLINDRICAL_SURFACE('',#18982,1.15);
#18982 = AXIS2_PLACEMENT_3D('',#18983,#18984,#18985);
#18983 = CARTESIAN_POINT('',(114.89,-115.2925,-4.6E-02));
#18984 = DIRECTION('',(-0.,-0.,-1.));
#18985 = DIRECTION('',(-0.,-1.,0.));
#18986 = ADVANCED_FACE('',(#18987),#18998,.F.);
#18987 = FACE_BOUND('',#18988,.T.);
#18988 = EDGE_LOOP('',(#18989,#18990,#18996,#18997));
#18989 = ORIENTED_EDGE('',*,*,#17989,.T.);
#18990 = ORIENTED_EDGE('',*,*,#18991,.T.);
#18991 = EDGE_CURVE('',#17990,#18433,#18992,.T.);
#18992 = LINE('',#18993,#18994);
#18993 = CARTESIAN_POINT('',(128.03,-116.4425,-4.6E-02));
#18994 = VECTOR('',#18995,1.);
#18995 = DIRECTION('',(0.,0.,1.));
#18996 = ORIENTED_EDGE('',*,*,#18432,.F.);
#18997 = ORIENTED_EDGE('',*,*,#18991,.F.);
#18998 = CYLINDRICAL_SURFACE('',#18999,1.15);
#18999 = AXIS2_PLACEMENT_3D('',#19000,#19001,#19002);
#19000 = CARTESIAN_POINT('',(128.03,-115.2925,-4.6E-02));
#19001 = DIRECTION('',(-0.,-0.,-1.));
#19002 = DIRECTION('',(-0.,-1.,0.));
#19003 = ADVANCED_FACE('',(#19004),#19015,.F.);
#19004 = FACE_BOUND('',#19005,.T.);
#19005 = EDGE_LOOP('',(#19006,#19007,#19013,#19014));
#19006 = ORIENTED_EDGE('',*,*,#18000,.T.);
#19007 = ORIENTED_EDGE('',*,*,#19008,.T.);
#19008 = EDGE_CURVE('',#18001,#18444,#19009,.T.);
#19009 = LINE('',#19010,#19011);
#19010 = CARTESIAN_POINT('',(117.96,-113.0425,-4.6E-02));
#19011 = VECTOR('',#19012,1.);
#19012 = DIRECTION('',(0.,0.,1.));
#19013 = ORIENTED_EDGE('',*,*,#18443,.F.);
#19014 = ORIENTED_EDGE('',*,*,#19008,.F.);
#19015 = CYLINDRICAL_SURFACE('',#19016,0.46);
#19016 = AXIS2_PLACEMENT_3D('',#19017,#19018,#19019);
#19017 = CARTESIAN_POINT('',(117.96,-112.5825,-4.6E-02));
#19018 = DIRECTION('',(-0.,-0.,-1.));
#19019 = DIRECTION('',(-3.089316242435E-14,-1.,0.));
#19020 = ADVANCED_FACE('',(#19021),#19032,.F.);
#19021 = FACE_BOUND('',#19022,.T.);
#19022 = EDGE_LOOP('',(#19023,#19024,#19030,#19031));
#19023 = ORIENTED_EDGE('',*,*,#18011,.T.);
#19024 = ORIENTED_EDGE('',*,*,#19025,.T.);
#19025 = EDGE_CURVE('',#18012,#18455,#19026,.T.);
#19026 = LINE('',#19027,#19028);
#19027 = CARTESIAN_POINT('',(120.46,-113.0425,-4.6E-02));
#19028 = VECTOR('',#19029,1.);
#19029 = DIRECTION('',(0.,0.,1.));
#19030 = ORIENTED_EDGE('',*,*,#18454,.F.);
#19031 = ORIENTED_EDGE('',*,*,#19025,.F.);
#19032 = CYLINDRICAL_SURFACE('',#19033,0.46);
#19033 = AXIS2_PLACEMENT_3D('',#19034,#19035,#19036);
#19034 = CARTESIAN_POINT('',(120.46,-112.5825,-4.6E-02));
#19035 = DIRECTION('',(-0.,-0.,-1.));
#19036 = DIRECTION('',(-3.089316242435E-14,-1.,0.));
#19037 = ADVANCED_FACE('',(#19038),#19049,.F.);
#19038 = FACE_BOUND('',#19039,.T.);
#19039 = EDGE_LOOP('',(#19040,#19041,#19047,#19048));
#19040 = ORIENTED_EDGE('',*,*,#18022,.T.);
#19041 = ORIENTED_EDGE('',*,*,#19042,.T.);
#19042 = EDGE_CURVE('',#18023,#18466,#19043,.T.);
#19043 = LINE('',#19044,#19045);
#19044 = CARTESIAN_POINT('',(122.46,-113.0425,-4.6E-02));
#19045 = VECTOR('',#19046,1.);
#19046 = DIRECTION('',(0.,0.,1.));
#19047 = ORIENTED_EDGE('',*,*,#18465,.F.);
#19048 = ORIENTED_EDGE('',*,*,#19042,.F.);
#19049 = CYLINDRICAL_SURFACE('',#19050,0.46);
#19050 = AXIS2_PLACEMENT_3D('',#19051,#19052,#19053);
#19051 = CARTESIAN_POINT('',(122.46,-112.5825,-4.6E-02));
#19052 = DIRECTION('',(-0.,-0.,-1.));
#19053 = DIRECTION('',(-3.089316242435E-14,-1.,0.));
#19054 = ADVANCED_FACE('',(#19055),#19066,.F.);
#19055 = FACE_BOUND('',#19056,.T.);
#19056 = EDGE_LOOP('',(#19057,#19058,#19064,#19065));
#19057 = ORIENTED_EDGE('',*,*,#18033,.T.);
#19058 = ORIENTED_EDGE('',*,*,#19059,.T.);
#19059 = EDGE_CURVE('',#18034,#18477,#19060,.T.);
#19060 = LINE('',#19061,#19062);
#19061 = CARTESIAN_POINT('',(124.96,-113.0425,-4.6E-02));
#19062 = VECTOR('',#19063,1.);
#19063 = DIRECTION('',(0.,0.,1.));
#19064 = ORIENTED_EDGE('',*,*,#18476,.F.);
#19065 = ORIENTED_EDGE('',*,*,#19059,.F.);
#19066 = CYLINDRICAL_SURFACE('',#19067,0.46);
#19067 = AXIS2_PLACEMENT_3D('',#19068,#19069,#19070);
#19068 = CARTESIAN_POINT('',(124.96,-112.5825,-4.6E-02));
#19069 = DIRECTION('',(-0.,-0.,-1.));
#19070 = DIRECTION('',(-3.089316242435E-14,-1.,0.));
#19071 = ADVANCED_FACE('',(#19072),#19083,.F.);
#19072 = FACE_BOUND('',#19073,.T.);
#19073 = EDGE_LOOP('',(#19074,#19075,#19081,#19082));
#19074 = ORIENTED_EDGE('',*,*,#18044,.T.);
#19075 = ORIENTED_EDGE('',*,*,#19076,.T.);
#19076 = EDGE_CURVE('',#18045,#18488,#19077,.T.);
#19077 = LINE('',#19078,#19079);
#19078 = CARTESIAN_POINT('',(132.81,-116.42,-4.6E-02));
#19079 = VECTOR('',#19080,1.);
#19080 = DIRECTION('',(0.,0.,1.));
#19081 = ORIENTED_EDGE('',*,*,#18487,.F.);
#19082 = ORIENTED_EDGE('',*,*,#19076,.F.);
#19083 = CYLINDRICAL_SURFACE('',#19084,1.15);
#19084 = AXIS2_PLACEMENT_3D('',#19085,#19086,#19087);
#19085 = CARTESIAN_POINT('',(132.81,-115.27,-4.6E-02));
#19086 = DIRECTION('',(-0.,-0.,-1.));
#19087 = DIRECTION('',(-0.,-1.,0.));
#19088 = ADVANCED_FACE('',(#19089),#19100,.F.);
#19089 = FACE_BOUND('',#19090,.T.);
#19090 = EDGE_LOOP('',(#19091,#19092,#19098,#19099));
#19091 = ORIENTED_EDGE('',*,*,#18055,.T.);
#19092 = ORIENTED_EDGE('',*,*,#19093,.T.);
#19093 = EDGE_CURVE('',#18056,#18499,#19094,.T.);
#19094 = LINE('',#19095,#19096);
#19095 = CARTESIAN_POINT('',(145.95,-116.42,-4.6E-02));
#19096 = VECTOR('',#19097,1.);
#19097 = DIRECTION('',(0.,0.,1.));
#19098 = ORIENTED_EDGE('',*,*,#18498,.F.);
#19099 = ORIENTED_EDGE('',*,*,#19093,.F.);
#19100 = CYLINDRICAL_SURFACE('',#19101,1.15);
#19101 = AXIS2_PLACEMENT_3D('',#19102,#19103,#19104);
#19102 = CARTESIAN_POINT('',(145.95,-115.27,-4.6E-02));
#19103 = DIRECTION('',(-0.,-0.,-1.));
#19104 = DIRECTION('',(-0.,-1.,0.));
#19105 = ADVANCED_FACE('',(#19106),#19117,.F.);
#19106 = FACE_BOUND('',#19107,.T.);
#19107 = EDGE_LOOP('',(#19108,#19109,#19115,#19116));
#19108 = ORIENTED_EDGE('',*,*,#18066,.T.);
#19109 = ORIENTED_EDGE('',*,*,#19110,.T.);
#19110 = EDGE_CURVE('',#18067,#18510,#19111,.T.);
#19111 = LINE('',#19112,#19113);
#19112 = CARTESIAN_POINT('',(150.54,-116.44,-4.6E-02));
#19113 = VECTOR('',#19114,1.);
#19114 = DIRECTION('',(0.,0.,1.));
#19115 = ORIENTED_EDGE('',*,*,#18509,.F.);
#19116 = ORIENTED_EDGE('',*,*,#19110,.F.);
#19117 = CYLINDRICAL_SURFACE('',#19118,1.15);
#19118 = AXIS2_PLACEMENT_3D('',#19119,#19120,#19121);
#19119 = CARTESIAN_POINT('',(150.54,-115.29,-4.6E-02));
#19120 = DIRECTION('',(-0.,-0.,-1.));
#19121 = DIRECTION('',(-0.,-1.,0.));
#19122 = ADVANCED_FACE('',(#19123),#19134,.F.);
#19123 = FACE_BOUND('',#19124,.T.);
#19124 = EDGE_LOOP('',(#19125,#19126,#19132,#19133));
#19125 = ORIENTED_EDGE('',*,*,#18077,.T.);
#19126 = ORIENTED_EDGE('',*,*,#19127,.T.);
#19127 = EDGE_CURVE('',#18078,#18521,#19128,.T.);
#19128 = LINE('',#19129,#19130);
#19129 = CARTESIAN_POINT('',(135.88,-113.02,-4.6E-02));
#19130 = VECTOR('',#19131,1.);
#19131 = DIRECTION('',(0.,0.,1.));
#19132 = ORIENTED_EDGE('',*,*,#18520,.F.);
#19133 = ORIENTED_EDGE('',*,*,#19127,.F.);
#19134 = CYLINDRICAL_SURFACE('',#19135,0.46);
#19135 = AXIS2_PLACEMENT_3D('',#19136,#19137,#19138);
#19136 = CARTESIAN_POINT('',(135.88,-112.56,-4.6E-02));
#19137 = DIRECTION('',(-0.,-0.,-1.));
#19138 = DIRECTION('',(-0.,-1.,0.));
#19139 = ADVANCED_FACE('',(#19140),#19151,.F.);
#19140 = FACE_BOUND('',#19141,.T.);
#19141 = EDGE_LOOP('',(#19142,#19143,#19149,#19150));
#19142 = ORIENTED_EDGE('',*,*,#18088,.T.);
#19143 = ORIENTED_EDGE('',*,*,#19144,.T.);
#19144 = EDGE_CURVE('',#18089,#18532,#19145,.T.);
#19145 = LINE('',#19146,#19147);
#19146 = CARTESIAN_POINT('',(138.38,-113.02,-4.6E-02));
#19147 = VECTOR('',#19148,1.);
#19148 = DIRECTION('',(0.,0.,1.));
#19149 = ORIENTED_EDGE('',*,*,#18531,.F.);
#19150 = ORIENTED_EDGE('',*,*,#19144,.F.);
#19151 = CYLINDRICAL_SURFACE('',#19152,0.46);
#19152 = AXIS2_PLACEMENT_3D('',#19153,#19154,#19155);
#19153 = CARTESIAN_POINT('',(138.38,-112.56,-4.6E-02));
#19154 = DIRECTION('',(-0.,-0.,-1.));
#19155 = DIRECTION('',(-0.,-1.,0.));
#19156 = ADVANCED_FACE('',(#19157),#19168,.F.);
#19157 = FACE_BOUND('',#19158,.T.);
#19158 = EDGE_LOOP('',(#19159,#19160,#19166,#19167));
#19159 = ORIENTED_EDGE('',*,*,#18099,.T.);
#19160 = ORIENTED_EDGE('',*,*,#19161,.T.);
#19161 = EDGE_CURVE('',#18100,#18543,#19162,.T.);
#19162 = LINE('',#19163,#19164);
#19163 = CARTESIAN_POINT('',(140.38,-113.02,-4.6E-02));
#19164 = VECTOR('',#19165,1.);
#19165 = DIRECTION('',(0.,0.,1.));
#19166 = ORIENTED_EDGE('',*,*,#18542,.F.);
#19167 = ORIENTED_EDGE('',*,*,#19161,.F.);
#19168 = CYLINDRICAL_SURFACE('',#19169,0.46);
#19169 = AXIS2_PLACEMENT_3D('',#19170,#19171,#19172);
#19170 = CARTESIAN_POINT('',(140.38,-112.56,-4.6E-02));
#19171 = DIRECTION('',(-0.,-0.,-1.));
#19172 = DIRECTION('',(-0.,-1.,0.));
#19173 = ADVANCED_FACE('',(#19174),#19185,.F.);
#19174 = FACE_BOUND('',#19175,.T.);
#19175 = EDGE_LOOP('',(#19176,#19177,#19183,#19184));
#19176 = ORIENTED_EDGE('',*,*,#18110,.T.);
#19177 = ORIENTED_EDGE('',*,*,#19178,.T.);
#19178 = EDGE_CURVE('',#18111,#18554,#19179,.T.);
#19179 = LINE('',#19180,#19181);
#19180 = CARTESIAN_POINT('',(142.88,-113.02,-4.6E-02));
#19181 = VECTOR('',#19182,1.);
#19182 = DIRECTION('',(0.,0.,1.));
#19183 = ORIENTED_EDGE('',*,*,#18553,.F.);
#19184 = ORIENTED_EDGE('',*,*,#19178,.F.);
#19185 = CYLINDRICAL_SURFACE('',#19186,0.46);
#19186 = AXIS2_PLACEMENT_3D('',#19187,#19188,#19189);
#19187 = CARTESIAN_POINT('',(142.88,-112.56,-4.6E-02));
#19188 = DIRECTION('',(-0.,-0.,-1.));
#19189 = DIRECTION('',(-0.,-1.,0.));
#19190 = ADVANCED_FACE('',(#19191),#19202,.F.);
#19191 = FACE_BOUND('',#19192,.T.);
#19192 = EDGE_LOOP('',(#19193,#19194,#19200,#19201));
#19193 = ORIENTED_EDGE('',*,*,#18121,.T.);
#19194 = ORIENTED_EDGE('',*,*,#19195,.T.);
#19195 = EDGE_CURVE('',#18122,#18565,#19196,.T.);
#19196 = LINE('',#19197,#19198);
#19197 = CARTESIAN_POINT('',(163.68,-116.44,-4.6E-02));
#19198 = VECTOR('',#19199,1.);
#19199 = DIRECTION('',(0.,0.,1.));
#19200 = ORIENTED_EDGE('',*,*,#18564,.F.);
#19201 = ORIENTED_EDGE('',*,*,#19195,.F.);
#19202 = CYLINDRICAL_SURFACE('',#19203,1.15);
#19203 = AXIS2_PLACEMENT_3D('',#19204,#19205,#19206);
#19204 = CARTESIAN_POINT('',(163.68,-115.29,-4.6E-02));
#19205 = DIRECTION('',(-0.,-0.,-1.));
#19206 = DIRECTION('',(-0.,-1.,0.));
#19207 = ADVANCED_FACE('',(#19208),#19219,.F.);
#19208 = FACE_BOUND('',#19209,.T.);
#19209 = EDGE_LOOP('',(#19210,#19211,#19217,#19218));
#19210 = ORIENTED_EDGE('',*,*,#18132,.T.);
#19211 = ORIENTED_EDGE('',*,*,#19212,.T.);
#19212 = EDGE_CURVE('',#18133,#18576,#19213,.T.);
#19213 = LINE('',#19214,#19215);
#19214 = CARTESIAN_POINT('',(168.35,-116.4025,-4.6E-02));
#19215 = VECTOR('',#19216,1.);
#19216 = DIRECTION('',(0.,0.,1.));
#19217 = ORIENTED_EDGE('',*,*,#18575,.F.);
#19218 = ORIENTED_EDGE('',*,*,#19212,.F.);
#19219 = CYLINDRICAL_SURFACE('',#19220,1.15);
#19220 = AXIS2_PLACEMENT_3D('',#19221,#19222,#19223);
#19221 = CARTESIAN_POINT('',(168.35,-115.2525,-4.6E-02));
#19222 = DIRECTION('',(-0.,-0.,-1.));
#19223 = DIRECTION('',(-0.,-1.,0.));
#19224 = ADVANCED_FACE('',(#19225),#19236,.F.);
#19225 = FACE_BOUND('',#19226,.T.);
#19226 = EDGE_LOOP('',(#19227,#19228,#19234,#19235));
#19227 = ORIENTED_EDGE('',*,*,#18143,.T.);
#19228 = ORIENTED_EDGE('',*,*,#19229,.T.);
#19229 = EDGE_CURVE('',#18144,#18587,#19230,.T.);
#19230 = LINE('',#19231,#19232);
#19231 = CARTESIAN_POINT('',(153.61,-113.04,-4.6E-02));
#19232 = VECTOR('',#19233,1.);
#19233 = DIRECTION('',(0.,0.,1.));
#19234 = ORIENTED_EDGE('',*,*,#18586,.F.);
#19235 = ORIENTED_EDGE('',*,*,#19229,.F.);
#19236 = CYLINDRICAL_SURFACE('',#19237,0.46);
#19237 = AXIS2_PLACEMENT_3D('',#19238,#19239,#19240);
#19238 = CARTESIAN_POINT('',(153.61,-112.58,-4.6E-02));
#19239 = DIRECTION('',(-0.,-0.,-1.));
#19240 = DIRECTION('',(-0.,-1.,0.));
#19241 = ADVANCED_FACE('',(#19242),#19253,.F.);
#19242 = FACE_BOUND('',#19243,.T.);
#19243 = EDGE_LOOP('',(#19244,#19245,#19251,#19252));
#19244 = ORIENTED_EDGE('',*,*,#18154,.T.);
#19245 = ORIENTED_EDGE('',*,*,#19246,.T.);
#19246 = EDGE_CURVE('',#18155,#18598,#19247,.T.);
#19247 = LINE('',#19248,#19249);
#19248 = CARTESIAN_POINT('',(156.11,-113.04,-4.6E-02));
#19249 = VECTOR('',#19250,1.);
#19250 = DIRECTION('',(0.,0.,1.));
#19251 = ORIENTED_EDGE('',*,*,#18597,.F.);
#19252 = ORIENTED_EDGE('',*,*,#19246,.F.);
#19253 = CYLINDRICAL_SURFACE('',#19254,0.46);
#19254 = AXIS2_PLACEMENT_3D('',#19255,#19256,#19257);
#19255 = CARTESIAN_POINT('',(156.11,-112.58,-4.6E-02));
#19256 = DIRECTION('',(-0.,-0.,-1.));
#19257 = DIRECTION('',(-0.,-1.,0.));
#19258 = ADVANCED_FACE('',(#19259),#19270,.F.);
#19259 = FACE_BOUND('',#19260,.T.);
#19260 = EDGE_LOOP('',(#19261,#19262,#19268,#19269));
#19261 = ORIENTED_EDGE('',*,*,#18165,.T.);
#19262 = ORIENTED_EDGE('',*,*,#19263,.T.);
#19263 = EDGE_CURVE('',#18166,#18609,#19264,.T.);
#19264 = LINE('',#19265,#19266);
#19265 = CARTESIAN_POINT('',(158.11,-113.04,-4.6E-02));
#19266 = VECTOR('',#19267,1.);
#19267 = DIRECTION('',(0.,0.,1.));
#19268 = ORIENTED_EDGE('',*,*,#18608,.F.);
#19269 = ORIENTED_EDGE('',*,*,#19263,.F.);
#19270 = CYLINDRICAL_SURFACE('',#19271,0.46);
#19271 = AXIS2_PLACEMENT_3D('',#19272,#19273,#19274);
#19272 = CARTESIAN_POINT('',(158.11,-112.58,-4.6E-02));
#19273 = DIRECTION('',(-0.,-0.,-1.));
#19274 = DIRECTION('',(-0.,-1.,0.));
#19275 = ADVANCED_FACE('',(#19276),#19287,.F.);
#19276 = FACE_BOUND('',#19277,.T.);
#19277 = EDGE_LOOP('',(#19278,#19279,#19285,#19286));
#19278 = ORIENTED_EDGE('',*,*,#18176,.T.);
#19279 = ORIENTED_EDGE('',*,*,#19280,.T.);
#19280 = EDGE_CURVE('',#18177,#18620,#19281,.T.);
#19281 = LINE('',#19282,#19283);
#19282 = CARTESIAN_POINT('',(160.61,-113.04,-4.6E-02));
#19283 = VECTOR('',#19284,1.);
#19284 = DIRECTION('',(0.,0.,1.));
#19285 = ORIENTED_EDGE('',*,*,#18619,.F.);
#19286 = ORIENTED_EDGE('',*,*,#19280,.F.);
#19287 = CYLINDRICAL_SURFACE('',#19288,0.46);
#19288 = AXIS2_PLACEMENT_3D('',#19289,#19290,#19291);
#19289 = CARTESIAN_POINT('',(160.61,-112.58,-4.6E-02));
#19290 = DIRECTION('',(-0.,-0.,-1.));
#19291 = DIRECTION('',(-0.,-1.,0.));
#19292 = ADVANCED_FACE('',(#19293),#19304,.F.);
#19293 = FACE_BOUND('',#19294,.T.);
#19294 = EDGE_LOOP('',(#19295,#19296,#19302,#19303));
#19295 = ORIENTED_EDGE('',*,*,#18187,.T.);
#19296 = ORIENTED_EDGE('',*,*,#19297,.T.);
#19297 = EDGE_CURVE('',#18188,#18631,#19298,.T.);
#19298 = LINE('',#19299,#19300);
#19299 = CARTESIAN_POINT('',(181.49,-116.4025,-4.6E-02));
#19300 = VECTOR('',#19301,1.);
#19301 = DIRECTION('',(0.,0.,1.));
#19302 = ORIENTED_EDGE('',*,*,#18630,.F.);
#19303 = ORIENTED_EDGE('',*,*,#19297,.F.);
#19304 = CYLINDRICAL_SURFACE('',#19305,1.15);
#19305 = AXIS2_PLACEMENT_3D('',#19306,#19307,#19308);
#19306 = CARTESIAN_POINT('',(181.49,-115.2525,-4.6E-02));
#19307 = DIRECTION('',(-0.,-0.,-1.));
#19308 = DIRECTION('',(-0.,-1.,0.));
#19309 = ADVANCED_FACE('',(#19310),#19321,.F.);
#19310 = FACE_BOUND('',#19311,.T.);
#19311 = EDGE_LOOP('',(#19312,#19313,#19319,#19320));
#19312 = ORIENTED_EDGE('',*,*,#18198,.T.);
#19313 = ORIENTED_EDGE('',*,*,#19314,.T.);
#19314 = EDGE_CURVE('',#18199,#18642,#19315,.T.);
#19315 = LINE('',#19316,#19317);
#19316 = CARTESIAN_POINT('',(171.42,-113.0025,-4.6E-02));
#19317 = VECTOR('',#19318,1.);
#19318 = DIRECTION('',(0.,0.,1.));
#19319 = ORIENTED_EDGE('',*,*,#18641,.F.);
#19320 = ORIENTED_EDGE('',*,*,#19314,.F.);
#19321 = CYLINDRICAL_SURFACE('',#19322,0.46);
#19322 = AXIS2_PLACEMENT_3D('',#19323,#19324,#19325);
#19323 = CARTESIAN_POINT('',(171.42,-112.5425,-4.6E-02));
#19324 = DIRECTION('',(-0.,-0.,-1.));
#19325 = DIRECTION('',(-6.178632484871E-14,-1.,0.));
#19326 = ADVANCED_FACE('',(#19327),#19338,.F.);
#19327 = FACE_BOUND('',#19328,.T.);
#19328 = EDGE_LOOP('',(#19329,#19330,#19336,#19337));
#19329 = ORIENTED_EDGE('',*,*,#18209,.T.);
#19330 = ORIENTED_EDGE('',*,*,#19331,.T.);
#19331 = EDGE_CURVE('',#18210,#18653,#19332,.T.);
#19332 = LINE('',#19333,#19334);
#19333 = CARTESIAN_POINT('',(173.92,-113.0025,-4.6E-02));
#19334 = VECTOR('',#19335,1.);
#19335 = DIRECTION('',(0.,0.,1.));
#19336 = ORIENTED_EDGE('',*,*,#18652,.F.);
#19337 = ORIENTED_EDGE('',*,*,#19331,.F.);
#19338 = CYLINDRICAL_SURFACE('',#19339,0.46);
#19339 = AXIS2_PLACEMENT_3D('',#19340,#19341,#19342);
#19340 = CARTESIAN_POINT('',(173.92,-112.5425,-4.6E-02));
#19341 = DIRECTION('',(-0.,-0.,-1.));
#19342 = DIRECTION('',(-6.178632484871E-14,-1.,0.));
#19343 = ADVANCED_FACE('',(#19344),#19355,.F.);
#19344 = FACE_BOUND('',#19345,.T.);
#19345 = EDGE_LOOP('',(#19346,#19347,#19353,#19354));
#19346 = ORIENTED_EDGE('',*,*,#18220,.T.);
#19347 = ORIENTED_EDGE('',*,*,#19348,.T.);
#19348 = EDGE_CURVE('',#18221,#18664,#19349,.T.);
#19349 = LINE('',#19350,#19351);
#19350 = CARTESIAN_POINT('',(175.92,-113.0025,-4.6E-02));
#19351 = VECTOR('',#19352,1.);
#19352 = DIRECTION('',(0.,0.,1.));
#19353 = ORIENTED_EDGE('',*,*,#18663,.F.);
#19354 = ORIENTED_EDGE('',*,*,#19348,.F.);
#19355 = CYLINDRICAL_SURFACE('',#19356,0.46);
#19356 = AXIS2_PLACEMENT_3D('',#19357,#19358,#19359);
#19357 = CARTESIAN_POINT('',(175.92,-112.5425,-4.6E-02));
#19358 = DIRECTION('',(-0.,-0.,-1.));
#19359 = DIRECTION('',(-6.178632484871E-14,-1.,0.));
#19360 = ADVANCED_FACE('',(#19361),#19372,.F.);
#19361 = FACE_BOUND('',#19362,.T.);
#19362 = EDGE_LOOP('',(#19363,#19364,#19370,#19371));
#19363 = ORIENTED_EDGE('',*,*,#18231,.T.);
#19364 = ORIENTED_EDGE('',*,*,#19365,.T.);
#19365 = EDGE_CURVE('',#18232,#18675,#19366,.T.);
#19366 = LINE('',#19367,#19368);
#19367 = CARTESIAN_POINT('',(178.42,-113.0025,-4.6E-02));
#19368 = VECTOR('',#19369,1.);
#19369 = DIRECTION('',(0.,0.,1.));
#19370 = ORIENTED_EDGE('',*,*,#18674,.F.);
#19371 = ORIENTED_EDGE('',*,*,#19365,.F.);
#19372 = CYLINDRICAL_SURFACE('',#19373,0.46);
#19373 = AXIS2_PLACEMENT_3D('',#19374,#19375,#19376);
#19374 = CARTESIAN_POINT('',(178.42,-112.5425,-4.6E-02));
#19375 = DIRECTION('',(-0.,-0.,-1.));
#19376 = DIRECTION('',(-6.178632484871E-14,-1.,0.));
#19377 = ADVANCED_FACE('',(#19378),#19389,.F.);
#19378 = FACE_BOUND('',#19379,.T.);
#19379 = EDGE_LOOP('',(#19380,#19381,#19387,#19388));
#19380 = ORIENTED_EDGE('',*,*,#18242,.T.);
#19381 = ORIENTED_EDGE('',*,*,#19382,.T.);
#19382 = EDGE_CURVE('',#18243,#18686,#19383,.T.);
#19383 = LINE('',#19384,#19385);
#19384 = CARTESIAN_POINT('',(186.6525,-111.22,-4.6E-02));
#19385 = VECTOR('',#19386,1.);
#19386 = DIRECTION('',(0.,0.,1.));
#19387 = ORIENTED_EDGE('',*,*,#18685,.F.);
#19388 = ORIENTED_EDGE('',*,*,#19382,.F.);
#19389 = CYLINDRICAL_SURFACE('',#19390,1.15);
#19390 = AXIS2_PLACEMENT_3D('',#19391,#19392,#19393);
#19391 = CARTESIAN_POINT('',(186.6525,-110.07,-4.6E-02));
#19392 = DIRECTION('',(-0.,-0.,-1.));
#19393 = DIRECTION('',(-0.,-1.,0.));
#19394 = ADVANCED_FACE('',(#19395),#19406,.F.);
#19395 = FACE_BOUND('',#19396,.T.);
#19396 = EDGE_LOOP('',(#19397,#19398,#19404,#19405));
#19397 = ORIENTED_EDGE('',*,*,#18253,.T.);
#19398 = ORIENTED_EDGE('',*,*,#19399,.T.);
#19399 = EDGE_CURVE('',#18254,#18697,#19400,.T.);
#19400 = LINE('',#19401,#19402);
#19401 = CARTESIAN_POINT('',(183.9425,-107.46,-4.6E-02));
#19402 = VECTOR('',#19403,1.);
#19403 = DIRECTION('',(0.,0.,1.));
#19404 = ORIENTED_EDGE('',*,*,#18696,.F.);
#19405 = ORIENTED_EDGE('',*,*,#19399,.F.);
#19406 = CYLINDRICAL_SURFACE('',#19407,0.46);
#19407 = AXIS2_PLACEMENT_3D('',#19408,#19409,#19410);
#19408 = CARTESIAN_POINT('',(183.9425,-107.,-4.6E-02));
#19409 = DIRECTION('',(-0.,-0.,-1.));
#19410 = DIRECTION('',(-0.,-1.,0.));
#19411 = ADVANCED_FACE('',(#19412),#19423,.F.);
#19412 = FACE_BOUND('',#19413,.T.);
#19413 = EDGE_LOOP('',(#19414,#19415,#19421,#19422));
#19414 = ORIENTED_EDGE('',*,*,#18264,.T.);
#19415 = ORIENTED_EDGE('',*,*,#19416,.T.);
#19416 = EDGE_CURVE('',#18265,#18708,#19417,.T.);
#19417 = LINE('',#19418,#19419);
#19418 = CARTESIAN_POINT('',(183.9425,-104.96,-4.6E-02));
#19419 = VECTOR('',#19420,1.);
#19420 = DIRECTION('',(0.,0.,1.));
#19421 = ORIENTED_EDGE('',*,*,#18707,.F.);
#19422 = ORIENTED_EDGE('',*,*,#19416,.F.);
#19423 = CYLINDRICAL_SURFACE('',#19424,0.46);
#19424 = AXIS2_PLACEMENT_3D('',#19425,#19426,#19427);
#19425 = CARTESIAN_POINT('',(183.9425,-104.5,-4.6E-02));
#19426 = DIRECTION('',(-0.,-0.,-1.));
#19427 = DIRECTION('',(-0.,-1.,0.));
#19428 = ADVANCED_FACE('',(#19429),#19440,.F.);
#19429 = FACE_BOUND('',#19430,.T.);
#19430 = EDGE_LOOP('',(#19431,#19432,#19438,#19439));
#19431 = ORIENTED_EDGE('',*,*,#18275,.T.);
#19432 = ORIENTED_EDGE('',*,*,#19433,.T.);
#19433 = EDGE_CURVE('',#18276,#18719,#19434,.T.);
#19434 = LINE('',#19435,#19436);
#19435 = CARTESIAN_POINT('',(183.9425,-102.96,-4.6E-02));
#19436 = VECTOR('',#19437,1.);
#19437 = DIRECTION('',(0.,0.,1.));
#19438 = ORIENTED_EDGE('',*,*,#18718,.F.);
#19439 = ORIENTED_EDGE('',*,*,#19433,.F.);
#19440 = CYLINDRICAL_SURFACE('',#19441,0.46);
#19441 = AXIS2_PLACEMENT_3D('',#19442,#19443,#19444);
#19442 = CARTESIAN_POINT('',(183.9425,-102.5,-4.6E-02));
#19443 = DIRECTION('',(-0.,-0.,-1.));
#19444 = DIRECTION('',(-0.,-1.,0.));
#19445 = ADVANCED_FACE('',(#19446),#19457,.F.);
#19446 = FACE_BOUND('',#19447,.T.);
#19447 = EDGE_LOOP('',(#19448,#19449,#19455,#19456));
#19448 = ORIENTED_EDGE('',*,*,#18286,.T.);
#19449 = ORIENTED_EDGE('',*,*,#19450,.T.);
#19450 = EDGE_CURVE('',#18287,#18730,#19451,.T.);
#19451 = LINE('',#19452,#19453);
#19452 = CARTESIAN_POINT('',(183.9425,-100.46,-4.6E-02));
#19453 = VECTOR('',#19454,1.);
#19454 = DIRECTION('',(0.,0.,1.));
#19455 = ORIENTED_EDGE('',*,*,#18729,.F.);
#19456 = ORIENTED_EDGE('',*,*,#19450,.F.);
#19457 = CYLINDRICAL_SURFACE('',#19458,0.46);
#19458 = AXIS2_PLACEMENT_3D('',#19459,#19460,#19461);
#19459 = CARTESIAN_POINT('',(183.9425,-100.,-4.6E-02));
#19460 = DIRECTION('',(-0.,-0.,-1.));
#19461 = DIRECTION('',(-0.,-1.,0.));
#19462 = ADVANCED_FACE('',(#19463),#19474,.F.);
#19463 = FACE_BOUND('',#19464,.T.);
#19464 = EDGE_LOOP('',(#19465,#19466,#19472,#19473));
#19465 = ORIENTED_EDGE('',*,*,#18297,.T.);
#19466 = ORIENTED_EDGE('',*,*,#19467,.T.);
#19467 = EDGE_CURVE('',#18298,#18741,#19468,.T.);
#19468 = LINE('',#19469,#19470);
#19469 = CARTESIAN_POINT('',(186.6525,-98.08,-4.6E-02));
#19470 = VECTOR('',#19471,1.);
#19471 = DIRECTION('',(0.,0.,1.));
#19472 = ORIENTED_EDGE('',*,*,#18740,.F.);
#19473 = ORIENTED_EDGE('',*,*,#19467,.F.);
#19474 = CYLINDRICAL_SURFACE('',#19475,1.15);
#19475 = AXIS2_PLACEMENT_3D('',#19476,#19477,#19478);
#19476 = CARTESIAN_POINT('',(186.6525,-96.93,-4.6E-02));
#19477 = DIRECTION('',(-0.,-0.,-1.));
#19478 = DIRECTION('',(-0.,-1.,0.));
#19479 = ( GEOMETRIC_REPRESENTATION_CONTEXT(3) 
GLOBAL_UNCERTAINTY_ASSIGNED_CONTEXT((#19483)) 
GLOBAL_UNIT_ASSIGNED_CONTEXT((#19480,#19481,#19482)) 
REPRESENTATION_CONTEXT('Context #1',
  '3D Context with UNIT and UNCERTAINTY') );
#19480 = ( LENGTH_UNIT() NAMED_UNIT(*) SI_UNIT(.MILLI.,.METRE.) );
#19481 = ( NAMED_UNIT(*) PLANE_ANGLE_UNIT() SI_UNIT($,.RADIAN.) );
#19482 = ( NAMED_UNIT(*) SI_UNIT($,.STERADIAN.) SOLID_ANGLE_UNIT() );
#19483 = UNCERTAINTY_MEASURE_WITH_UNIT(LENGTH_MEASURE(1.E-07),#19480,
  'distance_accuracy_value','confusion accuracy');
#19484 = CONTEXT_DEPENDENT_SHAPE_REPRESENTATION(#19485,#19487);
#19485 = ( REPRESENTATION_RELATIONSHIP('','',#17762,#10) 
REPRESENTATION_RELATIONSHIP_WITH_TRANSFORMATION(#19486) 
SHAPE_REPRESENTATION_RELATIONSHIP() );
#19486 = ITEM_DEFINED_TRANSFORMATION('','',#11,#83);
#19487 = PRODUCT_DEFINITION_SHAPE('Placement','Placement of an item',
  #19488);
#19488 = NEXT_ASSEMBLY_USAGE_OCCURRENCE('21','=>[0:1:1:7]','',#5,#17757,
  $);
#19489 = PRODUCT_RELATED_PRODUCT_CATEGORY('part',$,(#17759));
#19490 = MECHANICAL_DESIGN_GEOMETRIC_PRESENTATION_REPRESENTATION('',(
    #19491),#8721);
#19491 = STYLED_ITEM('color',(#19492),#6905);
#19492 = PRESENTATION_STYLE_ASSIGNMENT((#19493));
#19493 = SURFACE_STYLE_USAGE(.BOTH.,#19494);
#19494 = SURFACE_SIDE_STYLE('',(#19495));
#19495 = SURFACE_STYLE_FILL_AREA(#19496);
#19496 = FILL_AREA_STYLE('',(#19497));
#19497 = FILL_AREA_STYLE_COLOUR('',#19498);
#19498 = DRAUGHTING_PRE_DEFINED_COLOUR('yellow');
#19499 = MECHANICAL_DESIGN_GEOMETRIC_PRESENTATION_REPRESENTATION('',(
    #19500),#19479);
#19500 = STYLED_ITEM('color',(#19501),#17763);
#19501 = PRESENTATION_STYLE_ASSIGNMENT((#19502));
#19502 = SURFACE_STYLE_USAGE(.BOTH.,#19503);
#19503 = SURFACE_SIDE_STYLE('',(#19504));
#19504 = SURFACE_STYLE_FILL_AREA(#19505);
#19505 = FILL_AREA_STYLE('',(#19506));
#19506 = FILL_AREA_STYLE_COLOUR('',#19507);
#19507 = COLOUR_RGB('',0.313304153717,0.484529207832,0.410020903123);
#19508 = MECHANICAL_DESIGN_GEOMETRIC_PRESENTATION_REPRESENTATION('',(
    #19509),#6886);
#19509 = STYLED_ITEM('color',(#19510),#6670);
#19510 = PRESENTATION_STYLE_ASSIGNMENT((#19511));
#19511 = SURFACE_STYLE_USAGE(.BOTH.,#19512);
#19512 = SURFACE_SIDE_STYLE('',(#19513));
#19513 = SURFACE_STYLE_FILL_AREA(#19514);
#19514 = FILL_AREA_STYLE('',(#19515));
#19515 = FILL_AREA_STYLE_COLOUR('',#19516);
#19516 = DRAUGHTING_PRE_DEFINED_COLOUR('white');
#19517 = MECHANICAL_DESIGN_GEOMETRIC_PRESENTATION_REPRESENTATION('',(
    #19518,#19526,#19533,#19540,#19547,#19554,#19561,#19568,#19576,
    #19583,#19590,#19597,#19604,#19611,#19619,#19626,#19633,#19640,
    #19647,#19654,#19661,#19668,#19675,#19682,#19689,#19696),#9530);
#19518 = STYLED_ITEM('color',(#19519),#8742);
#19519 = PRESENTATION_STYLE_ASSIGNMENT((#19520));
#19520 = SURFACE_STYLE_USAGE(.BOTH.,#19521);
#19521 = SURFACE_SIDE_STYLE('',(#19522));
#19522 = SURFACE_STYLE_FILL_AREA(#19523);
#19523 = FILL_AREA_STYLE('',(#19524));
#19524 = FILL_AREA_STYLE_COLOUR('',#19525);
#19525 = COLOUR_RGB('',0.823999987314,0.819999987296,0.781000009244);
#19526 = STYLED_ITEM('color',(#19527),#8782);
#19527 = PRESENTATION_STYLE_ASSIGNMENT((#19528));
#19528 = SURFACE_STYLE_USAGE(.BOTH.,#19529);
#19529 = SURFACE_SIDE_STYLE('',(#19530));
#19530 = SURFACE_STYLE_FILL_AREA(#19531);
#19531 = FILL_AREA_STYLE('',(#19532));
#19532 = FILL_AREA_STYLE_COLOUR('',#19525);
#19533 = STYLED_ITEM('color',(#19534),#8865);
#19534 = PRESENTATION_STYLE_ASSIGNMENT((#19535));
#19535 = SURFACE_STYLE_USAGE(.BOTH.,#19536);
#19536 = SURFACE_SIDE_STYLE('',(#19537));
#19537 = SURFACE_STYLE_FILL_AREA(#19538);
#19538 = FILL_AREA_STYLE('',(#19539));
#19539 = FILL_AREA_STYLE_COLOUR('',#19525);
#19540 = STYLED_ITEM('color',(#19541),#8890);
#19541 = PRESENTATION_STYLE_ASSIGNMENT((#19542));
#19542 = SURFACE_STYLE_USAGE(.BOTH.,#19543);
#19543 = SURFACE_SIDE_STYLE('',(#19544));
#19544 = SURFACE_STYLE_FILL_AREA(#19545);
#19545 = FILL_AREA_STYLE('',(#19546));
#19546 = FILL_AREA_STYLE_COLOUR('',#19525);
#19547 = STYLED_ITEM('color',(#19548),#8915);
#19548 = PRESENTATION_STYLE_ASSIGNMENT((#19549));
#19549 = SURFACE_STYLE_USAGE(.BOTH.,#19550);
#19550 = SURFACE_SIDE_STYLE('',(#19551));
#19551 = SURFACE_STYLE_FILL_AREA(#19552);
#19552 = FILL_AREA_STYLE('',(#19553));
#19553 = FILL_AREA_STYLE_COLOUR('',#19525);
#19554 = STYLED_ITEM('color',(#19555),#8982);
#19555 = PRESENTATION_STYLE_ASSIGNMENT((#19556));
#19556 = SURFACE_STYLE_USAGE(.BOTH.,#19557);
#19557 = SURFACE_SIDE_STYLE('',(#19558));
#19558 = SURFACE_STYLE_FILL_AREA(#19559);
#19559 = FILL_AREA_STYLE('',(#19560));
#19560 = FILL_AREA_STYLE_COLOUR('',#19525);
#19561 = STYLED_ITEM('color',(#19562),#8999);
#19562 = PRESENTATION_STYLE_ASSIGNMENT((#19563));
#19563 = SURFACE_STYLE_USAGE(.BOTH.,#19564);
#19564 = SURFACE_SIDE_STYLE('',(#19565));
#19565 = SURFACE_STYLE_FILL_AREA(#19566);
#19566 = FILL_AREA_STYLE('',(#19567));
#19567 = FILL_AREA_STYLE_COLOUR('',#19525);
#19568 = STYLED_ITEM('color',(#19569),#9016);
#19569 = PRESENTATION_STYLE_ASSIGNMENT((#19570));
#19570 = SURFACE_STYLE_USAGE(.BOTH.,#19571);
#19571 = SURFACE_SIDE_STYLE('',(#19572));
#19572 = SURFACE_STYLE_FILL_AREA(#19573);
#19573 = FILL_AREA_STYLE('',(#19574));
#19574 = FILL_AREA_STYLE_COLOUR('',#19575);
#19575 = COLOUR_RGB('',0.894999966383,0.890999961016,0.813000030345);
#19576 = STYLED_ITEM('color',(#19577),#9065);
#19577 = PRESENTATION_STYLE_ASSIGNMENT((#19578));
#19578 = SURFACE_STYLE_USAGE(.BOTH.,#19579);
#19579 = SURFACE_SIDE_STYLE('',(#19580));
#19580 = SURFACE_STYLE_FILL_AREA(#19581);
#19581 = FILL_AREA_STYLE('',(#19582));
#19582 = FILL_AREA_STYLE_COLOUR('',#19525);
#19583 = STYLED_ITEM('color',(#19584),#9087);
#19584 = PRESENTATION_STYLE_ASSIGNMENT((#19585));
#19585 = SURFACE_STYLE_USAGE(.BOTH.,#19586);
#19586 = SURFACE_SIDE_STYLE('',(#19587));
#19587 = SURFACE_STYLE_FILL_AREA(#19588);
#19588 = FILL_AREA_STYLE('',(#19589));
#19589 = FILL_AREA_STYLE_COLOUR('',#19525);
#19590 = STYLED_ITEM('color',(#19591),#9099);
#19591 = PRESENTATION_STYLE_ASSIGNMENT((#19592));
#19592 = SURFACE_STYLE_USAGE(.BOTH.,#19593);
#19593 = SURFACE_SIDE_STYLE('',(#19594));
#19594 = SURFACE_STYLE_FILL_AREA(#19595);
#19595 = FILL_AREA_STYLE('',(#19596));
#19596 = FILL_AREA_STYLE_COLOUR('',#19575);
#19597 = STYLED_ITEM('color',(#19598),#9148);
#19598 = PRESENTATION_STYLE_ASSIGNMENT((#19599));
#19599 = SURFACE_STYLE_USAGE(.BOTH.,#19600);
#19600 = SURFACE_SIDE_STYLE('',(#19601));
#19601 = SURFACE_STYLE_FILL_AREA(#19602);
#19602 = FILL_AREA_STYLE('',(#19603));
#19603 = FILL_AREA_STYLE_COLOUR('',#19575);
#19604 = STYLED_ITEM('color',(#19605),#9165);
#19605 = PRESENTATION_STYLE_ASSIGNMENT((#19606));
#19606 = SURFACE_STYLE_USAGE(.BOTH.,#19607);
#19607 = SURFACE_SIDE_STYLE('',(#19608));
#19608 = SURFACE_STYLE_FILL_AREA(#19609);
#19609 = FILL_AREA_STYLE('',(#19610));
#19610 = FILL_AREA_STYLE_COLOUR('',#19525);
#19611 = STYLED_ITEM('color',(#19612),#9234);
#19612 = PRESENTATION_STYLE_ASSIGNMENT((#19613));
#19613 = SURFACE_STYLE_USAGE(.BOTH.,#19614);
#19614 = SURFACE_SIDE_STYLE('',(#19615));
#19615 = SURFACE_STYLE_FILL_AREA(#19616);
#19616 = FILL_AREA_STYLE('',(#19617));
#19617 = FILL_AREA_STYLE_COLOUR('',#19618);
#19618 = COLOUR_RGB('',8.200000279077E-02,8.600000121357E-02,
  9.399999706163E-02);
#19619 = STYLED_ITEM('color',(#19620),#9265);
#19620 = PRESENTATION_STYLE_ASSIGNMENT((#19621));
#19621 = SURFACE_STYLE_USAGE(.BOTH.,#19622);
#19622 = SURFACE_SIDE_STYLE('',(#19623));
#19623 = SURFACE_STYLE_FILL_AREA(#19624);
#19624 = FILL_AREA_STYLE('',(#19625));
#19625 = FILL_AREA_STYLE_COLOUR('',#19618);
#19626 = STYLED_ITEM('color',(#19627),#9289);
#19627 = PRESENTATION_STYLE_ASSIGNMENT((#19628));
#19628 = SURFACE_STYLE_USAGE(.BOTH.,#19629);
#19629 = SURFACE_SIDE_STYLE('',(#19630));
#19630 = SURFACE_STYLE_FILL_AREA(#19631);
#19631 = FILL_AREA_STYLE('',(#19632));
#19632 = FILL_AREA_STYLE_COLOUR('',#19525);
#19633 = STYLED_ITEM('color',(#19634),#9358);
#19634 = PRESENTATION_STYLE_ASSIGNMENT((#19635));
#19635 = SURFACE_STYLE_USAGE(.BOTH.,#19636);
#19636 = SURFACE_SIDE_STYLE('',(#19637));
#19637 = SURFACE_STYLE_FILL_AREA(#19638);
#19638 = FILL_AREA_STYLE('',(#19639));
#19639 = FILL_AREA_STYLE_COLOUR('',#19618);
#19640 = STYLED_ITEM('color',(#19641),#9382);
#19641 = PRESENTATION_STYLE_ASSIGNMENT((#19642));
#19642 = SURFACE_STYLE_USAGE(.BOTH.,#19643);
#19643 = SURFACE_SIDE_STYLE('',(#19644));
#19644 = SURFACE_STYLE_FILL_AREA(#19645);
#19645 = FILL_AREA_STYLE('',(#19646));
#19646 = FILL_AREA_STYLE_COLOUR('',#19525);
#19647 = STYLED_ITEM('color',(#19648),#9399);
#19648 = PRESENTATION_STYLE_ASSIGNMENT((#19649));
#19649 = SURFACE_STYLE_USAGE(.BOTH.,#19650);
#19650 = SURFACE_SIDE_STYLE('',(#19651));
#19651 = SURFACE_STYLE_FILL_AREA(#19652);
#19652 = FILL_AREA_STYLE('',(#19653));
#19653 = FILL_AREA_STYLE_COLOUR('',#19525);
#19654 = STYLED_ITEM('color',(#19655),#9416);
#19655 = PRESENTATION_STYLE_ASSIGNMENT((#19656));
#19656 = SURFACE_STYLE_USAGE(.BOTH.,#19657);
#19657 = SURFACE_SIDE_STYLE('',(#19658));
#19658 = SURFACE_STYLE_FILL_AREA(#19659);
#19659 = FILL_AREA_STYLE('',(#19660));
#19660 = FILL_AREA_STYLE_COLOUR('',#19525);
#19661 = STYLED_ITEM('color',(#19662),#9433);
#19662 = PRESENTATION_STYLE_ASSIGNMENT((#19663));
#19663 = SURFACE_STYLE_USAGE(.BOTH.,#19664);
#19664 = SURFACE_SIDE_STYLE('',(#19665));
#19665 = SURFACE_STYLE_FILL_AREA(#19666);
#19666 = FILL_AREA_STYLE('',(#19667));
#19667 = FILL_AREA_STYLE_COLOUR('',#19525);
#19668 = STYLED_ITEM('color',(#19669),#9450);
#19669 = PRESENTATION_STYLE_ASSIGNMENT((#19670));
#19670 = SURFACE_STYLE_USAGE(.BOTH.,#19671);
#19671 = SURFACE_SIDE_STYLE('',(#19672));
#19672 = SURFACE_STYLE_FILL_AREA(#19673);
#19673 = FILL_AREA_STYLE('',(#19674));
#19674 = FILL_AREA_STYLE_COLOUR('',#19525);
#19675 = STYLED_ITEM('color',(#19676),#9467);
#19676 = PRESENTATION_STYLE_ASSIGNMENT((#19677));
#19677 = SURFACE_STYLE_USAGE(.BOTH.,#19678);
#19678 = SURFACE_SIDE_STYLE('',(#19679));
#19679 = SURFACE_STYLE_FILL_AREA(#19680);
#19680 = FILL_AREA_STYLE('',(#19681));
#19681 = FILL_AREA_STYLE_COLOUR('',#19525);
#19682 = STYLED_ITEM('color',(#19683),#9484);
#19683 = PRESENTATION_STYLE_ASSIGNMENT((#19684));
#19684 = SURFACE_STYLE_USAGE(.BOTH.,#19685);
#19685 = SURFACE_SIDE_STYLE('',(#19686));
#19686 = SURFACE_STYLE_FILL_AREA(#19687);
#19687 = FILL_AREA_STYLE('',(#19688));
#19688 = FILL_AREA_STYLE_COLOUR('',#19525);
#19689 = STYLED_ITEM('color',(#19690),#9501);
#19690 = PRESENTATION_STYLE_ASSIGNMENT((#19691));
#19691 = SURFACE_STYLE_USAGE(.BOTH.,#19692);
#19692 = SURFACE_SIDE_STYLE('',(#19693));
#19693 = SURFACE_STYLE_FILL_AREA(#19694);
#19694 = FILL_AREA_STYLE('',(#19695));
#19695 = FILL_AREA_STYLE_COLOUR('',#19618);
#19696 = STYLED_ITEM('color',(#19697),#9518);
#19697 = PRESENTATION_STYLE_ASSIGNMENT((#19698));
#19698 = SURFACE_STYLE_USAGE(.BOTH.,#19699);
#19699 = SURFACE_SIDE_STYLE('',(#19700));
#19700 = SURFACE_STYLE_FILL_AREA(#19701);
#19701 = FILL_AREA_STYLE('',(#19702));
#19702 = FILL_AREA_STYLE_COLOUR('',#19618);
#19703 = MECHANICAL_DESIGN_GEOMETRIC_PRESENTATION_REPRESENTATION('',(
    #19704),#6651);
#19704 = STYLED_ITEM('color',(#19705),#1005);
#19705 = PRESENTATION_STYLE_ASSIGNMENT((#19706));
#19706 = SURFACE_STYLE_USAGE(.BOTH.,#19707);
#19707 = SURFACE_SIDE_STYLE('',(#19708));
#19708 = SURFACE_STYLE_FILL_AREA(#19709);
#19709 = FILL_AREA_STYLE('',(#19710));
#19710 = FILL_AREA_STYLE_COLOUR('',#19711);
#19711 = COLOUR_RGB('',0.690000002877,0.690000002877,0.690000002877);
#19712 = MECHANICAL_DESIGN_GEOMETRIC_PRESENTATION_REPRESENTATION('',(
    #19713,#19720,#19727,#19734,#19741,#19748,#19755,#19762,#19769,
    #19776,#19783,#19791,#19798,#19805,#19812,#19819,#19826,#19833,
    #19840,#19847,#19854,#19861,#19868,#19875,#19882,#19889,#19896,
    #19903),#955);
#19713 = STYLED_ITEM('color',(#19714),#103);
#19714 = PRESENTATION_STYLE_ASSIGNMENT((#19715));
#19715 = SURFACE_STYLE_USAGE(.BOTH.,#19716);
#19716 = SURFACE_SIDE_STYLE('',(#19717));
#19717 = SURFACE_STYLE_FILL_AREA(#19718);
#19718 = FILL_AREA_STYLE('',(#19719));
#19719 = FILL_AREA_STYLE_COLOUR('',#19525);
#19720 = STYLED_ITEM('color',(#19721),#179);
#19721 = PRESENTATION_STYLE_ASSIGNMENT((#19722));
#19722 = SURFACE_STYLE_USAGE(.BOTH.,#19723);
#19723 = SURFACE_SIDE_STYLE('',(#19724));
#19724 = SURFACE_STYLE_FILL_AREA(#19725);
#19725 = FILL_AREA_STYLE('',(#19726));
#19726 = FILL_AREA_STYLE_COLOUR('',#19525);
#19727 = STYLED_ITEM('color',(#19728),#210);
#19728 = PRESENTATION_STYLE_ASSIGNMENT((#19729));
#19729 = SURFACE_STYLE_USAGE(.BOTH.,#19730);
#19730 = SURFACE_SIDE_STYLE('',(#19731));
#19731 = SURFACE_STYLE_FILL_AREA(#19732);
#19732 = FILL_AREA_STYLE('',(#19733));
#19733 = FILL_AREA_STYLE_COLOUR('',#19525);
#19734 = STYLED_ITEM('color',(#19735),#235);
#19735 = PRESENTATION_STYLE_ASSIGNMENT((#19736));
#19736 = SURFACE_STYLE_USAGE(.BOTH.,#19737);
#19737 = SURFACE_SIDE_STYLE('',(#19738));
#19738 = SURFACE_STYLE_FILL_AREA(#19739);
#19739 = FILL_AREA_STYLE('',(#19740));
#19740 = FILL_AREA_STYLE_COLOUR('',#19525);
#19741 = STYLED_ITEM('color',(#19742),#260);
#19742 = PRESENTATION_STYLE_ASSIGNMENT((#19743));
#19743 = SURFACE_STYLE_USAGE(.BOTH.,#19744);
#19744 = SURFACE_SIDE_STYLE('',(#19745));
#19745 = SURFACE_STYLE_FILL_AREA(#19746);
#19746 = FILL_AREA_STYLE('',(#19747));
#19747 = FILL_AREA_STYLE_COLOUR('',#19525);
#19748 = STYLED_ITEM('color',(#19749),#284);
#19749 = PRESENTATION_STYLE_ASSIGNMENT((#19750));
#19750 = SURFACE_STYLE_USAGE(.BOTH.,#19751);
#19751 = SURFACE_SIDE_STYLE('',(#19752));
#19752 = SURFACE_STYLE_FILL_AREA(#19753);
#19753 = FILL_AREA_STYLE('',(#19754));
#19754 = FILL_AREA_STYLE_COLOUR('',#19525);
#19755 = STYLED_ITEM('color',(#19756),#308);
#19756 = PRESENTATION_STYLE_ASSIGNMENT((#19757));
#19757 = SURFACE_STYLE_USAGE(.BOTH.,#19758);
#19758 = SURFACE_SIDE_STYLE('',(#19759));
#19759 = SURFACE_STYLE_FILL_AREA(#19760);
#19760 = FILL_AREA_STYLE('',(#19761));
#19761 = FILL_AREA_STYLE_COLOUR('',#19525);
#19762 = STYLED_ITEM('color',(#19763),#333);
#19763 = PRESENTATION_STYLE_ASSIGNMENT((#19764));
#19764 = SURFACE_STYLE_USAGE(.BOTH.,#19765);
#19765 = SURFACE_SIDE_STYLE('',(#19766));
#19766 = SURFACE_STYLE_FILL_AREA(#19767);
#19767 = FILL_AREA_STYLE('',(#19768));
#19768 = FILL_AREA_STYLE_COLOUR('',#19525);
#19769 = STYLED_ITEM('color',(#19770),#358);
#19770 = PRESENTATION_STYLE_ASSIGNMENT((#19771));
#19771 = SURFACE_STYLE_USAGE(.BOTH.,#19772);
#19772 = SURFACE_SIDE_STYLE('',(#19773));
#19773 = SURFACE_STYLE_FILL_AREA(#19774);
#19774 = FILL_AREA_STYLE('',(#19775));
#19775 = FILL_AREA_STYLE_COLOUR('',#19525);
#19776 = STYLED_ITEM('color',(#19777),#375);
#19777 = PRESENTATION_STYLE_ASSIGNMENT((#19778));
#19778 = SURFACE_STYLE_USAGE(.BOTH.,#19779);
#19779 = SURFACE_SIDE_STYLE('',(#19780));
#19780 = SURFACE_STYLE_FILL_AREA(#19781);
#19781 = FILL_AREA_STYLE('',(#19782));
#19782 = FILL_AREA_STYLE_COLOUR('',#19525);
#19783 = STYLED_ITEM('color',(#19784),#461);
#19784 = PRESENTATION_STYLE_ASSIGNMENT((#19785));
#19785 = SURFACE_STYLE_USAGE(.BOTH.,#19786);
#19786 = SURFACE_SIDE_STYLE('',(#19787));
#19787 = SURFACE_STYLE_FILL_AREA(#19788);
#19788 = FILL_AREA_STYLE('',(#19789));
#19789 = FILL_AREA_STYLE_COLOUR('',#19790);
#19790 = COLOUR_RGB('',0.379000005575,0.270000008848,0.214999999939);
#19791 = STYLED_ITEM('color',(#19792),#493);
#19792 = PRESENTATION_STYLE_ASSIGNMENT((#19793));
#19793 = SURFACE_STYLE_USAGE(.BOTH.,#19794);
#19794 = SURFACE_SIDE_STYLE('',(#19795));
#19795 = SURFACE_STYLE_FILL_AREA(#19796);
#19796 = FILL_AREA_STYLE('',(#19797));
#19797 = FILL_AREA_STYLE_COLOUR('',#19790);
#19798 = STYLED_ITEM('color',(#19799),#517);
#19799 = PRESENTATION_STYLE_ASSIGNMENT((#19800));
#19800 = SURFACE_STYLE_USAGE(.BOTH.,#19801);
#19801 = SURFACE_SIDE_STYLE('',(#19802));
#19802 = SURFACE_STYLE_FILL_AREA(#19803);
#19803 = FILL_AREA_STYLE('',(#19804));
#19804 = FILL_AREA_STYLE_COLOUR('',#19790);
#19805 = STYLED_ITEM('color',(#19806),#542);
#19806 = PRESENTATION_STYLE_ASSIGNMENT((#19807));
#19807 = SURFACE_STYLE_USAGE(.BOTH.,#19808);
#19808 = SURFACE_SIDE_STYLE('',(#19809));
#19809 = SURFACE_STYLE_FILL_AREA(#19810);
#19810 = FILL_AREA_STYLE('',(#19811));
#19811 = FILL_AREA_STYLE_COLOUR('',#19790);
#19812 = STYLED_ITEM('color',(#19813),#566);
#19813 = PRESENTATION_STYLE_ASSIGNMENT((#19814));
#19814 = SURFACE_STYLE_USAGE(.BOTH.,#19815);
#19815 = SURFACE_SIDE_STYLE('',(#19816));
#19816 = SURFACE_STYLE_FILL_AREA(#19817);
#19817 = FILL_AREA_STYLE('',(#19818));
#19818 = FILL_AREA_STYLE_COLOUR('',#19790);
#19819 = STYLED_ITEM('color',(#19820),#591);
#19820 = PRESENTATION_STYLE_ASSIGNMENT((#19821));
#19821 = SURFACE_STYLE_USAGE(.BOTH.,#19822);
#19822 = SURFACE_SIDE_STYLE('',(#19823));
#19823 = SURFACE_STYLE_FILL_AREA(#19824);
#19824 = FILL_AREA_STYLE('',(#19825));
#19825 = FILL_AREA_STYLE_COLOUR('',#19790);
#19826 = STYLED_ITEM('color',(#19827),#615);
#19827 = PRESENTATION_STYLE_ASSIGNMENT((#19828));
#19828 = SURFACE_STYLE_USAGE(.BOTH.,#19829);
#19829 = SURFACE_SIDE_STYLE('',(#19830));
#19830 = SURFACE_STYLE_FILL_AREA(#19831);
#19831 = FILL_AREA_STYLE('',(#19832));
#19832 = FILL_AREA_STYLE_COLOUR('',#19790);
#19833 = STYLED_ITEM('color',(#19834),#640);
#19834 = PRESENTATION_STYLE_ASSIGNMENT((#19835));
#19835 = SURFACE_STYLE_USAGE(.BOTH.,#19836);
#19836 = SURFACE_SIDE_STYLE('',(#19837));
#19837 = SURFACE_STYLE_FILL_AREA(#19838);
#19838 = FILL_AREA_STYLE('',(#19839));
#19839 = FILL_AREA_STYLE_COLOUR('',#19790);
#19840 = STYLED_ITEM('color',(#19841),#657);
#19841 = PRESENTATION_STYLE_ASSIGNMENT((#19842));
#19842 = SURFACE_STYLE_USAGE(.BOTH.,#19843);
#19843 = SURFACE_SIDE_STYLE('',(#19844));
#19844 = SURFACE_STYLE_FILL_AREA(#19845);
#19845 = FILL_AREA_STYLE('',(#19846));
#19846 = FILL_AREA_STYLE_COLOUR('',#19525);
#19847 = STYLED_ITEM('color',(#19848),#743);
#19848 = PRESENTATION_STYLE_ASSIGNMENT((#19849));
#19849 = SURFACE_STYLE_USAGE(.BOTH.,#19850);
#19850 = SURFACE_SIDE_STYLE('',(#19851));
#19851 = SURFACE_STYLE_FILL_AREA(#19852);
#19852 = FILL_AREA_STYLE('',(#19853));
#19853 = FILL_AREA_STYLE_COLOUR('',#19525);
#19854 = STYLED_ITEM('color',(#19855),#774);
#19855 = PRESENTATION_STYLE_ASSIGNMENT((#19856));
#19856 = SURFACE_STYLE_USAGE(.BOTH.,#19857);
#19857 = SURFACE_SIDE_STYLE('',(#19858));
#19858 = SURFACE_STYLE_FILL_AREA(#19859);
#19859 = FILL_AREA_STYLE('',(#19860));
#19860 = FILL_AREA_STYLE_COLOUR('',#19525);
#19861 = STYLED_ITEM('color',(#19862),#799);
#19862 = PRESENTATION_STYLE_ASSIGNMENT((#19863));
#19863 = SURFACE_STYLE_USAGE(.BOTH.,#19864);
#19864 = SURFACE_SIDE_STYLE('',(#19865));
#19865 = SURFACE_STYLE_FILL_AREA(#19866);
#19866 = FILL_AREA_STYLE('',(#19867));
#19867 = FILL_AREA_STYLE_COLOUR('',#19525);
#19868 = STYLED_ITEM('color',(#19869),#824);
#19869 = PRESENTATION_STYLE_ASSIGNMENT((#19870));
#19870 = SURFACE_STYLE_USAGE(.BOTH.,#19871);
#19871 = SURFACE_SIDE_STYLE('',(#19872));
#19872 = SURFACE_STYLE_FILL_AREA(#19873);
#19873 = FILL_AREA_STYLE('',(#19874));
#19874 = FILL_AREA_STYLE_COLOUR('',#19525);
#19875 = STYLED_ITEM('color',(#19876),#848);
#19876 = PRESENTATION_STYLE_ASSIGNMENT((#19877));
#19877 = SURFACE_STYLE_USAGE(.BOTH.,#19878);
#19878 = SURFACE_SIDE_STYLE('',(#19879));
#19879 = SURFACE_STYLE_FILL_AREA(#19880);
#19880 = FILL_AREA_STYLE('',(#19881));
#19881 = FILL_AREA_STYLE_COLOUR('',#19525);
#19882 = STYLED_ITEM('color',(#19883),#872);
#19883 = PRESENTATION_STYLE_ASSIGNMENT((#19884));
#19884 = SURFACE_STYLE_USAGE(.BOTH.,#19885);
#19885 = SURFACE_SIDE_STYLE('',(#19886));
#19886 = SURFACE_STYLE_FILL_AREA(#19887);
#19887 = FILL_AREA_STYLE('',(#19888));
#19888 = FILL_AREA_STYLE_COLOUR('',#19525);
#19889 = STYLED_ITEM('color',(#19890),#897);
#19890 = PRESENTATION_STYLE_ASSIGNMENT((#19891));
#19891 = SURFACE_STYLE_USAGE(.BOTH.,#19892);
#19892 = SURFACE_SIDE_STYLE('',(#19893));
#19893 = SURFACE_STYLE_FILL_AREA(#19894);
#19894 = FILL_AREA_STYLE('',(#19895));
#19895 = FILL_AREA_STYLE_COLOUR('',#19525);
#19896 = STYLED_ITEM('color',(#19897),#922);
#19897 = PRESENTATION_STYLE_ASSIGNMENT((#19898));
#19898 = SURFACE_STYLE_USAGE(.BOTH.,#19899);
#19899 = SURFACE_SIDE_STYLE('',(#19900));
#19900 = SURFACE_STYLE_FILL_AREA(#19901);
#19901 = FILL_AREA_STYLE('',(#19902));
#19902 = FILL_AREA_STYLE_COLOUR('',#19525);
#19903 = STYLED_ITEM('color',(#19904),#939);
#19904 = PRESENTATION_STYLE_ASSIGNMENT((#19905));
#19905 = SURFACE_STYLE_USAGE(.BOTH.,#19906);
#19906 = SURFACE_SIDE_STYLE('',(#19907));
#19907 = SURFACE_STYLE_FILL_AREA(#19908);
#19908 = FILL_AREA_STYLE('',(#19909));
#19909 = FILL_AREA_STYLE_COLOUR('',#19525);
#19910 = MECHANICAL_DESIGN_GEOMETRIC_PRESENTATION_REPRESENTATION('',(
    #19911,#19918,#19925,#19932,#19939,#19946,#19953,#19960,#19967,
    #19974,#19982,#19989,#19996,#20003,#20010,#20017,#20024,#20031,
    #20038,#20046,#20053,#20060,#20067,#20074,#20081,#20088,#20095,
    #20102),#10413);
#19911 = STYLED_ITEM('color',(#19912),#9561);
#19912 = PRESENTATION_STYLE_ASSIGNMENT((#19913));
#19913 = SURFACE_STYLE_USAGE(.BOTH.,#19914);
#19914 = SURFACE_SIDE_STYLE('',(#19915));
#19915 = SURFACE_STYLE_FILL_AREA(#19916);
#19916 = FILL_AREA_STYLE('',(#19917));
#19917 = FILL_AREA_STYLE_COLOUR('',#19525);
#19918 = STYLED_ITEM('color',(#19919),#9637);
#19919 = PRESENTATION_STYLE_ASSIGNMENT((#19920));
#19920 = SURFACE_STYLE_USAGE(.BOTH.,#19921);
#19921 = SURFACE_SIDE_STYLE('',(#19922));
#19922 = SURFACE_STYLE_FILL_AREA(#19923);
#19923 = FILL_AREA_STYLE('',(#19924));
#19924 = FILL_AREA_STYLE_COLOUR('',#19525);
#19925 = STYLED_ITEM('color',(#19926),#9668);
#19926 = PRESENTATION_STYLE_ASSIGNMENT((#19927));
#19927 = SURFACE_STYLE_USAGE(.BOTH.,#19928);
#19928 = SURFACE_SIDE_STYLE('',(#19929));
#19929 = SURFACE_STYLE_FILL_AREA(#19930);
#19930 = FILL_AREA_STYLE('',(#19931));
#19931 = FILL_AREA_STYLE_COLOUR('',#19525);
#19932 = STYLED_ITEM('color',(#19933),#9693);
#19933 = PRESENTATION_STYLE_ASSIGNMENT((#19934));
#19934 = SURFACE_STYLE_USAGE(.BOTH.,#19935);
#19935 = SURFACE_SIDE_STYLE('',(#19936));
#19936 = SURFACE_STYLE_FILL_AREA(#19937);
#19937 = FILL_AREA_STYLE('',(#19938));
#19938 = FILL_AREA_STYLE_COLOUR('',#19525);
#19939 = STYLED_ITEM('color',(#19940),#9717);
#19940 = PRESENTATION_STYLE_ASSIGNMENT((#19941));
#19941 = SURFACE_STYLE_USAGE(.BOTH.,#19942);
#19942 = SURFACE_SIDE_STYLE('',(#19943));
#19943 = SURFACE_STYLE_FILL_AREA(#19944);
#19944 = FILL_AREA_STYLE('',(#19945));
#19945 = FILL_AREA_STYLE_COLOUR('',#19525);
#19946 = STYLED_ITEM('color',(#19947),#9742);
#19947 = PRESENTATION_STYLE_ASSIGNMENT((#19948));
#19948 = SURFACE_STYLE_USAGE(.BOTH.,#19949);
#19949 = SURFACE_SIDE_STYLE('',(#19950));
#19950 = SURFACE_STYLE_FILL_AREA(#19951);
#19951 = FILL_AREA_STYLE('',(#19952));
#19952 = FILL_AREA_STYLE_COLOUR('',#19525);
#19953 = STYLED_ITEM('color',(#19954),#9766);
#19954 = PRESENTATION_STYLE_ASSIGNMENT((#19955));
#19955 = SURFACE_STYLE_USAGE(.BOTH.,#19956);
#19956 = SURFACE_SIDE_STYLE('',(#19957));
#19957 = SURFACE_STYLE_FILL_AREA(#19958);
#19958 = FILL_AREA_STYLE('',(#19959));
#19959 = FILL_AREA_STYLE_COLOUR('',#19525);
#19960 = STYLED_ITEM('color',(#19961),#9791);
#19961 = PRESENTATION_STYLE_ASSIGNMENT((#19962));
#19962 = SURFACE_STYLE_USAGE(.BOTH.,#19963);
#19963 = SURFACE_SIDE_STYLE('',(#19964));
#19964 = SURFACE_STYLE_FILL_AREA(#19965);
#19965 = FILL_AREA_STYLE('',(#19966));
#19966 = FILL_AREA_STYLE_COLOUR('',#19525);
#19967 = STYLED_ITEM('color',(#19968),#9815);
#19968 = PRESENTATION_STYLE_ASSIGNMENT((#19969));
#19969 = SURFACE_STYLE_USAGE(.BOTH.,#19970);
#19970 = SURFACE_SIDE_STYLE('',(#19971));
#19971 = SURFACE_STYLE_FILL_AREA(#19972);
#19972 = FILL_AREA_STYLE('',(#19973));
#19973 = FILL_AREA_STYLE_COLOUR('',#19525);
#19974 = STYLED_ITEM('color',(#19975),#9833);
#19975 = PRESENTATION_STYLE_ASSIGNMENT((#19976));
#19976 = SURFACE_STYLE_USAGE(.BOTH.,#19977);
#19977 = SURFACE_SIDE_STYLE('',(#19978));
#19978 = SURFACE_STYLE_FILL_AREA(#19979);
#19979 = FILL_AREA_STYLE('',(#19980));
#19980 = FILL_AREA_STYLE_COLOUR('',#19981);
#19981 = COLOUR_RGB('',0.859000020776,0.737999965183,0.495999988746);
#19982 = STYLED_ITEM('color',(#19983),#9919);
#19983 = PRESENTATION_STYLE_ASSIGNMENT((#19984));
#19984 = SURFACE_STYLE_USAGE(.BOTH.,#19985);
#19985 = SURFACE_SIDE_STYLE('',(#19986));
#19986 = SURFACE_STYLE_FILL_AREA(#19987);
#19987 = FILL_AREA_STYLE('',(#19988));
#19988 = FILL_AREA_STYLE_COLOUR('',#19981);
#19989 = STYLED_ITEM('color',(#19990),#9950);
#19990 = PRESENTATION_STYLE_ASSIGNMENT((#19991));
#19991 = SURFACE_STYLE_USAGE(.BOTH.,#19992);
#19992 = SURFACE_SIDE_STYLE('',(#19993));
#19993 = SURFACE_STYLE_FILL_AREA(#19994);
#19994 = FILL_AREA_STYLE('',(#19995));
#19995 = FILL_AREA_STYLE_COLOUR('',#19981);
#19996 = STYLED_ITEM('color',(#19997),#9975);
#19997 = PRESENTATION_STYLE_ASSIGNMENT((#19998));
#19998 = SURFACE_STYLE_USAGE(.BOTH.,#19999);
#19999 = SURFACE_SIDE_STYLE('',(#20000));
#20000 = SURFACE_STYLE_FILL_AREA(#20001);
#20001 = FILL_AREA_STYLE('',(#20002));
#20002 = FILL_AREA_STYLE_COLOUR('',#19981);
#20003 = STYLED_ITEM('color',(#20004),#10000);
#20004 = PRESENTATION_STYLE_ASSIGNMENT((#20005));
#20005 = SURFACE_STYLE_USAGE(.BOTH.,#20006);
#20006 = SURFACE_SIDE_STYLE('',(#20007));
#20007 = SURFACE_STYLE_FILL_AREA(#20008);
#20008 = FILL_AREA_STYLE('',(#20009));
#20009 = FILL_AREA_STYLE_COLOUR('',#19981);
#20010 = STYLED_ITEM('color',(#20011),#10024);
#20011 = PRESENTATION_STYLE_ASSIGNMENT((#20012));
#20012 = SURFACE_STYLE_USAGE(.BOTH.,#20013);
#20013 = SURFACE_SIDE_STYLE('',(#20014));
#20014 = SURFACE_STYLE_FILL_AREA(#20015);
#20015 = FILL_AREA_STYLE('',(#20016));
#20016 = FILL_AREA_STYLE_COLOUR('',#19981);
#20017 = STYLED_ITEM('color',(#20018),#10048);
#20018 = PRESENTATION_STYLE_ASSIGNMENT((#20019));
#20019 = SURFACE_STYLE_USAGE(.BOTH.,#20020);
#20020 = SURFACE_SIDE_STYLE('',(#20021));
#20021 = SURFACE_STYLE_FILL_AREA(#20022);
#20022 = FILL_AREA_STYLE('',(#20023));
#20023 = FILL_AREA_STYLE_COLOUR('',#19981);
#20024 = STYLED_ITEM('color',(#20025),#10073);
#20025 = PRESENTATION_STYLE_ASSIGNMENT((#20026));
#20026 = SURFACE_STYLE_USAGE(.BOTH.,#20027);
#20027 = SURFACE_SIDE_STYLE('',(#20028));
#20028 = SURFACE_STYLE_FILL_AREA(#20029);
#20029 = FILL_AREA_STYLE('',(#20030));
#20030 = FILL_AREA_STYLE_COLOUR('',#19981);
#20031 = STYLED_ITEM('color',(#20032),#10098);
#20032 = PRESENTATION_STYLE_ASSIGNMENT((#20033));
#20033 = SURFACE_STYLE_USAGE(.BOTH.,#20034);
#20034 = SURFACE_SIDE_STYLE('',(#20035));
#20035 = SURFACE_STYLE_FILL_AREA(#20036);
#20036 = FILL_AREA_STYLE('',(#20037));
#20037 = FILL_AREA_STYLE_COLOUR('',#19981);
#20038 = STYLED_ITEM('color',(#20039),#10115);
#20039 = PRESENTATION_STYLE_ASSIGNMENT((#20040));
#20040 = SURFACE_STYLE_USAGE(.BOTH.,#20041);
#20041 = SURFACE_SIDE_STYLE('',(#20042));
#20042 = SURFACE_STYLE_FILL_AREA(#20043);
#20043 = FILL_AREA_STYLE('',(#20044));
#20044 = FILL_AREA_STYLE_COLOUR('',#20045);
#20045 = COLOUR_RGB('',0.1599999992,0.1599999992,0.1599999992);
#20046 = STYLED_ITEM('color',(#20047),#10201);
#20047 = PRESENTATION_STYLE_ASSIGNMENT((#20048));
#20048 = SURFACE_STYLE_USAGE(.BOTH.,#20049);
#20049 = SURFACE_SIDE_STYLE('',(#20050));
#20050 = SURFACE_STYLE_FILL_AREA(#20051);
#20051 = FILL_AREA_STYLE('',(#20052));
#20052 = FILL_AREA_STYLE_COLOUR('',#20045);
#20053 = STYLED_ITEM('color',(#20054),#10232);
#20054 = PRESENTATION_STYLE_ASSIGNMENT((#20055));
#20055 = SURFACE_STYLE_USAGE(.BOTH.,#20056);
#20056 = SURFACE_SIDE_STYLE('',(#20057));
#20057 = SURFACE_STYLE_FILL_AREA(#20058);
#20058 = FILL_AREA_STYLE('',(#20059));
#20059 = FILL_AREA_STYLE_COLOUR('',#20045);
#20060 = STYLED_ITEM('color',(#20061),#10257);
#20061 = PRESENTATION_STYLE_ASSIGNMENT((#20062));
#20062 = SURFACE_STYLE_USAGE(.BOTH.,#20063);
#20063 = SURFACE_SIDE_STYLE('',(#20064));
#20064 = SURFACE_STYLE_FILL_AREA(#20065);
#20065 = FILL_AREA_STYLE('',(#20066));
#20066 = FILL_AREA_STYLE_COLOUR('',#20045);
#20067 = STYLED_ITEM('color',(#20068),#10282);
#20068 = PRESENTATION_STYLE_ASSIGNMENT((#20069));
#20069 = SURFACE_STYLE_USAGE(.BOTH.,#20070);
#20070 = SURFACE_SIDE_STYLE('',(#20071));
#20071 = SURFACE_STYLE_FILL_AREA(#20072);
#20072 = FILL_AREA_STYLE('',(#20073));
#20073 = FILL_AREA_STYLE_COLOUR('',#20045);
#20074 = STYLED_ITEM('color',(#20075),#10306);
#20075 = PRESENTATION_STYLE_ASSIGNMENT((#20076));
#20076 = SURFACE_STYLE_USAGE(.BOTH.,#20077);
#20077 = SURFACE_SIDE_STYLE('',(#20078));
#20078 = SURFACE_STYLE_FILL_AREA(#20079);
#20079 = FILL_AREA_STYLE('',(#20080));
#20080 = FILL_AREA_STYLE_COLOUR('',#20045);
#20081 = STYLED_ITEM('color',(#20082),#10330);
#20082 = PRESENTATION_STYLE_ASSIGNMENT((#20083));
#20083 = SURFACE_STYLE_USAGE(.BOTH.,#20084);
#20084 = SURFACE_SIDE_STYLE('',(#20085));
#20085 = SURFACE_STYLE_FILL_AREA(#20086);
#20086 = FILL_AREA_STYLE('',(#20087));
#20087 = FILL_AREA_STYLE_COLOUR('',#20045);
#20088 = STYLED_ITEM('color',(#20089),#10355);
#20089 = PRESENTATION_STYLE_ASSIGNMENT((#20090));
#20090 = SURFACE_STYLE_USAGE(.BOTH.,#20091);
#20091 = SURFACE_SIDE_STYLE('',(#20092));
#20092 = SURFACE_STYLE_FILL_AREA(#20093);
#20093 = FILL_AREA_STYLE('',(#20094));
#20094 = FILL_AREA_STYLE_COLOUR('',#20045);
#20095 = STYLED_ITEM('color',(#20096),#10380);
#20096 = PRESENTATION_STYLE_ASSIGNMENT((#20097));
#20097 = SURFACE_STYLE_USAGE(.BOTH.,#20098);
#20098 = SURFACE_SIDE_STYLE('',(#20099));
#20099 = SURFACE_STYLE_FILL_AREA(#20100);
#20100 = FILL_AREA_STYLE('',(#20101));
#20101 = FILL_AREA_STYLE_COLOUR('',#20045);
#20102 = STYLED_ITEM('color',(#20103),#10397);
#20103 = PRESENTATION_STYLE_ASSIGNMENT((#20104));
#20104 = SURFACE_STYLE_USAGE(.BOTH.,#20105);
#20105 = SURFACE_SIDE_STYLE('',(#20106));
#20106 = SURFACE_STYLE_FILL_AREA(#20107);
#20107 = FILL_AREA_STYLE('',(#20108));
#20108 = FILL_AREA_STYLE_COLOUR('',#20045);
#20109 = MECHANICAL_DESIGN_GEOMETRIC_PRESENTATION_REPRESENTATION('',(
    #20110,#20118,#20125,#20132,#20139,#20146,#20153,#20160,#20167,
    #20174,#20181,#20188,#20195,#20202,#20209,#20216,#20223,#20231),
  #17699);
#20110 = STYLED_ITEM('color',(#20111),#10437);
#20111 = PRESENTATION_STYLE_ASSIGNMENT((#20112));
#20112 = SURFACE_STYLE_USAGE(.BOTH.,#20113);
#20113 = SURFACE_SIDE_STYLE('',(#20114));
#20114 = SURFACE_STYLE_FILL_AREA(#20115);
#20115 = FILL_AREA_STYLE('',(#20116));
#20116 = FILL_AREA_STYLE_COLOUR('',#20117);
#20117 = COLOUR_RGB('',0.792156867455,0.819607826924,0.933333342953);
#20118 = STYLED_ITEM('color',(#20119),#10859);
#20119 = PRESENTATION_STYLE_ASSIGNMENT((#20120));
#20120 = SURFACE_STYLE_USAGE(.BOTH.,#20121);
#20121 = SURFACE_SIDE_STYLE('',(#20122));
#20122 = SURFACE_STYLE_FILL_AREA(#20123);
#20123 = FILL_AREA_STYLE('',(#20124));
#20124 = FILL_AREA_STYLE_COLOUR('',#20117);
#20125 = STYLED_ITEM('color',(#20126),#11281);
#20126 = PRESENTATION_STYLE_ASSIGNMENT((#20127));
#20127 = SURFACE_STYLE_USAGE(.BOTH.,#20128);
#20128 = SURFACE_SIDE_STYLE('',(#20129));
#20129 = SURFACE_STYLE_FILL_AREA(#20130);
#20130 = FILL_AREA_STYLE('',(#20131));
#20131 = FILL_AREA_STYLE_COLOUR('',#20117);
#20132 = STYLED_ITEM('color',(#20133),#11703);
#20133 = PRESENTATION_STYLE_ASSIGNMENT((#20134));
#20134 = SURFACE_STYLE_USAGE(.BOTH.,#20135);
#20135 = SURFACE_SIDE_STYLE('',(#20136));
#20136 = SURFACE_STYLE_FILL_AREA(#20137);
#20137 = FILL_AREA_STYLE('',(#20138));
#20138 = FILL_AREA_STYLE_COLOUR('',#20117);
#20139 = STYLED_ITEM('color',(#20140),#12125);
#20140 = PRESENTATION_STYLE_ASSIGNMENT((#20141));
#20141 = SURFACE_STYLE_USAGE(.BOTH.,#20142);
#20142 = SURFACE_SIDE_STYLE('',(#20143));
#20143 = SURFACE_STYLE_FILL_AREA(#20144);
#20144 = FILL_AREA_STYLE('',(#20145));
#20145 = FILL_AREA_STYLE_COLOUR('',#20117);
#20146 = STYLED_ITEM('color',(#20147),#12547);
#20147 = PRESENTATION_STYLE_ASSIGNMENT((#20148));
#20148 = SURFACE_STYLE_USAGE(.BOTH.,#20149);
#20149 = SURFACE_SIDE_STYLE('',(#20150));
#20150 = SURFACE_STYLE_FILL_AREA(#20151);
#20151 = FILL_AREA_STYLE('',(#20152));
#20152 = FILL_AREA_STYLE_COLOUR('',#20117);
#20153 = STYLED_ITEM('color',(#20154),#12969);
#20154 = PRESENTATION_STYLE_ASSIGNMENT((#20155));
#20155 = SURFACE_STYLE_USAGE(.BOTH.,#20156);
#20156 = SURFACE_SIDE_STYLE('',(#20157));
#20157 = SURFACE_STYLE_FILL_AREA(#20158);
#20158 = FILL_AREA_STYLE('',(#20159));
#20159 = FILL_AREA_STYLE_COLOUR('',#20117);
#20160 = STYLED_ITEM('color',(#20161),#13391);
#20161 = PRESENTATION_STYLE_ASSIGNMENT((#20162));
#20162 = SURFACE_STYLE_USAGE(.BOTH.,#20163);
#20163 = SURFACE_SIDE_STYLE('',(#20164));
#20164 = SURFACE_STYLE_FILL_AREA(#20165);
#20165 = FILL_AREA_STYLE('',(#20166));
#20166 = FILL_AREA_STYLE_COLOUR('',#20117);
#20167 = STYLED_ITEM('color',(#20168),#13813);
#20168 = PRESENTATION_STYLE_ASSIGNMENT((#20169));
#20169 = SURFACE_STYLE_USAGE(.BOTH.,#20170);
#20170 = SURFACE_SIDE_STYLE('',(#20171));
#20171 = SURFACE_STYLE_FILL_AREA(#20172);
#20172 = FILL_AREA_STYLE('',(#20173));
#20173 = FILL_AREA_STYLE_COLOUR('',#20117);
#20174 = STYLED_ITEM('color',(#20175),#14235);
#20175 = PRESENTATION_STYLE_ASSIGNMENT((#20176));
#20176 = SURFACE_STYLE_USAGE(.BOTH.,#20177);
#20177 = SURFACE_SIDE_STYLE('',(#20178));
#20178 = SURFACE_STYLE_FILL_AREA(#20179);
#20179 = FILL_AREA_STYLE('',(#20180));
#20180 = FILL_AREA_STYLE_COLOUR('',#20117);
#20181 = STYLED_ITEM('color',(#20182),#14657);
#20182 = PRESENTATION_STYLE_ASSIGNMENT((#20183));
#20183 = SURFACE_STYLE_USAGE(.BOTH.,#20184);
#20184 = SURFACE_SIDE_STYLE('',(#20185));
#20185 = SURFACE_STYLE_FILL_AREA(#20186);
#20186 = FILL_AREA_STYLE('',(#20187));
#20187 = FILL_AREA_STYLE_COLOUR('',#20117);
#20188 = STYLED_ITEM('color',(#20189),#15079);
#20189 = PRESENTATION_STYLE_ASSIGNMENT((#20190));
#20190 = SURFACE_STYLE_USAGE(.BOTH.,#20191);
#20191 = SURFACE_SIDE_STYLE('',(#20192));
#20192 = SURFACE_STYLE_FILL_AREA(#20193);
#20193 = FILL_AREA_STYLE('',(#20194));
#20194 = FILL_AREA_STYLE_COLOUR('',#20117);
#20195 = STYLED_ITEM('color',(#20196),#15501);
#20196 = PRESENTATION_STYLE_ASSIGNMENT((#20197));
#20197 = SURFACE_STYLE_USAGE(.BOTH.,#20198);
#20198 = SURFACE_SIDE_STYLE('',(#20199));
#20199 = SURFACE_STYLE_FILL_AREA(#20200);
#20200 = FILL_AREA_STYLE('',(#20201));
#20201 = FILL_AREA_STYLE_COLOUR('',#20117);
#20202 = STYLED_ITEM('color',(#20203),#15923);
#20203 = PRESENTATION_STYLE_ASSIGNMENT((#20204));
#20204 = SURFACE_STYLE_USAGE(.BOTH.,#20205);
#20205 = SURFACE_SIDE_STYLE('',(#20206));
#20206 = SURFACE_STYLE_FILL_AREA(#20207);
#20207 = FILL_AREA_STYLE('',(#20208));
#20208 = FILL_AREA_STYLE_COLOUR('',#20117);
#20209 = STYLED_ITEM('color',(#20210),#16345);
#20210 = PRESENTATION_STYLE_ASSIGNMENT((#20211));
#20211 = SURFACE_STYLE_USAGE(.BOTH.,#20212);
#20212 = SURFACE_SIDE_STYLE('',(#20213));
#20213 = SURFACE_STYLE_FILL_AREA(#20214);
#20214 = FILL_AREA_STYLE('',(#20215));
#20215 = FILL_AREA_STYLE_COLOUR('',#20117);
#20216 = STYLED_ITEM('color',(#20217),#16767);
#20217 = PRESENTATION_STYLE_ASSIGNMENT((#20218));
#20218 = SURFACE_STYLE_USAGE(.BOTH.,#20219);
#20219 = SURFACE_SIDE_STYLE('',(#20220));
#20220 = SURFACE_STYLE_FILL_AREA(#20221);
#20221 = FILL_AREA_STYLE('',(#20222));
#20222 = FILL_AREA_STYLE_COLOUR('',#20117);
#20223 = STYLED_ITEM('color',(#20224),#17189);
#20224 = PRESENTATION_STYLE_ASSIGNMENT((#20225));
#20225 = SURFACE_STYLE_USAGE(.BOTH.,#20226);
#20226 = SURFACE_SIDE_STYLE('',(#20227));
#20227 = SURFACE_STYLE_FILL_AREA(#20228);
#20228 = FILL_AREA_STYLE('',(#20229));
#20229 = FILL_AREA_STYLE_COLOUR('',#20230);
#20230 = COLOUR_RGB('',0.250980388104,0.250980388104,0.250980388104);
#20231 = STYLED_ITEM('color',(#20232),#17611);
#20232 = PRESENTATION_STYLE_ASSIGNMENT((#20233));
#20233 = SURFACE_STYLE_USAGE(.BOTH.,#20234);
#20234 = SURFACE_SIDE_STYLE('',(#20235));
#20235 = SURFACE_STYLE_FILL_AREA(#20236);
#20236 = FILL_AREA_STYLE('',(#20237));
#20237 = FILL_AREA_STYLE_COLOUR('',#19516);
ENDSEC;
END-ISO-10303-21;
